{"KONL05sae4E": "2", "VZ9lXgcYL50": "5", "Pzl86IjTpHI": "5", "XutXCTwwmYc": "2", "h6CcxJQq1x8": "5", "w22oOw3RIAk": "2", "XkgGZobFUq0": "2", "1KkVdbUr250": "5", "D-Q5mUes_8k": "2", "bqmzpwxDJ9s": "3", "mcP_f1UEQVo": "5", "-nYhixp7bXI": "5", "xtJqw--DGl8": "5", "qhbliUq0_r4": "5", "EIUSkKTUftU": "1", "QEDRDrV55q8": "1", "5AP5zQrJRIg": "3", "DlB4hFTAxOo": "3", "PsH4uuRT2w8": "4", "sPneQzqhh4g": "5", "G2wBnjtmmg8": "2", "TL4LEfRr1TI": "3", "QNh18bRw_0k": "5", "MX145Tu4MHY": "5", "i6O98o2FRHw": "4", "9IZ4CN-CTCM": "1", "5AuLkMBAFZg": "5", "-rMrkyMn-sY": "5", "iZIHSn1ILxs": "5", "w4kHmbZTvyI": "2", "e8iwjnN8j3A": "3", "-S0Azz85mlA": "3", "gm_n76Dsl0c": "5", "BhHONpmlxPc": "5", "g7xSwrdkOMM": "4", "dNjIpip6e3A": "3", "B-XHdkCsc5U": "1", "-wXjs6DXoeY": "5", "QXAYIYdvnys": "4", "hFYCjZvv8y4": "5", "7GKuZu9xkj0": "5", "r3idOGxm3FA": "5", "n1ClxdeiIUg": "1", "lfABnAS5i9Q": "5", "X6pyDwa3nGw": "3", "rBey5TrvoDw": "3", "mulAi7cno2Y": "2", "1jP4O7rEHQ8": "3", "-iKqr230U9M": "5", "wTfBWIJ8xQo": "5", "0tteHhYh9rU": "5", "z01w7kSkDbg": "3", "baicgyq5UQo": "3", "3zQ1lFaQBVc": "4", "P9LHzVEPodg": "5", "7jXUWe3MV_c": "5", "-u8ejR98KRE": "4", "xeo9mVnuuWo": "3", "LL0s6qOIGr8": "4", "-XidtaAetyQ": "3", "hy2rGDWgOu8": "5", "8zOgbkg6Akw": "5", "_wZSB0b9OCA": "4", "AEMK1O0BDqA": "3", "biEjueDCnqM": "3", "mh6vHoyBs58": "5", "ghex3MkcoJw": "3", "dUig9IAwggM": "5", "c6PPa6sg20E": "4", "HtYOm59fys8": "3", "2Zr7lY4WsFA": "5", "7nr-irGW9bw": "5", "xK9KHSYmDRQ": "5", "7oHsDGnZTcw": "4", "UU0SP91D9Js": "5", "DXvW6i1U_uc": "3", "1WlRcXIO5ik": "5", "onPZIVemXKQ": "3", "Bdegk_3T2K0": "3", "Pc5gHm8Po20": "4", "0A43tb18T8Y": "3", "VRrMu7B1L2I": "5", "d4rxwT7TwXg": "3", "QrnoERrXXAQ": "5", "NjFnoU0IJrE": "5", "Jtakqt3Jygk": "3", "-T7zyezBkuY": "5", "4jpmWTqKeW0": "5", "tr3dFSzh1yU": "3", "e01a4-ClcTs": "3", "VX5au0LOJp8": "3", "MsmxhpjYa5o": "3", "5ecTR_nQzkg": "3", "Gz-sC-vSIXk": "1", "ObdSno1uoQs": "4", "E4_ygnUilm4": "3", "7ks-zhWCA_Q": "1", "kfrZnIx2VFE": "3", "287EUNf3yAk": "3", "GqnjzONrPiA": "4", "kTaCT8ZmdJA": "5", "bbEy98llGRU": "2", "YF5O6tHcxQU": "3", "jcH8WPds_qU": "3", "r5vgDdzJ_So": "3", "JuHMQ0QpH44": "3", "J3POpdFlxWE": "5", "zwY6acYYO3o": "2", "nazd-KgCjVI": "3", "V8YkHR9sOoA": "3", "7t2mi19DcmE": "4", "gm1uNgHw6Xo": "5", "PGkHLhnHEb0": "5", "xqbxlE1c3DY": "4", "_E3VBQa-nAU": "3", "PIi_RQU3skw": "3", "BRKbcWGkw1I": "5", "1ZnlWOojI3M": "3", "YRRBs71p7II": "3", "pnyo92tqh3g": "3", "UYTrnuXHces": "2", "RzFMm6I--zc": "3", "lrMD_z_FnNk": "5", "JOOfRE4m7PE": "5", "5doFzYPjl2U": "5", "6AR0xq6g5Uo": "3", "pXI340MQ2-o": "1", "X5vjQQXauD0": "5", "2v7lsnPvgtI": "4", "tjgtLSHhTPg": "5", "6IweE9qcQZ4": "4", "L4mP9pR-mzU": "3", "xhH2r3mKFeI": "5", "tLzfc7Ba12k": "3", "ub_a2t0ZfTs": "5", "Hqhn3eiNTr0": "3", "Bf_z_7B4Ifw": "5", "kUJjvwkcWcg": "5", "jqDrvC3E9kw": "3", "5Xwg7tQjXsk": "3", "q-dGW2ataZ8": "3", "wi-SZOU1S-s": "3", "0gjRzLqXijQ": "4", "D4pZN0wNuCI": "3", "Bp4tUXc5wZo": "3", "g0qawngQi6Q": "3", "6YEoYGArMas": "4", "-HWd3Nqu8_0": "3", "uHsLu6X1vys": "3", "ptbJZ9HBw2k": "5", "KKbRAazkiWc": "5", "qU5SVyxmW-k": "4", "iNDaTA3u6-g": "5", "Bp1KfEGUzZo": "4", "F-n-2itvI6M": "5", "BjWVEQGcjsU": "5", "5u95Zc7AbDM": "3", "jlLJR4xj9p0": "3", "9grrfloJCgc": "3", "3T_xq0U5D5Y": "4", "qbBLDBohgrY": "4", "gugjMmXQrDo": "5", "6GNGfse9ZK8": "5", "pLWpyBVx-Go": "3", "3KHSWaEamQc": "3", "kpjbhe5HJaE": "2", "iZW04_BdyG8": "3", "ILQq5hQhHYY": "5", "RpnCkBZVI6o": "5", "6h3G-lMZxjo": "3", "sch_WMjd6go": "4", "vLQGXHy5m6Y": "5", "eLhLqDUwPok": "3", "LwabxgoSGZY": "5", "9xGRii6IA1M": "5", "zkd5dJIVjgM": "4", "o3zD6HbcblA": "3", "ulECncwlNMQ": "3", "9Mj3mvkIyg8": "3", "7Ac2cZPOD00": "5", "PaXPMCoC6zA": "5", "vh_EwI8pjQU": "3", "hro4AdTYiTA": "2", "797j7LY1eb4": "5", "uS4e1_gW6Es": "1", "__uCQMKry3w": "2", "xM0rsYbAO_k": "5", "F7viKAPDmT0": "3", "kOSsIIxQ_dE": "5", "pkRfPx--R44": "3", "oRdpoJFPQjI": "2", "QN_UqvcynYw": "3", "EQtwo0xPvK4": "5", "KCmOB2L_djk": "4", "tojTf7I5H14": "3", "Gu6vmNz-PhE": "4", "MkpUGyWQlV0": "5", "D9_WzE28IwE": "2", "8IkS1oXvhVM": "5", "EZ5MxR80uYw": "3", "f_SwD7RveNE": "5", "VJwFUNHtCJQ": "5", "487-TyrRkfE": "1", "TCFnaU88FZM": "3", "bXL8QPWLbBo": "5", "B7g63DAr_i0": "1", "f1PNQwHZuJc": "3", "d2QNuDUTocE": "5", "QDCwAJ87CKU": "3", "VWPlZSL9ZMc": "4", "OWOBAD4OKwA": "3", "HxznTayRCYQ": "4", "t5UjmHOl4pU": "4", "25x_OMYCYSg": "5", "qO2AXQXyb-E": "3", "4naT8ckkj5Y": "3", "y7ROJjWS2L0": "3", "oRValgHDvxE": "5", "BJDPKBNuqzE": "5", "MBpIkIyxdJ8": "2", "b-CJNGx_Q0A": "3", "wFl4N4PXlkU": "5", "G1kkx2m-JSg": "5", "tO0L-7lkhPM": "3", "qQYe6KGAJ5E": "4", "gqkNPcUMffU": "2", "obdd31Q9PqA": "5", "2nwRiuh1Cug": "5", "D_Uhig7L22c": "5", "9PrskhcKEXs": "3", "4oVEQgP0MZc": "5", "ZzdpNfkh8_0": "3", "gJHxTUHrgdw": "3", "UzPq0hDdDhs": "3", "453ei_1PbPE": "4", "rm6d2oy8GRk": "4", "geMg2QxNml8": "3", "DWUE-aWnL8Y": "1", "pOEAvEklvNA": "5", "TYWMe7cTsRs": "4", "ZOJCmPKaYN8": "4", "ZVrXyDjHaWI": "4", "g6QJybQBjyM": "5", "Cq96VAnp7r8": "1", "yfp2Bg6iUdY": "5", "LVrQmgihkQI": "1", "pLKxTSqCVUo": "3", "aKtMe8nFFq8": "3", "LkD1bNmp0ew": "1", "CJERLygAda0": "4", "0B79RkBxSgU": "5", "TsQXQGaasUg": "5", "YbKLOybMb30": "5", "2T-AxWMZBfU": "3", "esLy0y01fAc": "3", "yR0lWICH3rY": "5", "lLblbGzXQGY": "3", "YR5YJ3qzIx4": "5", "gYQbQmtA6IU": "3", "sm9uHf9sm6c": "3", "i02LUMkc268": "3", "EJtZiGb5nEU": "5", "_u0WOqjJTcg": "4", "oIFlHYXjcIU": "3", "2jaOd1v1B0Q": "5", "J-QipXhQM5M": "5", "7Cqz-S8Phv8": "5", "hm0BD1pP4gc": "4", "oLLbt0jyqDA": "5", "BntPVmeo7ro": "5", "Q4rR0BbTBPk": "2", "0QkZL3l1t-w": "1", "7XZKEK92JT4": "3", "I0dq4sTLcIc": "1", "SP8E6ouSiC0": "4", "81ymFnvpfDc": "3", "i9vXSX4htCk": "3", "YrtMUonPErU": "4", "j7OHG7tHrNM": "4", "kZV01QAcl20": "3", "INyo5ctzmGo": "3", "bfs8hVNvVik": "5", "KxmtYdEWVzo": "5", "nzHihXOiNqk": "3", "h6Hq_MOFJDA": "2", "Vjn2JKrlkcU": "5", "uwDDvP8Yssc": "1", "WZElUMthBPI": "3", "ZyGL6B7OH5A": "3", "XV-1XpGxhgo": "3", "XeK3VLmwatU": "1", "PySuLH7NAQg": "1", "zmI_uwjTuY0": "5", "EY4c2mh15Yk": "5", "2G0loI0Jn5M": "5", "56D1U2G_ueg": "5", "Yqz3eT_fzVY": "3", "RNBfP7ynZOo": "3", "qa3edsMzHkA": "5", "i8vDt5GUb-8": "5", "n_ERe9-EDSM": "3", "LS9Qt8pRSr0": "3", "gt0QF8-dTNw": "5", "5UzfYJ-mkzc": "4", "ngUrBm4G1aM": "5", "CceSRMmhv3w": "3", "Q285dYl2mZI": "3", "SpSMGxnpCmo": "5", "USggQ0Zv4yw": "4", "lDypBPyWiak": "2", "SJT2o0W9I00": "3", "3CJ-7R2g3NE": "4", "Muc87KlFb7I": "3", "wtaXjzQQGE8": "5", "xhVCOdS9mXo": "3", "I_WGI3y2jqM": "3", "5gKjLV2wKmg": "4", "QRmPD2nMnBc": "3", "XhoGR8emqE8": "3", "T36fK0A8ByI": "3", "othEK43gJHQ": "3", "brnHS-lmvyU": "1", "B9Tx6olI3l8": "4", "F6CGI3XkAiQ": "4", "hsvAj6qfmFQ": "5", "SsL9v1vuzAI": "3", "5o9Dp6D91fI": "5", "yl98-LC3fsU": "5", "znGQlB_e9KA": "2", "6L92MuJTJOk": "1", "em040d_x7xI": "1", "A5Rnnwk9jOA": "4", "BqS_gtuGPGQ": "2", "oYjwXjwvAv0": "5", "-aR3Gpsn4v4": "5", "V_DT-mg_3IA": "3", "NQFhPsQ_81U": "3", "Vf2rlIqGlqM": "5", "5R8euGTHBR8": "3", "bWKgzgGNi0E": "5", "VcSBO8YAnTQ": "5", "Z9Sw1hmjpz4": "3", "sLys8115YGo": "5", "Ta-fub2dbhI": "4", "zk5HsBQYUZw": "5", "NIB5fvxbWjg": "5", "pDISaoGsZZA": "3", "ViorVDgiiOg": "5", "0CXqEHMgiFg": "4", "F_-gmK5qRrY": "5", "xkt8L0NtSjA": "1", "y9LajlJjd4E": "5", "0gYBy1rECII": "2", "KbmJLVrFvuc": "3", "75F3CSZcCFs": "5", "Y7Q4uJ80fAY": "3", "fRtPDHtlf_A": "5", "E__fCHZkjKg": "5", "jA4DR4vEgrs": "5", "CPYUo0awFOc": "4", "YjzesjojNhA": "4", "5ukZqmjvAFA": "5", "kLOujBv-ZAI": "3", "p7pINSytVSc": "2", "A2VOu1UQeMM": "5", "GfUhExdNjK8": "3", "UIOdk3AhVA0": "4", "CupTwyj3JrI": "5", "C7WeZbRbxwg": "2", "bQ3nBSTpq4M": "3", "NpwdcmjBgNA": "5", "cXw2gm4yPEE": "3", "dJaLU0w5Do4": "5", "NcGhLcVqxf0": "3", "S3QH-ZriX7E": "1", "KyiV12WdJew": "5", "uba1Np4qhOo": "3", "IZrrEBD-KjY": "4", "Ao2PTDCiRxU": "5", "9gY0FB9qZJg": "3", "QCsd_reCiSI": "3", "rKUNJMrFeUs": "5", "xIJORBRpOPM": "3", "sxlyWieYZsE": "5", "bBLd07rz5mU": "2", "E3Onos4Eq3Y": "3", "LPa_NGIIn0c": "5", "HKV0QuQsonk": "4", "dytCWrf92zc": "5", "lvBCvA1LE8o": "1", "udJtfSkRgbA": "3", "Nr-44GQ4_kA": "5", "eArp24v04tI": "5", "5lAf59TrJ4I": "4", "XxQyVD2dJYs": "3", "1Hi0skAwlHM": "3", "WNGSN_wDYw8": "4", "D1leFabPbPw": "5", "XaPXUR0rz_A": "5", "ryaUGJ9Oljg": "4", "90fRlMQTdSs": "3", "lRexthrDNi4": "2", "ApnyKv1GuNI": "4", "e4SQT8epHOc": "5", "47cAxRX3aDg": "4", "vONYT-5OVps": "3", "mqqFdXMySk4": "3", "lW_9SYaWAQg": "4", "hz8ul-gmLyA": "3", "7N9HoLhZGsU": "5", "_GBSwxyPuaE": "5", "OlAObmM8I2s": "1", "m97UWd2QuAI": "4", "4_IbqebS7hQ": "2", "n9tSN0178Us": "3", "8Ozc-h-29M0": "5", "_nufc37CHso": "5", "55BZ2gSsSmY": "3", "36CSS3UIzxk": "3", "1vtcf13zT08": "3", "z2vkIFMr2IE": "3", "a0BAU5rUQ-U": "5", "dUwUAWmA3rk": "4", "vfDXlgmKFyU": "5", "lk2B8988ws0": "2", "-U3LjDN8ErI": "3", "S71Jmw8FXm8": "5", "ThIrw_LpuRA": "3", "mJ-6clXHMEw": "3", "SILvPVVAhBo": "3", "DZRmcKX85so": "5", "QxafIhYFOr0": "5", "DJLDF6qZUX0": "5", "uVsTeLs4Tdo": "3", "lqmrQ6xPpHg": "5", "yfFs0o6pCxc": "5", "A0rP5UI0w24": "3", "FnJ645xph3o": "5", "WFNXwor69-U": "5", "AHEqtl6XtOc": "5", "AnUIod4tX98": "5", "TiWbtpX4jsI": "3", "woBi975eQs4": "3", "CXPgCq-EMk8": "5", "yjppalDAvOM": "5", "ZbUs0jeQATk": "3", "lVQsqs7xCb8": "3", "3pNGO5ppfQ8": "3", "QalnisJfHEw": "5", "b5HLsvwLPpQ": "3", "zl71eFcqBnQ": "4", "sjBPrJJ6qtU": "4", "njY94weLbJ8": "3", "_LmxXeKzbT8": "1", "N6h1SMjQEog": "5", "8luSJxVswFw": "3", "qsueDj8nOM8": "3", "8VdG8eCxors": "3", "MTtCV_XSMi0": "3", "jZyzxpKY3EQ": "3", "0K8lrVjT6fM": "1", "9zFNmTwdjhc": "2", "Go9rf9GmYpM": "3", "BeougwoxuMg": "3", "xl3uLkAT_C8": "3", "lSYMX6PmT34": "1", "Ml54UuAoLSo": "5", "w0YjO1zVHgY": "3", "F0yNIR6IrCg": "5", "U5NMrprbsvY": "3", "7MJu_aWn1nI": "5", "onkxJLj0G7g": "2", "gerq4GpHpKw": "5", "7kxXVnAtnOQ": "5", "Xh9jAD1ofm4": "5", "J64QS4tE6ic": "5", "din6kkS5tgQ": "3", "rCzpKNwZAYo": "1", "40qofTTQJDU": "1", "J5MehrJECnA": "2", "tqYVWN0AUuo": "1", "pc9gcKjvzkE": "5", "xYA7AnVwejo": "5", "M5WhyVCEDN4": "3", "i2MhRCYkgbI": "5", "pg3zKfI-wqw": "3", "SaeJUCVEp2s": "5", "sNWrEsHw1tI": "4", "8-p0CxW87pg": "1", "c7nRTF2SowQ": "5", "82n1PX1hVEY": "5", "jPoM2o9kIBM": "3", "4u_Ed0Bh-s0": "3", "064ipuBiWDg": "5", "-gMjPezr8TY": "5", "_WJThbomts0": "5", "AtUBeFiWi8Q": "4", "4hnBp7x2QAE": "5", "BVWXKziczM8": "5", "fncOu6dp1IY": "5", "rHCLxSNz3P0": "3", "IOqTCaziZp0": "1", "8tEsxbCl21E": "3", "x09iroEd63Y": "5", "bE1EwcPQF8Q": "3", "SGxKhUuZ0Rc": "2", "jB_ZCX971aU": "3", "o3PI6HFK3Hk": "3", "rII8wTV7uy4": "4", "pM2OK_JaJ9I": "5", "snEIjWR4lQw": "5", "wcAXkD9DjD8": "5", "OAlyHUWjNjE": "5", "Sjl5_vDfiuM": "2", "b3Z5pAZe0E8": "5", "YKjnuR1ILfY": "3", "jMqcA3wiKG0": "5", "h95-IL3C-Z8": "5", "YfkNEq1XioE": "4", "TusJ8HSLaUs": "5", "tudsOEsUYWU": "3", "vUF7ja9ehIs": "3", "3dnW8QJxHD0": "3", "xQd8KL87XqE": "3", "PcFtcoo0ic4": "5", "Ocd4NfC7Ltc": "5", "isPm79xTzM4": "5", "MNVqXKj-TrM": "3", "g4qWbtSCxtc": "5", "abLB7aTmnE4": "5", "5Oag8iBB7HE": "3", "u5kiz7GhJt0": "5", "1KPPtmE079M": "5", "DkcuzQRpVuE": "4", "PduXAn1cg1g": "3", "cCqaWIvJCpk": "1", "F0ZSXQCXX1A": "5", "hieKgQNQpMA": "5", "BwuzfOeYpBA": "3", "uLJhZEix5MY": "5", "rx4jEIZyTZU": "1", "wbtlv2cImxM": "5", "lCOcjWG6Ykc": "1", "JSd8CqBEbcY": "5", "JgaGXv1XnrA": "3", "vH2LsFcWOFY": "3", "ZUG9qYTJMsI": "4", "SzRUsI6Q25E": "5", "YLorRByRe0Q": "3", "iHwdQdwc_Tk": "5", "glPUjj0HIvw": "3", "10okyjMjlH8": "5", "aw0OZ7wZm6U": "5", "1Dp0aCWbQSE": "3", "uINFVM7TTdY": "2", "yA8b6286wMY": "5", "fi7G0RgqcxQ": "3", "M0LfLk9lLEg": "3", "kBX9-WUsMAg": "2", "_gXnfGIc1Tk": "5", "Vot3KDw2z3o": "5", "K44k9GTx6nc": "5", "Zpk2uauRdA8": "1", "1t1dgE25wEU": "3", "TeUcij3L9No": "3", "_WXDXoy9wrM": "3", "dgFsMuuX-NQ": "1", "O-9xmen--6k": "4", "WLU75lftzc8": "1", "GOhbZZy02lQ": "3", "bsdxZOsqG6U": "4", "gcbLmoYWMiU": "5", "yIkwq8keNBI": "3", "dmnR0XncYAU": "3", "fLCEd8xk1BE": "5", "g6vKa8Be3s8": "5", "2vWY-da-6wo": "3", "-2l-FdatcTI": "5", "HmZm8vNHBSU": "5", "U219eUIZ7Qo": "5", "9gspElv1yvc": "5", "2q_nYfSX8go": "3", "ML160wA9mME": "1", "WfTJL_h0XfY": "4", "WxG7LgQ2Sig": "3", "3_1LKqsFguE": "2", "aI20RX5j76w": "3", "_JQxLrPj1I4": "3", "dBVeiyPVWrU": "5", "v-S3iSqKs64": "5", "gQPN3UKQM-U": "2", "SXy6JElmgHU": "5", "j-QYIP7o2-A": "5", "wYj5o4kQsXs": "4", "yQxTNjQe0Xs": "5", "Rjbxuv62C7I": "4", "yRmiC-Y-b6g": "3", "vsrjiL1gV6I": "5", "xgO-u83Os_I": "5", "QweNsLesMrM": "5", "yICX_ZQ86Mw": "5", "Yu08_9FtfuE": "3", "GRKQJQIcn5o": "3", "2evNRe8LF_o": "3", "In5fvjwUi9k": "5", "V_gGAPOZbFA": "4", "JhmEARapxK4": "3", "IT_MbDpfOBE": "3", "c19HRM0x-lA": "5", "cvjQ_AduY0A": "3", "v7Q1giJOpxA": "1", "29GrCUTdu3A": "2", "VOv1IQCoBnQ": "3", "uwl_MuFbCXI": "1", "LHNvoqxPHKI": "2", "cDzYgqkQ_lE": "1", "VPlxNhEc2lA": "4", "FHDKHKixKdY": "5", "mGs4CjeJiJQ": "5", "o_QWuyX8U18": "5", "BDj1fYlwR00": "4", "a3NQ7CA-8JY": "3", "68O0z6lssfE": "1", "HmRQvoMCfH4": "5", "2ULiauoHeeI": "5", "KmmGClZb8Mg": "3", "GdZxbmEHW7M": "5", "E_9N4hLL1lg": "1", "qRJl22anZkM": "5", "5hBqqxYcDN8": "5", "9woMDyfevso": "3", "bJZAvOefJiI": "5", "QDSL80ie8tc": "5", "FsofrMY5kbo": "5", "6ck7frxs-Uc": "5", "kfzqUsGMHE0": "5", "ZvEPYH7GRUM": "3", "oo5zwV6_yVs": "5", "HAIz-I58btE": "3", "xFnB0uK7PcQ": "3", "DLGac1KQbsU": "1", "JzaYcTPLWbE": "3", "v8DWf-rSHn0": "2", "B1Vcbm-XWtg": "3", "8EuTbKjanvQ": "5", "DV6X7POhdoo": "1", "u6Rhcv0APng": "3", "tSjkuMtiI28": "3", "H2EIsnr_cv4": "2", "2VgiVK_hOhM": "2", "ng8LHbaEsj8": "3", "rfTDkbIfMvA": "2", "06WUc7y8vak": "3", "E28I5oK9OHE": "3", "_KimnwIfhXc": "3", "uxieMOdo6IU": "5", "wY7Gvq0P4hc": "5", "5qUJhkQQaGE": "4", "FivFaqZrr4A": "5", "qrXvICGm-58": "3", "lvNmIZqU52g": "4", "7Bbasf7qWxo": "4", "ALD72k9ZuJk": "3", "igqR7Pcxfmk": "4", "YC6YRjD3080": "3", "XkaWyrm8EQg": "3", "krhB_An8fT4": "5", "y5ejwRj9t1Q": "5", "uY3tZNrIstA": "3", "HAZ-wyCu8uE": "2", "Fr6FklMc6B0": "3", "5zjTJ4YPfDw": "5", "UWTDQ3nOT2c": "1", "80S3N-QnpZk": "1", "LjBIJGMum9A": "3", "qw6_5t8XfSk": "5", "cZTD62e566U": "5", "UKDWPYO0slE": "5", "nusZoYBbibo": "5", "Nfh92hKLO6c": "5", "NJEKqI1e714": "5", "IRsUvDENjcY": "4", "lYKgRdBJ-vw": "1", "OL946vRUDJg": "3", "2vWIqW7Tnts": "1", "YVRVAZb4iHs": "2", "YoYF_RAm0nQ": "3", "w2DZN3NWefA": "2", "PIqEyF_t_QE": "4", "bEiXvISNID4": "3", "5DCow4J-pDE": "5", "Hs3Y5jQkuAk": "5", "uniqmkPeaZ4": "5", "kqinSvgeJQI": "5", "X96RjH8WC5o": "5", "TElqNU5ytVo": "3", "qRvAXsaHNkY": "3", "73wV6KlGm-A": "4", "l10LhdDwTZc": "3", "t_HrcY8AWhg": "3", "tDmBIYAVsos": "5", "ZMoO5eLmDBA": "2", "MHyRirkiazU": "4", "Nkk7SYkUbLQ": "3", "NWxwgL9_IdQ": "3", "2qS1ZSqwIgM": "5", "5hteeecX1oQ": "3", "uuZ1n7Kk0qM": "4", "17j5QzF3kqE": "5", "Svg-DvNARKE": "3", "o3AWcdWVqgk": "1", "_9rL1pPXblQ": "5", "ttw4abodSJE": "3", "l7HqwAleUQg": "5", "FVuNTiqHys0": "5", "_F0XLsyU1rY": "2", "WjBuFH4NPno": "3", "ijtjoFaORy0": "3", "HHPzxa6znPU": "5", "K783SDTBKmg": "5", "OmrA8nOZF2Q": "3", "YWnUmpQhiOw": "3", "1XLyCDsKhGo": "1", "FVsgso273EE": "5", "88KNf0MtU14": "3", "ITyeI3YyYw8": "5", "39RQH0mpsVQ": "5", "aNN9nL2vppM": "3", "9kc6UYdC5nY": "3", "vukxkPTuVNI": "5", "psgJqcvkTuE": "3", "hNqwBTCslMw": "2", "O4OJoXKWTBk": "3", "TW9eDrgM3Xw": "3", "oh8-PifcIUQ": "5", "pQpQuGV_gMA": "5", "oVDf3PvWN04": "3", "yX-TZe8SeYk": "2", "V7g4e5m5aRc": "1", "6uhCxBk6cQE": "5", "d4m2LDCuADg": "3", "HpoEk8nlUyA": "3", "U7d1GJf2QJI": "3", "B0YOlACRlJM": "5", "19EW551nCS4": "5", "WLL67CN2hnw": "5", "jgC8y0ksrRg": "5", "GgiDBuBxl6w": "5", "yKY2O4KFmMU": "4", "HOYnOeo42ko": "3", "qqpcBpSsj1A": "5", "ZJMGS7l0wT8": "3", "6PKAv5OPf40": "5", "xQkcQF8G-GM": "4", "pEoZbXB78NI": "5", "zMIKBDwUcrQ": "3", "LJP1DphOWPs": "4", "Du1dnKppn-s": "3", "SlR_fwcU3MU": "3", "glzTAb58u2M": "5", "QHOaJSXr9HI": "5", "j_YJysHv3OM": "3", "2Md5lPyuvsk": "5", "X7ifDf6chNw": "3", "UNiGSf2Sy30": "5", "AR-Iz1fts5M": "3", "nOsdS5irjAo": "4", "0G7g9lw20l4": "3", "-F6tUN2j0Iw": "5", "EOyQfd7OqIY": "5", "QKXo9r6Kb5U": "2", "3mmu60CNl0Y": "3", "st7eMfykiVE": "5", "IvNkGm8mxiM": "5", "CTo5DfBtWkY": "4", "POGBdDSVybk": "3", "fwcYbo7pjto": "5", "7UjqLfjsfMk": "5", "Q3v-N8o3lc0": "3", "pvVNY2YC5zI": "4", "bGFyHV2vbwE": "5", "ASsZ-u9YV3c": "5", "eikcKu89fDs": "5", "rqp6S6qgVg8": "3", "tE9U4mMqKP4": "3", "z9Cym8YHP94": "2", "CNoivLvheUA": "3", "DG6fhub9HDQ": "3", "9qHdPhkSSNQ": "5", "62Pitv-cm3s": "3", "tqn06X3AuFk": "5", "785YQKmgiTo": "5", "xtz2mdX0aEE": "3", "IdblOCGGeHM": "3", "7WbKzWdhx1o": "3", "ZDuxWGHA-Z4": "5", "p18n5FONuNI": "2", "5fq9iIxxA1s": "5", "lPDOh5ZifyM": "3", "IuUyMMXix8M": "1", "x5vtRQZmnwE": "3", "HHzchaDJJ70": "3", "0AgezPhuOdI": "2", "QuZ0kzdNWGo": "5", "NhsEmtSd8Mc": "5", "4ruCsnRmP4A": "3", "C0wsUlzMBro": "3", "DsjRBYJTGtw": "3", "R7JBDzuHVb4": "4", "Y3qYT60DSKQ": "3", "wZMZdQzoQgo": "1", "yYciCBZXg70": "3", "t9qdpPeqQfQ": "3", "78lnkMgee5k": "5", "d0uJxHWaq0k": "3", "nyOfJTi0jFw": "5", "qi6n_-wB154": "3", "14c5YOc0ZcU": "2", "uVzhtuuy0b8": "3", "bSyh4oPLXpU": "4", "43_vQdp2k_o": "5", "Qp6-A-t0LVM": "3", "O7jAhwbUfNE": "5", "yx5ZKZY8jX0": "1", "1shK-j_u6LI": "3", "r6GQEtUREWY": "3", "G9wSAb_EbkA": "3", "Unp24R9UdZE": "3", "_8enIDEKrzA": "3", "aNCk9O7FLwk": "3", "XvcdllFeFBY": "5", "bjBbFn6celE": "1", "SPCR1GBnSy8": "5", "yj9iEcOQDeo": "5", "OJVwWi9s4z4": "5", "cFPEoqZtbCY": "3", "kM-mQ1aTfs0": "3", "zN1id2dmH3o": "3", "w7cQRr5Yca8": "3", "Ry1X61Vf33U": "2", "2_Egqs-sYzg": "3", "I6COwgigJ-g": "5", "j2KZDg7giDk": "3", "Owywvqg5IOQ": "3", "WYsrlger-2A": "3", "3d5id_cwHUM": "5", "NwM0YG_uTS8": "2", "HAIWK9IXpHg": "4", "Lgitw016T44": "2", "1DHo8fYFsd0": "4", "BhYnz0JQKUo": "3", "B-xG3D8OMQk": "3", "M-XIMtd8ilM": "4", "w04xmH2SOLA": "1", "4Zv9vRz4QYM": "3", "oeYKFRV34kY": "5", "Kx48dmDB28U": "3", "JOJ01KXTw-A": "3", "PKvNCP76fvM": "2", "0ji_-OJlVbI": "3", "_XOa7zVqxA4": "5", "b2UUhm4edyc": "4", "Jg5--STf-iE": "3", "XLpQDBP20X0": "3", "dKj4PDldebc": "3", "sR7kyIxQ000": "3", "5Jfn-U6EGzU": "5", "mG4Di2nytAk": "5", "TCKVc-y3Uak": "4", "7QV-F7rlmtY": "3", "GXru4Q7Lgxo": "3", "aZSzMIFZT7Q": "5", "Bfd4wc4XChQ": "3", "Clu36dt2y88": "1", "KSRHLwYgLSM": "3", "ORHnJ1K6mGc": "5", "0lkHzmmSyAE": "3", "g4Verk1Bgow": "3", "p0LtpDFxHCQ": "3", "JK_NinOmFWw": "3", "26bw-hBiAAI": "3", "ZsFUqPYlYjQ": "5", "2S2VUCdbhg0": "4", "7DrFY3H-u8w": "5", "8iA2G4xlEpk": "2", "0ljPuSfPbSw": "3", "VhK5gJDmSc8": "3", "NnzBnGG8YRA": "4", "bRKqFFIw18w": "5", "fyakMTYNtns": "3", "MNjWQlr63i4": "4", "-V2r_9Um2Tw": "2", "gJGPsrTaGiw": "1", "dac6BZCv258": "4", "MWWTabHiV2E": "5", "kEhUA5OYm1M": "1", "AU1iq9rqYJ0": "2", "n4OAtMEXNfc": "3", "ieSzsh4hJWI": "5", "1lMxZNFripE": "5", "lN2fuKPDzHA": "5", "kQyAJv_Ordg": "5", "gEpfTicDVUE": "5", "eQL3EiJnXFU": "3", "brvGSr_BfQw": "2", "taW_SQIEeLk": "5", "ST0cR2-JcZ0": "3", "bzoE5dlxH2s": "3", "wKY4Qe1DjI0": "5", "nZH6YKmtQV8": "3", "YV8zGNe7Ebg": "3", "CDuxXjaJwbI": "1", "8qIS3rCrrE4": "3", "MWDwZWCfp64": "3", "tCl_yDquP9o": "3", "s2BwOMBlato": "5", "W7NgPvQZr7A": "3", "ItX7H66gsrQ": "5", "Pui78pskx24": "4", "PzYKsLch4GM": "4", "Y9yX02HwMVo": "3", "Fk6hyUyz0Ko": "3", "_IYJO-Ik7Pg": "5", "K5fn087Jk4I": "5", "7-OnEe-dauE": "5", "LMCGADFNDiQ": "3", "tpD4ZPamt68": "5", "sqxPcurgxUA": "5", "AvBKlBhfgPc": "5", "4Vn3mLIlqp4": "3", "jdpQir1sqiQ": "5", "o50_ZlMnjqY": "1", "solPCNc_0Ww": "3", "p9Y24MFOfFU": "5", "83_ceB0TsiY": "5", "Rh8GbPnoqCI": "5", "tpeEqt3kpKM": "3", "WGQdXUw2uSU": "3", "Z2ZxKWNbncE": "4", "g_AtNY0bYAA": "3", "9cLZQ_2ITLI": "5", "QLPyuFVKGak": "5", "x24tpUkfL5w": "5", "1SlSxuhLJVE": "5", "5DjgnckVwYE": "5", "W9yu66upJtE": "4", "axN-hs4slpY": "5", "iKdEbzF7xpk": "2", "36PqkY398U8": "5", "lvVOtwezkXU": "3", "KJXzkUH72cY": "5", "q1x2Df4yveo": "1", "AQ_XSHpIbZE": "5", "OvfU1NpCJQQ": "5", "WzTSE6kcLwY": "3", "ycbHldRpo9k": "5", "4F-fzXW1xUM": "3", "rt_jK-veOs0": "3", "yD94CV7kLHE": "3", "qo9lEPZ_0ao": "3", "4FLEzXhWQ6g": "4", "XdA4OtR88bc": "5", "yVI7JelAzPc": "3", "4tA8wtLaui4": "3", "bg_zxsxyKyM": "5", "RZNFH-jH-eo": "3", "sfluIhj8Ef4": "5", "OX98015fQFI": "5", "dxtVed45gVo": "5", "8uK-mCxVl84": "5", "82kYQ7j7X2s": "5", "_SsccRkLLzU": "5", "cTfmQht0AdE": "3", "MXCZVmQ74OA": "2", "wJukf4ifuKs": "5", "B4kwU1kjOV0": "3", "p5n2x0ox47w": "5", "r_dbSSQotZ0": "5", "b9zUN-9sNBI": "3", "MpTe49ha0lU": "4", "1pda__NOfts": "4", "4vGcH0Bk3hg": "5", "ftgxuNLVvVw": "5", "OowcDddCdwQ": "3", "9Qyb0fK6RJM": "5", "lzOe1J8pZB8": "3", "F-z_WSTjr7c": "4", "qV3PhvCf_Jg": "2", "fk3-cuv8q1M": "3", "kw03nalTAMQ": "4", "mqtY88BUi0M": "2", "z0nrVYvE0b8": "5", "n6sAGZ5F7Cc": "3", "Bqfow_TmNh4": "1", "fXT3Sma4-rg": "5", "pk2hJRVijm0": "3", "P0N5JcFqx4M": "5", "q8MLuni8rzc": "5", "KZMYWAW-5Js": "3", "dDTBnsqxZ3k": "5", "u-K6ymOtnzE": "4", "HIuSiteKQXA": "4", "BSaBDtpts4c": "5", "EtZWhm_5ojo": "3", "zcdDg30VBgo": "2", "cLqnbOhRovY": "3", "v8DZc2PUUq0": "5", "o3f8VgQ_dqk": "4", "_UU29bZjgz4": "3", "wICpMU9nvRo": "3", "syPqNTmupvY": "4", "o3MbbQhZfq4": "5", "W5N5Hlt7B2M": "3", "qnCnAwws_AQ": "3", "ivtk6VArFxc": "3", "xE7m2FRVmrM": "3", "_6n2tvHQHag": "3", "ew9cEATPzDE": "2", "kPtl2DGWzfc": "3", "A-taWymx1WI": "1", "dSEI_Iny_zc": "2", "rV9I-xX5AOg": "4", "wurSu_bJ97U": "3", "N55Xcid1eWg": "3", "x-2uWj8yv0M": "3", "_3tlUqHla3Y": "2", "4b9Ji7DvsjU": "5", "BrI7VRfqgo4": "5", "U-knPQ9H_pg": "2", "N6Ns-SpRQmU": "3", "ipdtwLlWNZQ": "3", "tKXxJ29HEiQ": "5", "plnNTqye4Qs": "3", "q5Mjz1RTfkU": "3", "S_JjGZYpy7I": "3", "BlfinjxFEYI": "3", "qpurHfNLY24": "3", "-B7oSp8hfF0": "4", "Rdz3fUiK4XY": "3", "xs9Qu7uiokw": "5", "AK88MQWsYj8": "1", "1De5_o_DXH0": "2", "0AHGLGQgAn8": "5", "wYCNYifjjgs": "3", "WlUvQkW4B1k": "5", "YAhMheigaZE": "2", "A8N1RZweP6U": "3", "e3hB3iOQKjY": "2", "kdr_8uvG9hM": "2", "tz25tcFSusc": "2", "pQCXMkfwZEw": "4", "TSRvY1kKebY": "5", "O7aSsaTqBCc": "3", "HjKRxa7ZyMs": "5", "U0Ezto8HG_8": "4", "-oHJDSE-MEU": "1", "JiOZ4Bz2d-Q": "4", "faTF8wpZ4gA": "5", "HdeX6CbeoKY": "3", "KyoBQk6Kp7o": "4", "INzp3nnp5P8": "3", "GmxUEy3pNCw": "3", "m9kAH2v9200": "5", "2j4RF6cx0SY": "1", "FxZ_Z-_j71I": "3", "TMN_cfCSFWw": "3", "X4GZfvXx9Js": "5", "6Zd6Z2-fjik": "5", "ws3PcFqBLdQ": "3", "HJxkAcj9TKM": "5", "sM7MSXNmFpM": "3", "ZXXXTD2iKUU": "5", "HdG8LCHCGso": "3", "1MF4sCvkAAA": "5", "RNvmfmZqd9I": "1", "ckwJXpe7fQs": "4", "yw0UF606mqg": "5", "oYAbmJaztU4": "5", "Uj6G1C6c0uw": "1", "D0AoauuOY2w": "5", "XH3Xu1-cvII": "3", "7TxknbusTa8": "3", "kNP2lahOhvo": "3", "ZDVkPARmDkY": "2", "bB90Vkyqrts": "3", "IdL5stxwXws": "3", "HG8tqEUTlvs": "5", "sq9r50EYJh0": "3", "Sd4C8_FMdjA": "5", "bfBAf-Jg-aU": "4", "g2X9Q-Xre_Q": "5", "RpNLUFA34iw": "5", "dGcIUitNlGQ": "3", "z-zhHdk9dAU": "3", "IqhfGwnGNDg": "3", "CXO_zyozrHA": "5", "60ewmq3ui7A": "3", "oJbdSseA0C8": "3", "e4TXO49n0P8": "5", "B9oUpWCwiUc": "3", "t06p60TPtjA": "2", "jJRQSsT34-8": "3", "bQRLVxZHKPs": "5", "tnJ8pPSEW6k": "5", "U3jgo5ea_zc": "5", "Ao0jaXRAarQ": "5", "BqjKUubsohs": "4", "oYcGSeXiUI8": "4", "7Ol2HYCnVbs": "4", "796KD4SNzwE": "5", "4sw1N05KW2I": "4", "NeXMxuNNlE8": "3", "WAeepKLHuF8": "3", "i3Nkujj45pk": "3", "UucLMljiDHg": "5", "3yieFIhdeJQ": "5", "tcYc33ughfQ": "5", "6jyAEqhfHTE": "3", "azJEx1URHsI": "4", "JkBNmBQb5qY": "4", "jRCTcUh-XOc": "1", "7iSA4FPLPv0": "4", "rw5arTc26-0": "4", "Ar7Fj1LzFp8": "5", "f1ZK7T5dezI": "5", "oAYn2lwc3Yo": "2", "W6gfvDxLlOQ": "3", "zKaIlT_lK1s": "5", "kKtDqM1H82w": "3", "Sw3tEcz2PK0": "1", "0P3A6V_sDSI": "3", "KKKOpKvk9Ok": "5", "KSZ4tSoumNk": "5", "L8HLt6ogZsg": "5", "jlT4kr0TmHY": "3", "4YHfAIdmIXw": "3", "Z_hwMtG2xCs": "5", "Sm_cJiDLQ74": "5", "jR7RYKPJBdo": "1", "um2ro-3T8A0": "3", "owZLdJIfPw4": "3", "Cclzg9ZiUG4": "5", "u91BucJ4MKE": "5", "ccWrbGEFgI8": "5", "G1cVbfyFdf0": "5", "rEtXkFmpsRk": "3", "oddWuCHBmzA": "4", "gbDtpeS0iaU": "5", "sQqCzJjev_8": "3", "jmNrvlQ73pU": "5", "7oWOTN4YyYc": "3", "jhFqSlvbKAM": "3", "aYNaRnZtYug": "3", "qc5dR5_QKo4": "3", "CYxU4ao-9WQ": "3", "LTunhRVyREU": "5", "i88Nmkosodc": "4", "4oxd-x44YYI": "3", "2IRWtukPJag": "4", "TM0uO6z3zsQ": "1", "wNjQishYOy0": "3", "LJ2iH57Fs3M": "5", "gHFqqIv8aqQ": "3", "zhdZcBsa-dk": "3", "u1PbLQ8nE5s": "3", "VueSBzrIh1o": "4", "aAYw69hU2Yc": "5", "P-boL9Olh-k": "3", "8g1K1iJb6MA": "3", "juDuVT2goxs": "3", "dX9GTUMh490": "5", "mP-Pb4L_hBc": "3", "9HppFNyqVOI": "5", "aTi6i0FZCfI": "3", "dI-xHMM8wXE": "5", "RZSkUTWZyeA": "3", "0hySFt8O11A": "5", "bRP1QMmfg-A": "1", "WypekECQUFE": "3", "rClJW9gnchc": "5", "9Lw-2ZGvyLw": "5", "HJJvbDeByGk": "4", "EKjWRiNXV00": "5", "czYixQFLbd4": "3", "VK4xZiHDXPI": "5", "Yowkv9zyaF4": "5", "SxgcPuY58Js": "5", "d8AEoNHSJZ0": "3", "T9BlI9nhqTE": "5", "O6NCUmac3aY": "3", "LI3KRcGEkZg": "3", "UVQIIyfUC-M": "4", "aAVFCH9x7Og": "3", "q1L60jfPgBM": "5", "6XRXBrcdtWg": "5", "pI_zfyJn5QU": "5", "fq9mw8wR-1Q": "5", "cDkZqT9IvYE": "3", "URwgy0J1ObI": "5", "7ifmgu23ofk": "2", "FfezfZPw-qk": "5", "7ClI2bp__Bs": "1", "RfCubGgMkms": "4", "xw1NIDFUdJI": "5", "v8vneqAgaRw": "3", "tLtschJxRy8": "5", "MeF134YMoS0": "5", "lCuLxqGd0go": "3", "GG_eFXMdX3Y": "4", "CPtRohwHMB4": "3", "9sz6xhPkGJ4": "1", "yf39vt0MKug": "5", "dlcbYh3IKVM": "5", "a05SWVIPdb8": "3", "4W6VxtNZjok": "5", "1fqAvkpW5yY": "3", "4dpMzSTI4UM": "3", "BUpky0h5_PE": "3", "4FlwJwL6kdo": "5", "dcNrh8FL3vE": "5", "zgDqAfSvWEA": "5", "kj-SjwVsBDs": "3", "_8hk6XVNr_Y": "3", "lPdD8NvVfw0": "3", "56b09ZyLaWk": "5", "BemkXyTc81w": "3", "Bnb5iX9aunc": "3", "KTJ7BPvw-Co": "5", "RvUIbqKyppY": "4", "Z6JAg0zzI_A": "5", "Dz28sQc-1Mk": "4", "HgwvNhQ_YzQ": "5", "gclcnemDpZU": "3", "K1HaaiNUTCM": "5", "xqbebWU-0TI": "3", "jwTIa_2A9ZU": "3", "vJGh-7EKXhE": "5", "g0jv6M6rW7w": "1", "oLUPlTA9gsY": "3", "AmjUGJwu810": "3", "PDbTC-ZyE6M": "4", "Tuj8gy2ICU4": "3", "gMZM8MG6X1o": "1", "p111hxJYsVo": "5", "F4dQ0RchtJw": "1", "CFHpEF261Eg": "5", "M0mXUC0cUPg": "2", "ZD-de7HR3MA": "3", "Wwza_J8qCU8": "2", "CIXE0Mr3rBg": "3", "R98sgmllCEg": "2", "fyxJwYV1a6s": "2", "uCd6-MZqPZg": "5", "ypS0543V_UA": "4", "YyRtlIddnmo": "4", "fOUilxJWm24": "4", "eZgD89VYkVc": "3", "fo4hyKfDJgY": "3", "UTYPim-9XWw": "5", "as_SyfYC5UM": "5", "1j6YA03hm4k": "5", "-UyVgaFE8-s": "3", "WoYf3DQv6_Y": "2", "uxtNrVVVWVo": "3", "mrh9tPkQwCY": "3", "W5W_i8oa9cE": "2", "pCOeEIcldgc": "3", "NP4mgObDeUU": "3", "jUnG9FOmbqo": "2", "cc-ClutaN_I": "5", "KY82nmR7U4o": "3", "RS3iB47nQ6E": "3", "-NmjyP-Oqz0": "5", "Rv3niQ-w3y0": "3", "Hr-4Aln1Il8": "3", "STqFXr5N5AI": "3", "vX6FXRgcKQc": "4", "zXU9Ur9QznE": "4", "2msbfN81Gm0": "3", "u51OxZF1ltI": "5", "PxE3lJDQnC8": "2", "EC9j6Wfdq3o": "4", "FD9UTBWo51w": "5", "jcC3xM8Wa1w": "5", "bwMqup0CERc": "5", "h7kAzhDDBOw": "3", "Nlw1YnVW58c": "5", "HTOP6TOJwOI": "3", "iTXN9uCd0mw": "5", "CYSOVMVWxro": "3", "V9epMG_zeYw": "3", "erbbAcIfbrY": "4", "jsP0W7-tEOc": "5", "EYEHUOpwNvE": "5", "nmwXdGm89Tk": "3", "S6D7uS5GGOQ": "3", "4nIUcRJX9-o": "5", "ujqpkmaFvmU": "5", "j4tXCs4KgmU": "4", "XP3cyRRAfX0": "5", "we1c5uzYsTI": "2", "FJurUjmDs_k": "3", "BZkyGJ_SFqQ": "4", "bK4ks_2CxxU": "3", "GTYUpomg4xI": "3", "Z2CrW3ntd4I": "2", "7MclW0Srs8g": "5", "_r7yKaDxGvc": "1", "jutQL0DNstM": "1", "1qB0lb401ZU": "4", "_AQl4lUrov0": "3", "ejEBSeddCg8": "4", "VK03aVJekGg": "5", "0WUF3yjgGf4": "5", "zv750BWrUhY": "3", "Pj_mSZYeLrU": "3", "PjquJ5hi6zE": "3", "pXy5gt2R5mQ": "4", "ALaqqMY2m0k": "3", "TF-NuE-U6No": "4", "VWPayR39awI": "2", "yCCwnCxDv5Q": "4", "UoWsCNqMiOg": "2", "qN-qliCpTmg": "3", "PPqKOfCzN20": "5", "y5pzhmGX1sk": "1", "WGsch35hQHM": "3", "rFdhGh8eG3U": "2", "n8E6kPJT0tU": "5", "JDk3GQkTyN4": "5", "2_M0SDk3ZaM": "5", "RdCs2K_ZEpU": "3", "m0vQOnHW0Kc": "3", "O8B1ZNv9m4s": "5", "t4_dZPVg8KI": "5", "kM8l40QKddE": "3", "5W4MYJt8c4w": "3", "_HckRLrBXQM": "2", "AEAJrT8PeOo": "1", "qIVDxL2lgN4": "4", "XFsZ6BO4LU0": "5", "ezNqB0tsIF4": "5", "vL6v9lLf1_c": "3", "PewCSYS6a6s": "5", "fNgkNVKeKPs": "5", "hInnyzLGS2I": "3", "JnP2bVBZ9O8": "5", "WO15VbjYv54": "4", "__C7sd_UDU0": "4", "i0IJqIzO_YM": "5", "NSvnw3tvPSk": "5", "zAQa8YWyXTA": "5", "qAY_o36paQ0": "2", "xM_VQ3NZsf8": "3", "5VPFKnBYOSI": "5", "-7ERMwnoxSI": "5", "xkrLWjNxYbY": "5", "spCknVcaSHg": "2", "w03OE6SaL8Q": "1", "YM-th85hRUU": "5", "7X_6k8CjdVI": "4", "8nG_wVxO7EM": "3", "RLsXfrDwf9Y": "3", "iB5txqIl8jQ": "3", "4HGR2_uN-f0": "5", "ApqQW5Nx1qI": "5", "VX32RKuqIVs": "3", "g9qIjULYtkk": "1", "qriNbVCIsow": "5", "315bcBoZoLw": "3", "rZx0iJVAN7U": "3", "pS9sUm5Y0sg": "2", "y6XSIY9Vs-o": "5", "CdKcjxUib4Q": "3", "px6TQ0ZMIsw": "5", "vQfmpXsLV_4": "5", "XCibiAnJ6Ts": "3", "5Y7rDOogcU0": "4", "uRQjkM_iD4s": "3", "4k0AGQyMbFE": "3", "Avez0XmOkNY": "5", "NmCKcaAlWZI": "4", "u0DTlkN_E9c": "4", "1Fki1SJ17kQ": "5", "Rm5HibK7qso": "5", "8mnFRw-6mUo": "3", "RhY_pQm0wYM": "1", "dJy8MUESM3k": "5", "tzY7qQFij_M": "5", "0jBFyck8J5A": "3", "t9cmoT_wb0A": "3", "RaEeX4J_TyQ": "3", "ClKMIr3WpjY": "5", "GI4QhYrDQjQ": "5", "wO8-L-7SF5E": "3", "L_ycAXqOYr8": "2", "XoVVLtkDWq4": "3", "WrE6iE7xnN0": "4", "qGkDqfdgVEQ": "3", "S2nBBMbjS8w": "3", "le8En3oKY_c": "5", "GcVF5wR0kUw": "3", "kwcL-VP3FYc": "5", "hJW5_iZNdFY": "5", "hBVq3NElVTE": "3", "yZ15vCGuvH0": "3", "pnISZdg_3lw": "5", "tsBrlDMRGGI": "3", "uLTIowBF0kE": "3", "sbKBvrEr2wE": "4", "HK958YS_YNA": "3", "i7mmXeRvgLo": "5", "u4hlzRNu3uE": "3", "h1HQxcTYTho": "5", "TBXe-XerqRI": "5", "Cs6A-FCUPdw": "5", "9Ac-PGCfxFE": "2", "nVtWGS1bAtU": "5", "XgUJP6xGHOs": "3", "vTbG8OQcE1o": "3", "QeVy6TnjKZg": "5", "ZYpqxlkaenk": "1", "p94O9UZ5Qzc": "5", "m8AdoQI_QE0": "3", "1TS0yS0sUaM": "3", "UuavPx0peFc": "1", "i3bR8PrziS4": "3", "AWp297iE6Iw": "5", "9l2FeI5GMg0": "5", "vQt2NRT5yP4": "5", "Kk6Bi23Q7-E": "3", "g_dFf9mWxPI": "4", "LlZz3WNbOkw": "3", "69MpLiYhsXw": "3", "t9AV9szGAG4": "2", "N-rgqDhnLoU": "3", "OtsVUdEfrQI": "5", "d5kW4pI_VQw": "5", "DH7hqFMxsTw": "3", "_BZsIY6PUPU": "5", "rrxE_KCnO44": "3", "rA2JuxRdlmA": "1", "onbZV52GWpk": "3", "qeEC4BDyhNs": "5", "T1kPrrUuueE": "3", "XKR1ScQUpcA": "3", "iUdQhl05fKQ": "4", "C6hKQ2YW23c": "5", "gNBRxgr9zZc": "5", "wqiw_E4tyuQ": "4", "dWspEgdrUdM": "4", "KuNcSp2T4Lw": "4", "mzj9mzcKEGk": "3", "Zz-E8AexUjc": "5", "kWSIFh8ICaA": "3", "TJKftD6fTj0": "2", "D4jc9xxikuE": "5", "kf7lTlqb-qo": "3", "UI_nj4NXpoQ": "2", "r0lwusMxiHc": "4", "rPf0CCG9mTQ": "5", "bxcX-aJG-4k": "5", "tcoFNsTzx0s": "5", "fI6LQSoH37Q": "4", "zvq5rMEbNbw": "5", "Y_EeZ90dG48": "5", "g7trxwtUgVg": "3", "5Z_zWIVRIWk": "5", "2yLmrcQLNUY": "2", "7_dgiNoBWio": "3", "czcb5dXjlZA": "5", "913xrM9FYpI": "3", "k6SVsf0k2i0": "2", "MyD1lK8qr14": "4", "o6afGyzyrVE": "5", "ybdoIj5y_XE": "3", "t7kxPYzigCQ": "5", "Htbo1yW6qeU": "3", "FEMAEdYryJ4": "3", "v6OEChj-UiI": "3", "1dF9t_xQGks": "4", "wq25qD44hC0": "3", "afS5ks54tms": "5", "PE1CuvlqlmE": "3", "J7QKeV2-ghk": "2", "fMuw1guPdts": "3", "6yVMik5Mfwk": "5", "eoCNG4yP3Tc": "3", "CgxYSbtp9JE": "5", "LO6TpbqTTxI": "5", "evApapdysp0": "5", "g5YOLVrVHGg": "1", "teWcTS31dts": "3", "MDni5wUNiuU": "3", "oTS1RIZboqU": "3", "TypQ-iYqiLg": "5", "tfcoOFmZbVw": "1", "82-H6MZnT44": "4", "u94i5CWENzI": "4", "4XQ7x7c2hkQ": "3", "KQCbke3pps8": "5", "nnsSUqgkDwU": "5", "jc5XQSVeQ2c": "3", "HNbyvCB3ncI": "3", "fNZf5shOq5k": "3", "FyVjesaMg1E": "3", "eW_0aYguJ_E": "5", "0glSaIGRrhI": "5", "v_C9mKEPG-k": "4", "9ypxRGSrS-k": "3", "jtO_MN-m5r8": "2", "7ZOKDqjqbX0": "5", "z_Wah7jp0Jw": "4", "Bl17Mwl8Mno": "5", "MbJ5t5YWYpY": "3", "zrIe6n-ZK_E": "3", "VjGU3I9degQ": "5", "v_bNTCeju-A": "4", "7sVGB2_zARY": "3", "jssITlGSR4w": "3", "PE73KDDn658": "3", "HbJHkwHZCCM": "5", "o31szjNyh4Q": "5", "w9R6K1mecEE": "5", "ZN6NYpSZa0w": "5", "vUAPQ-zAUTE": "5", "pw6JRuItcus": "5", "Vp8fcHI0-BI": "3", "Q26s_zWTykQ": "4", "nojWJ6-XmeQ": "5", "Xr4SYrOzYps": "4", "4h0Qvc6_MfQ": "4", "i7NPb5lmQpY": "3", "4VwxRqT3qRY": "3", "0V4UyjEyeOA": "5", "ctemZdDG7YA": "3", "MP-p9i85sNc": "5", "uNvmSvmNvQM": "2", "rWfqkrAM8IY": "3", "giGkt5oAhT0": "5", "-5zYYZpuTbU": "4", "tPZQkkbuD2c": "4", "IwpHyWwPWC8": "5", "U9gBE9g_iZY": "4", "6e_JbxJijn0": "3", "DPM3ejkd3fw": "4", "zuzaxlddWbk": "5", "0XSNrKgA94g": "2", "VdonoCCQF9o": "2", "sOjOznUVlKs": "5", "NG0MKXxdhrw": "3", "RBQ-IoHfimQ": "5", "CLzi3okueM8": "2", "350tD8E7htM": "5", "EgmNEgIFBTQ": "3", "RQ_GiVoT1M0": "5", "L0KmvWL6Dfw": "5", "tjaJgMDgBuA": "5", "_Gpx07V3GFM": "3", "dOZjgXEAsAA": "1", "12sqXKF6Zv4": "5", "PJKAr1r5zlA": "5", "verzNYAOQ7s": "3", "67jh16fASvI": "2", "KKNUrASDloE": "3", "WhF7dQl4Ico": "5", "5-t6AIMSCdw": "5", "BDan7ClvO3Y": "5", "7X2m2WueNcU": "5", "2IEZNte5ADg": "5", "oZCRAxCmar0": "3", "2Dq2-98HliQ": "3", "JndtG8Y7yfw": "5", "iaUcLzxMFq4": "5", "f_mJmL5B47c": "5", "w9Sx34swEG0": "5", "ug64FCgrQl4": "3", "u9FEg5qur14": "5", "XZn4opyPfEI": "4", "wxPU_xDgECk": "4", "OufDn0KKAH0": "2", "XbLZe1r0DJk": "5", "k1OTQQ9u7XI": "3", "JvjmH9w8_GU": "3", "DujoTffyUvI": "3", "eyzWlMZ1Y54": "4", "dLchejnnjEI": "1", "BgZluCEBS6w": "3", "DhOIJBk7KaU": "3", "Bgqxt-kfYIY": "5", "yjjb_Dy7tXg": "5", "UKmhK8G--7c": "5", "eJvwxDTlue8": "3", "bZIzRqDOSZo": "5", "q9fms5He5bM": "5", "iVHy8MG2CQU": "5", "G2ZqvClReZQ": "5", "4hN0ai9WzBQ": "5", "nz3qGgt7b2s": "1", "HjD7Z36wX5I": "1", "GzmuQehRy3A": "3", "6-2L4PTV14A": "1", "LRgqD7JgF-U": "3", "rfpAkNyHAtQ": "3", "47LCLoidJh4": "4", "YxyrZN1ETgE": "3", "o2P5E7cFt9s": "4", "YY5KxPI6ApI": "5", "WIlPFRsseQ8": "3", "bltuzqFTaiw": "5", "tviPLpD8VG8": "4", "08ySTcxh_cU": "5", "XXwV6lUfMqw": "3", "8fs2Yh1PFwM": "5", "JdN1t1lMVxU": "3", "2Jhrr4RRywE": "3", "Ws-yd9YPfdE": "5", "jVs5tTEuA-g": "3", "QoqWo3SJ73c": "5", "0DuFujGCswU": "3", "TULVRlpsNWo": "1", "c9THt-uJRTU": "5", "_HS0UOQjU5w": "3", "vYEXzx-TINc": "5", "KbgKbMk5Q3o": "3", "l1vnsqbnAkk": "5", "bvLaTupw-hk": "5", "54WiJFln6I0": "3", "gg8P9fM3G8k": "3", "HZu1cTg-xUM": "3", "-44_igsZtgU": "5", "l1vvlpJ8BEE": "1", "kj4vboULD4s": "3", "WdKHNZS3cy0": "3", "E3h-T3KQNxU": "3", "xRtVNIqwUS4": "3", "-zXKJMml0s8": "3", "FXP9jlpcRaI": "3", "Lhozndg5VSE": "1", "1Sy-fftmGeI": "5", "uQeh2G161Bo": "3", "8ZO-7pL_MrM": "3", "uvMvIVd3S7A": "3", "5HoQ-HblRG8": "3", "PTXV1QRAsko": "1", "Ypcm9B6o7pA": "5", "ZjNRXfRXnoc": "5", "UlRWeauFduc": "3", "VYp1s6AwuRQ": "5", "H02iwWCrXew": "3", "W3-9CKP-PhY": "3", "fylVXsXr5Jk": "1", "wToxrHzVpxU": "3", "xLhJIFC8xkY": "5", "t8APOFub0Pc": "3", "iuubaXDeXh0": "3", "cLTgxDkJRN0": "4", "cN9OKXtzHtE": "3", "O3ax2tmczi8": "4", "qfZ7o3dIJYE": "3", "lnuCDXMoZd4": "4", "YjMgUanz6h0": "3", "-7rgfoEEFmk": "4", "nosXM4KdAac": "4", "y5LAwk4cVjU": "3", "ysgwcKNdWg0": "5", "bGJSEEx2pXc": "5", "Dd_GSSQQGNY": "3", "Dk9s3SlM2Rs": "3", "2fQUYCPe3Cs": "2", "I4kNl7cQdcU": "5", "3DYUUdkFQl0": "5", "ohRN3yG4TEI": "2", "tWDprSdH2xQ": "1", "oSFnotAmcoA": "4", "nMzdAZ3TjCA": "2", "bATzbhGbjiM": "3", "axAmED7lqe4": "3", "nkBBsOEY8PU": "3", "Jr4gOCh_4Pw": "2", "ZBLkTALi1CI": "4", "K_-GdDx2TzE": "3", "2ywv_JCyolU": "2", "6bJOIqVAD-s": "1", "kF89VnRrWr0": "5", "WF_HqZrrx0c": "3", "Ak4hpFbIbfo": "4", "yQUN7QAnMp0": "3", "9Sn8H42FZcI": "5", "kcrO-lf345o": "5", "zSM6sAtyvyg": "5", "tIG0kB9lOxo": "3", "bJafiCKliA8": "5", "FlWfmhyulg4": "5", "wEKFJWdJ5jg": "5", "O9sgllm_Bhc": "3", "pR236CYNZfg": "3", "E71sKFD-spQ": "4", "SqtxzgFpP6U": "3", "0xyNNlU4ct8": "4", "XG0_olXLkKg": "5", "FV7ee0Cyzwg": "2", "l1gZkf_-UyI": "5", "VMjRSnokms8": "5", "DyO-z_7Ip9c": "5", "vxlUCIqbD8M": "5", "7scG09FPwKM": "4", "v1HMR9nRmlY": "3", "jVADtFaZgQE": "3", "7JUExZaSNKA": "5", "HbTs3TLo414": "3", "-iwCVXD_lA4": "4", "NoOqyH03p3Q": "3", "7b5CKSqlz60": "3", "-cSFPIwMEq4": "3", "FqhFUbtpiB4": "5", "MrXtSMzjhMQ": "1", "jpldOdMH2w0": "3", "qLY8arYdr_k": "3", "aaZnRfrrunA": "4", "4KKgR5YWmYg": "5", "BWeGCT7vS-g": "4", "ohp_nmI_TFA": "3", "9dgQ6AUYWCU": "5", "yZ1XM9LwS64": "5", "0yA98MujNeM": "2", "FhfcdqMTtU4": "1", "eySoKn9U5s4": "3", "KE9bc5KskM8": "2", "jqQbiJy1Ys0": "1", "NTYtw7NDm9o": "3", "CDM1FPFxbVk": "4", "g0ha6Mb5_YQ": "5", "ZEKqLxtjwDQ": "5", "_UKLncvGxQ8": "1", "Jn4B1gjHug0": "3", "64KZVm0kWnc": "5", "cw6x80Qdzak": "4", "up-FKa0aEuI": "5", "mz0N-jVrRWU": "5", "rt7JZSrDJA8": "5", "wvWHNkLSDkg": "5", "R-hl57xTLE8": "3", "LagGSTiSnto": "5", "LxK743gc0PI": "3", "7is6r6zXFDc": "5", "ZZUyZmYbfbY": "3", "sAhHHpzXOI8": "2", "pSe40tX-oTA": "5", "D5MLutafypY": "3", "bCxiuuJVT-8": "3", "s6rrXuFM9TI": "3", "XVLBEsG0MH4": "5", "NQhwNtY3N2k": "3", "_hnOCUkbix0": "5", "excxIZ4wUvg": "1", "lOGdCg61QoE": "5", "FCOlOcMk8XI": "2", "xwNe5Kqi3Ho": "3", "3k3HkjXcduA": "2", "zFubzSu2AOE": "4", "AZ56zUxpXes": "3", "hi5TfqXrplM": "1", "owGykVbfgUE": "2", "4okCm_f1YMs": "3", "UC9qnjOUjss": "3", "urkrB7gNwMI": "3", "CtWirGxV7Q8": "5", "8uO5PAD_CYA": "3", "VyLXZ2GQS7Y": "2", "4pcO7_S2WQs": "1", "Ti6saRaKJYM": "5", "UTGaYkbvse0": "1", "3JsyhaGHq_E": "5", "ZcgzoGU141o": "5", "BGs8PDQmbLQ": "4", "JqfCxPdrv1U": "3", "a2RY14Zqdvw": "4", "I9Bv1J0wK3k": "4", "EHu2hoc9ulE": "4", "PHLxK2QKZ4Q": "4", "PqyiFtLnKkc": "5", "wrIZnC8q7RQ": "1", "zAGRVQG2dyc": "5", "F_M7zOew2Pc": "2", "MQfikxbS4zE": "2", "a05vigJA4SY": "3", "WA1h9h7-_Z4": "5", "4JhzwNuo75M": "4", "W-dbAzEERb8": "5", "sgG6uztmhA0": "2", "WTHkY42X8FI": "5", "aYnA8TCzUvc": "4", "86IpU3g-S8Q": "5", "1z-36uCr9XI": "4", "_U_4J_e6tQM": "5", "dZmuTGFusIs": "4", "Iy5jiYWuNKo": "3", "gMa5xYEMyls": "3", "sV6ITSt4jzM": "2", "rUFnH7KYMFE": "5", "aSdqsA3fzLA": "2", "laot_Eomr3s": "4", "qAGVilt3Rls": "5", "Kjmq-ADfcGw": "5", "1zPYW6Ipgok": "5", "5WQWX81M8R8": "3", "G1FV7dND0NY": "5", "pwF74hxbs6o": "3", "XIDHrWQe5FQ": "3", "VyM9ok6Z3PY": "3", "jOd3dJUKJFI": "2", "gvEvRBeYO2M": "5", "1sElYG7LmUU": "5", "UQtqa5F88LM": "5", "QT8AiihKFR0": "5", "vJIwQtUZYy0": "4", "8QzYlBM30NA": "5", "8iHEQxJXq9I": "3", "EmzgkMsf_GQ": "5", "EbnWbdR9wSY": "4", "J2pIvg-2vEY": "3", "d6gJ6dACtqc": "3", "Ug75diEyiA0": "5", "XHSoS4p9688": "5", "btu1hCc5F_U": "1", "6_WAmt3cMdk": "3", "x7AIfMpyHtA": "5", "MTx9-ohAeWo": "4", "_NJKQkQu3NI": "4", "uDCsU5wUvdQ": "5", "ZjFK3L4cvQs": "3", "yXE_p_1Squg": "5", "6iQ7ZDUutU4": "5", "TnBHGpp0pVU": "3", "7-kSZsvBY-A": "5", "NX0i5rLzAP4": "3", "2f_kavukuKI": "5", "jEZMSF2jNYg": "2", "Avsp_UJ3mrY": "1", "-5X2kzIDroA": "3", "e-r7gp51KQU": "3", "uNMRTsGR2IE": "4", "c4LCP48QYl0": "5", "WpByXzdMQfk": "4", "BJQfT9C5Adc": "5", "7gMZ62PsvRM": "5", "AEMuSvSiFNU": "3", "8UqZzZWZd-Y": "5", "t0EFibqP-7w": "5", "v8J1y8o3TRg": "3", "DxDsx8HfXEk": "5", "zt3Gvdu9mtM": "4", "mVPku-xItv8": "5", "kjc8kOCB3_k": "5", "zv0ZPyj7S6M": "5", "n_FN7pu-huU": "5", "Zov6yho65G0": "5", "jr2gdPY-88w": "3", "SvvLsAMsOJM": "4", "UNEHhUC4UJc": "3", "fF0ZmIf7H9k": "5", "RKwaILk_VYI": "3", "ty7Fu2kIfPI": "3", "Bja2_Qclk9Q": "5", "uHskC7JRL9M": "4", "dlEbGH9HeVg": "2", "V6F2szDteSI": "5", "Wo6BkRgvYF8": "5", "Wecenw1IWHY": "5", "LD1NnIZocrM": "3", "i1JccYQFDWw": "4", "0b98BFCqOvQ": "5", "FmlzOh-1KJA": "1", "AgdqKj85jVk": "3", "zSi2QvSWkVA": "1", "64G5FfG2Xpg": "5", "USD2QsP-Rzw": "3", "Ju-ETwtYuT8": "3", "ILxjxfB4zNk": "5", "orc5fBf14vs": "5", "OB6r2Wi0E98": "5", "IDAr48u3BB0": "3", "wqT2IdFyQ5M": "3", "1Pahqq-1hp0": "3", "UDTZCgsZGeA": "3", "JJmqCKtJnxM": "5", "qeefSTrkvrk": "5", "FxZNhjkMtFE": "5", "BbdfppY2ldQ": "2", "jtXLAKwssPQ": "4", "OON2bZdqVzs": "3", "WHdYDNs0qq4": "5", "mrX3Ql31URA": "5", "KLlOTAE1CZM": "3", "ejMqe1WBtEQ": "5", "d8E2pHgxnsU": "3", "R2PhoBA8qKY": "4", "Ed3vswxJKgI": "4", "lCg7cL8PFKY": "5", "dlNnjtEXyi0": "5", "rmPRHJd3uHI": "5", "r8cDvm26VYI": "3", "SPyoiOTdHio": "2", "z1zeaOK2atg": "5", "7gPc6027rb8": "2", "B0raS3U4RK0": "4", "wgBz_WD-jYA": "2", "SwGrUMlagk0": "3", "dTcv5q4WfMM": "5", "TmnY_Q0YBVE": "5", "UUNIeOB0whI": "5", "kdFh8P8Ijng": "4", "OEQzJRRIXKs": "5", "goZODLC7fao": "1", "PC2N3EYngns": "5", "_G-PTQ2OWe4": "1", "X2cs8gnb42A": "5", "Pblj3JHF-Jo": "5", "x4amZnI_1dE": "3", "tOpsnNf9Wj0": "3", "jmCwWbAWyZ8": "5", "84lAxh2AfE8": "5", "dSi0fJq0wKI": "3", "g8qLBtTnALs": "2", "5AaacAMljG8": "3", "1Yq6W7YAHM4": "5", "2OCkgMrY0U8": "1", "N60utqXf5HQ": "5", "A4fMRDP1d6w": "3", "stZFVrvPJ2Q": "5", "iNfChrsWlPM": "3", "APAcU3YBhYc": "4", "E3pMBPFUPFM": "5", "nyhfJTFJHu8": "5", "TUftNzYgYrk": "4", "XvjhIbEvA_w": "5", "noy9lF9Xu68": "4", "DOIQ5i87-Kg": "3", "WQk6A7eDE5w": "4", "R41NNPBqRCk": "4", "8QRs0ejxjEc": "3", "htEtTra7rdw": "5", "1vf3U4aPiMk": "5", "AUc4wJRa9-g": "5", "KSQcPOicGiI": "3", "nfzWl8dDqwc": "5", "ty6MhpnOXC4": "4", "nI9_BTm41MI": "5", "3RucyZiPfjw": "2", "v_AMEYsBxZA": "5", "FsiEfbIaEQU": "3", "fqXm8MCWfbA": "3", "LT6n1HcJOio": "3", "23kdGfzDaCs": "3", "0UoJyED73bQ": "1", "dX_YU9zCqqA": "5", "klDDHU8HZp4": "4", "UNabu9daJUc": "3", "e60aAnThrvU": "5", "GTaUku9cy-8": "4", "bHwLgwBd6k0": "5", "ojqMGlqYHPg": "1", "jt32In8YzZ0": "4", "fk_YSO0py7s": "5", "qPIj0KJc7kI": "3", "6i-nMWgBUp0": "2", "yP4A6r34Vd8": "3", "MTgeUVOxl8E": "3", "lTerDhlAEMI": "4", "ZTUt7kpM_LA": "3", "LUOJSnR9z3k": "5", "HtUeBaOzBKs": "3", "en4muUSIRT4": "5", "QPc9LhKA5C4": "5", "Jze_zGYTGxY": "3", "nWJut7KQhI4": "5", "4kvHbFmj38w": "4", "sMnNjTARUEk": "3", "IwrstxuicZk": "1", "K8dGb3-ZCHM": "3", "8JAhnmtotIM": "3", "PkWUuTlXq2w": "3", "VF-8WR38bq4": "3", "7b8zeykara0": "3", "0O1OrTcfqBI": "3", "O6rHeD5x2tI": "5", "29VGZtnCD30": "3", "jgKyFA5i9Ng": "4", "PAjWzgYjG0M": "4", "ZE72ilXg0jQ": "4", "oDdZP2Ge6TY": "5", "BoKUmFuV7iQ": "3", "z6Pj5oJzYLM": "5", "c0BCoeOf-Ys": "5", "0Vxjh6KJi8E": "3", "QfwhI5N95y8": "5", "C_8TGTKdrlY": "3", "giJxJdSuq74": "3", "AEIS7UJJFAA": "3", "bivaifVTQME": "3", "0eN9KP6lOZs": "4", "xTpv9lc_qMw": "5", "N2muWKtHCnc": "2", "FqvLcVBOhP4": "5", "intua_p4kE0": "5", "GURvHJNmGrc": "5", "9CRH-ocpJLI": "3", "PD8p6KzcL2w": "3", "LeJVNum2zwY": "5", "MX9qu69-NiM": "3", "1t7rSZT_77E": "5", "BZ1Y2-KV1kg": "5", "_TBd-UCwVAY": "5", "sWVKynMQTTI": "5", "6FNITWjpbLM": "5", "eBDXxtnRp4Y": "2", "x4nH_YW2F1s": "3", "31pEZWaIhr0": "5", "0etzTTWyISw": "5", "kcftkEN3vmg": "2", "m8Ihwi_w_xQ": "3", "TYIeVjKlPTw": "3", "NmannAYiwh0": "5", "377kVIgBOJQ": "4", "xPY7jrcEj5Y": "3", "kqT_5f08Nxs": "1", "_oACRt-Qp-s": "3", "ie621R03ZcU": "3", "ZY0cdXr_1MA": "3", "H6JzeAHCd98": "4", "X1Uj9SPvSaQ": "2", "83nS4EGKU04": "5", "MBToS72o8gM": "2", "1I4Dpq1PQjA": "2", "2qdW7ramMr4": "5", "Hs6AebdPhSU": "5", "TSF8EKPxPVU": "3", "PdBQS8lp4xY": "5", "-g8vTq06KUI": "5", "uQereoIxioI": "4", "Es_uivijpek": "4", "SCNB1z360A0": "3", "Y-Elr5K2Vuo": "4", "2zfqw8nhUwA": "3", "sXAlpHSI-d0": "4", "vPETP7-UfuI": "4", "SxAqnB0NbEI": "3", "ryaGZETR97s": "5", "R4vkVHijdQk": "5", "H50wW4eAFKo": "5", "DwhTYFwfACA": "3", "psmD1DVPIrU": "3", "LfdiClhlLZk": "3", "TNCJh9WwU6w": "3", "__CTejhHZSU": "4", "V1-qbHbuNBU": "5", "Hzgzim5m7oU": "4", "_Kmh4BbJPz8": "3", "8ciagGASro0": "5", "o1BiFTk5Acw": "2", "TnXArm-NViI": "3", "GTkpq85sFO4": "5", "ULJBEQ6-NLE": "1", "qXndoRUKAhM": "3", "iqEEQpleFJQ": "2", "T4tOvkvCvwQ": "1", "5r_KVwao1aU": "4", "nX9P6skzZNU": "5", "-c7Ca2CY6x8": "2", "p916yeFa2Xk": "5", "ThgaRoMvgXs": "5", "7pOoSe2K5DU": "2", "cvnqS95cEJ8": "3", "VMxyZQfMmM4": "4", "qyNs577d400": "2", "48zAauZBi58": "5", "jtwh3nQP5Uo": "5", "NQp0z1sbtxo": "3", "xfBo1wwM3eI": "3", "oAa2O202avc": "3", "Qg0pO9VG1J8": "5", "dBRdzeC7kz4": "3", "ganRbr-WBiI": "5", "y9ajRIgTJNA": "3", "RsKcfsTznYE": "3", "oINYoy98JJo": "5", "5JLBU-QQpoo": "1", "7ae0tzVo8Fw": "4", "tZGNqFGIpiw": "3", "zSAh2YJhMNE": "1", "ENau7AkayN8": "5", "BBTtQwipT4k": "3", "oBIeme32Xwk": "1", "Y_56BQmY_e8": "5", "TRmgMe2STL0": "5", "VrtCpjXDyqM": "3", "C1QLMHgX_VU": "3", "mxr83Vkrh00": "5", "lNNDr1vH83Y": "5", "HZChlynmtgc": "3", "JvcH3kpEP8E": "2", "lsCvzwgNL3A": "4", "3t6bLugtJkQ": "5", "r-2Hq9QNmVE": "5", "TX8AAUOGKSg": "3", "xm4RaDWsRgE": "3", "DKAPJyFAzs8": "3", "GMovhjpIegg": "3", "cO7iCbtlcIc": "5", "eHh0bqD78b0": "5", "irUYwVN_AQ4": "3", "XyZtMfMWONI": "3", "uLg4kDAGZuw": "5", "b9zjwmDHE3Y": "5", "s2DTEADGSpw": "5", "bL2qqJOSw0c": "2", "2xwUuSM06xQ": "1", "NFFLEN90aeI": "5", "wKB9HRgkKRA": "3", "WIdu34kekJk": "4", "UvDs7RDKCag": "5", "hYyMMs-WO4U": "3", "L7bHdo2DJHY": "5", "KObDkEBwuTc": "3", "0PgjcgqFYP4": "4", "RwvuckZDpB0": "3", "RM2JAlPRYKE": "2", "0Awzkw_73D8": "3", "KHx0_NFuGb4": "5", "IDumJG4RXt8": "3", "dqxBrcgtX-A": "3", "brq5oJFIKJ0": "3", "jlWwjUZUROA": "3", "Hv7t_zFUDBk": "3", "TosjG0E191U": "5", "RsCoPb43TUk": "5", "HAmI1MJECZ4": "5", "O1Z91YkPatw": "4", "mqdj-MFAhi8": "5", "2BXRGzjo1_Q": "5", "cnIYtqPUlFs": "2", "_uQOchrK7NA": "3", "3FtNm9CgA6U": "5", "Bxaq80Hp5bY": "5", "M9uxiTWZLwg": "3", "1dcPHVFHCRY": "4", "-35m_mkcHnI": "2", "heV0CNzC9OI": "3", "Ue-TqmP6I_g": "5", "m58Bp6PfXss": "3", "aURA4lJSP5w": "5", "kjBGSC1ond8": "5", "zqlVUFL9hlQ": "3", "odI7pQFyjso": "5", "wt9VctrBOZY": "1", "6e3z2H1O5zE": "3", "O5G4fVe1LUA": "5", "UJVlHwpS6Nw": "5", "HNo-_DEEm54": "3", "79uA-gHvw18": "3", "Ug_iluxQ1IQ": "5", "ecV5FhZEvi4": "3", "XBXlh4E9HhU": "5", "7AuhjzxAudY": "4", "jGldy-ABbsw": "3", "pwh1INne97Q": "5", "KSv45XgmH4U": "3", "z62vD5BDDUE": "2", "UgEEcM-jYHY": "3", "n0r3USJnZnA": "3", "rG8nXUY9UP4": "3", "AAs2hd9AJoE": "5", "t4Xt_XS9BJA": "4", "c2ZSZrGc-O8": "4", "aF5Ipu0DIyw": "4", "a7w7CTL8VaE": "3", "CD8wwepuGas": "3", "Ghl19lJJ_mA": "5", "HQQs3nl0LcY": "3", "t6MCn8wPR1I": "5", "pv4WZkppmTU": "3", "7ZbLntTvV8o": "5", "hPxZiCha6pM": "5", "I886RBjiODg": "5", "uhHMWLjL77U": "2", "6CbQOLqZ8IA": "3", "M4dTKckmLwE": "5", "xlowDDEXpWw": "3", "AR-dXdnjljc": "3", "mJPYPE335KI": "5", "IKPtNDYezLY": "4", "5sXwEoeurSo": "4", "Iyf5b3uglUc": "3", "-xK80YG33q0": "3", "UrEPJkajMSE": "2", "UmwQjuJttwk": "4", "IPme5GPdiCs": "3", "TKL_cn8vhjo": "4", "8pmw5CAc3rk": "5", "zWzsOZMrbVs": "4", "b6EBK0ujV3o": "5", "KsdD1MJXOpk": "5", "cDS53Y8q9lE": "4", "oDcb3eAAK1s": "4", "_3sLwG1ZSBA": "2", "BqCXsGCggWw": "3", "BOZywMwhEIM": "3", "Yh0V68c1ybw": "5", "4c43WKFcn4c": "5", "5U9I7QrpSkk": "5", "c-PfqVlBUuQ": "5", "MKv8XsP3huI": "1", "7w_AT2sHBss": "5", "kZnBpmZXBms": "5", "PjcNjEFtUSg": "3", "_rnKWUHi7_A": "2", "Cqs2F-lpGrA": "5", "EPOcxNMzNhc": "5", "drjhfrRFoeA": "5", "-IqXOsikgVg": "3", "xEYInUvLalQ": "5", "Oph4fcJmPBk": "1", "44e-Y08_B-0": "1", "uxJyPsmEask": "2", "mBbjL3Ktn_c": "4", "RyeDBZaxFa8": "5", "694TX2lQ7Uo": "3", "7geyX1Er1zs": "5", "l9b5jym0ig8": "2", "iZVWAfmRELE": "3", "HHA0HRjDgc8": "5", "qFTcch4BOgg": "3", "vAO47Lz9kxQ": "3", "38eCsBwh344": "3", "r-m27SZUFj0": "4", "2j65DpagyhI": "3", "qq0ar8_9FSM": "2", "XEEU1nQeGNA": "3", "1dc1eKHgy_o": "3", "3RnT8kVXbHA": "3", "6uLBrg6ai0c": "2", "u06rDf-kUt0": "5", "e8374g64kCE": "3", "YGmX6m78zDM": "3", "SaENQKoFHiQ": "2", "k7KgP_jPDwU": "3", "3Es9d1aYEHY": "3", "rCwn1NTK-50": "3", "UwY67LYzH7Q": "5", "5YB748GUPIc": "2", "LLrTPrp-fW8": "3", "4X4MwbVf5OA": "3", "T1Scd0rNt-s": "5", "G7kYu0U-O9g": "3", "XWzNExv2nA0": "3", "lPuWWADcUbY": "5", "V44DI0ZP8Cg": "3", "iKQH9wQaviw": "2", "ue5tV4SDldU": "3", "Ejf8lk9nYH4": "3", "F0WaSy5jNLg": "3", "UVYUCU8XSLE": "2", "B3NGN4t4hm4": "5", "YKD1XHDTJNs": "1", "8Z9hWVZ_BiM": "5", "7pi6BtYXD1w": "5", "Ytz3ljpYwIo": "4", "D5GBWernLHE": "1", "r1D1jI61ckY": "5", "aySEdLaEDc8": "5", "Ol7x46IpMTQ": "4", "hQmqe4Esq_A": "3", "r0m0tP0nR_0": "4", "2RHEjneBRak": "5", "bdHSIquSHMw": "5", "0sNFdX66Pyo": "2", "Bl6PZDkaT1I": "5", "lsmmgFxI0Jc": "3", "dA_aAcfA9Es": "3", "JCHm9BeCSlo": "3", "ud8p5t2sXOo": "5", "ofTqo8j-k8s": "5", "moPBR6os8Z0": "5", "Vz5DXIezqr4": "3", "ZUJudM0jSPA": "3", "7bzk_XrXroI": "3", "Ei6JvK0W60I": "5", "-2L1zQkJ8UA": "5", "WxgBXJM6zJ8": "3", "miC1VZ9UVCQ": "5", "uAgxZ-l5pY8": "5", "sdzPp7V21fI": "3", "teHGVlPT3qA": "3", "pbdzMLk9wHQ": "5", "W6nouIb9BnQ": "3", "Pu5JppruFGI": "1", "uykVxooNL70": "5", "-0wp-TLmP0A": "4", "C7kmm16PoDY": "4", "KT_155-ROy0": "5", "Gd3RBgp0CLU": "5", "alOOJiRRuz8": "4", "RGQf9dn0pDk": "5", "nVa4mlFZEmM": "5", "WREXBUZBrS8": "3", "vWv-RMV2nOE": "3", "iYhCn0jf46U": "4", "l6i-gYRAwM0": "1", "Uq3NsDX4Clo": "5", "7vMVNA8PY7A": "5", "0xYchV3KaVg": "3", "hyPKPXZvJ2E": "3", "_6rj5jisB7g": "3", "kHFnc_eV4Lg": "5", "WfMVC2BOFSw": "3", "vVaSYcRnxRQ": "3", "M2IpET_ydUg": "3", "msMehuZo3x8": "3", "sSVsUsbs1eE": "3", "-1yXdOufzKE": "5", "1CxQW3bzIss": "5", "z1rCMzkbhmc": "5", "OkT_d2OTgv0": "3", "YW-XHa3Q2cs": "3", "KwSurazWkh4": "3", "sbFmK4zZ9Ys": "5", "rZMkBHI0uR0": "3", "0yQK36sOlgk": "2", "Vxd9W0RVgFY": "5", "hHxE2wdegms": "4", "qQYz0I5dE_A": "5", "n-XABtUQFNw": "2", "OgzDWlmyyYA": "5", "iMfTHHLbj5g": "3", "51t7y5UyVaE": "3", "7VCYBtx6h4g": "5", "bTwWShYxcoU": "3", "MXiJBp7HK5o": "5", "UUJd2Ptfr4A": "3", "jHbCL__KKw4": "5", "UTQinvFuX3M": "3", "rHaRhKOcr2M": "3", "8N9gSS_HRcE": "5", "w-lOJDXt7ag": "3", "Z8yW5cyXXRc": "1", "Tx4SBSV9KVY": "5", "5I7VtzGcgtk": "4", "dMgiG6EmTfE": "3", "-KSKkmypTZM": "5", "K4wLg5g1xPw": "5", "isvfvNmoPYU": "2", "v4gitDm3byQ": "3", "womx9GYLVD0": "4", "8795zWhHjJs": "5", "pTdXVmgC3us": "5", "33D5iccLDK0": "5", "8sjUcp0UQI0": "5", "WSDvRkmTNA4": "4", "oirB6r0PySE": "5", "Vq8LsV8heLc": "3", "LOjETlSufwo": "5", "MOBdTP9ZB-I": "5", "qLIW8JWk1RI": "5", "RxqXF9ePllU": "4", "o1tZ2QN33SI": "3", "Dip_ThFvjKI": "3", "vYGvoUNw-Rk": "2", "YlKDu_XtG_I": "3", "F8bXFTHPK_0": "3", "vPcjTefW_Ao": "5", "P-i6PlKdMug": "5", "C6d4o6hxZOY": "5", "tkxpzXqE5ZU": "3", "Y_7WgXAlLFg": "5", "VXyA7bZLoCw": "5", "N-nfMbFKC0s": "3", "EwrgDhck57E": "3", "Spb0bo3IT0I": "3", "-XzQcpcgCKY": "3", "fvc2to0bQLc": "3", "ZnbMEkpBs48": "5", "By0S8NpLPH4": "1", "9n0w7F5hGYM": "5", "JbsJPO-ZreM": "5", "A01uRcmyuWc": "3", "OFYSUPlZmcg": "5", "oF--p4Dkv_Q": "3", "CkF1rck0hIc": "3", "YqKMI05XHFk": "5", "MfzNEmqeIWo": "3", "BtKw7V7hGok": "5", "sXlmF3eI9R0": "5", "dpzu3HM2CIo": "5", "2uT9fjUmm-M": "5", "Y5Io2bdZP1A": "3", "P1T_Kk0cWLk": "3", "j70ha1PUlqk": "5", "FxoNbut0vqQ": "5", "ArTzPA5AsTg": "5", "95QcBNJN984": "3", "WX3N0Rr-q-E": "5", "iYpxxHQrP_Y": "4", "DRQJ7_TXAPE": "1", "ujEqAi6-VGo": "5", "CxvChSSLXVk": "5", "D3J7R6WBJJc": "5", "FZA37-7bw6o": "3", "mcEV4TeUxRY": "1", "yH7BaQEguYs": "3", "sRv9_Q3HOmg": "5", "-AmKP9VE2Ms": "5", "tE2JZ5eQnUE": "5", "u1OmpTPffQc": "5", "IQovoot_ZUM": "5", "JqNjeNeJzuA": "1", "iTUUWOV4Vns": "3", "Cx_5i5rWVE0": "3", "R50jeoI8K0w": "5", "TdrE1VMxzoE": "5", "3wC7XjH-pTQ": "3", "nQCDPCKoKhw": "3", "HyRMsv3aEkM": "2", "r_X5C6e3ZeY": "5", "Lvd5gy1Xqps": "5", "iyi67AJhB74": "3", "WEJJUGJZxpU": "5", "5fHG8U96EZA": "3", "wrAiclq3dw8": "3", "zvydETA5cYw": "1", "VbHw6bnVc5Y": "5", "ROmhkfzXNko": "5", "1xGroEzJgYs": "3", "HssUnxcw9wQ": "3", "G7BQHahjL3U": "4", "yeL--HO5-EM": "1", "bwz98athxQ8": "5", "zx_cmAIyaDQ": "1", "PccOSTr-qvA": "5", "1GvKSd5g8eA": "3", "qdHd735ZGg4": "3", "HEb04FxT0sg": "2", "fqiqW-QiySk": "5", "_ZILy1qRZTU": "5", "-ijH3cRJ1BY": "5", "eH4DkWxoVT0": "2", "8oE5guoix3w": "1", "pzJCbdgf6hs": "3", "TnHydQ94Z_Y": "2", "3LJvV4dHtHA": "3", "qGVleYQkSyM": "2", "MhWRyh6ymiM": "5", "ck14LKBI9GM": "5", "rZNiP2ufp_Q": "4", "htCL8zVxvQI": "1", "eCSBRIkS2mI": "3", "YD7ya_NssNM": "5", "zFSs4LlRW9E": "5", "-VmCOAGhHkM": "3", "HaYFeUhyQ9M": "3", "aumsEbfWnjk": "2", "JinBKqSCSac": "5", "0-U4Yr9UNBo": "5", "GZ3x1tMre50": "3", "mMM3Yhro508": "3", "rOc16tTA0sw": "2", "G01psD8GU-M": "3", "Dzu_bpCcfuA": "3", "XwvKXU8Tnx0": "1", "DMA4o6zqw58": "3", "PoUfNATA7R8": "3", "6HF7pSdZaNE": "3", "mQDit9-z1Xw": "3", "vVkFT2yjk0A": "3", "OfTObl7qgjM": "3", "U7pdH1cVbyY": "4", "_krbxXawoAU": "4", "wN0G9qdMDYI": "5", "6xy_lt-Z5b0": "3", "Rzu6zeLSWq8": "3", "OsN3-29ijIQ": "5", "D93S3UVU8pk": "3", "wJhU1BLVezw": "4", "bAImHu2qNEM": "5", "ujpmTe8PZUs": "4", "ks9vBiL4SkA": "4", "b8TC7zxvWBs": "5", "j1U3s8TVACA": "3", "zuX6Qknahkg": "3", "iN9hRCxwxBQ": "5", "5JuVHCJVYf4": "3", "EkMtaZ6coK4": "3", "VT9XM1SSkv0": "3", "58ldzvk0t50": "5", "eWHF6rmt1WE": "3", "h8Ek3v1RBEU": "3", "-rYZwYEpCds": "2", "Mkq_1O2iNHg": "3", "FvQ26Ik11JE": "3", "kRyEpJaHn8U": "5", "sWS0GVOQPs0": "5", "aEK37MBTUPk": "5", "GHJrXqAKR78": "3", "0A_35Z4eQfg": "4", "-lmw0d6S6jU": "5", "cyVzjoj96vs": "5", "AhZo0QfFO9E": "5", "FsW2QM2oLy4": "5", "tAnlcW_ILyw": "3", "7fF8uIRdfYE": "1", "DyMtcblMXfM": "4", "eke4s0erdgs": "5", "gKqqoQ0ug-Y": "5", "29dlGyKAySY": "5", "fiMdhT67xqA": "1", "8KuQ3nhpctA": "3", "e3_OV5oODj8": "3", "IvwkyXwn8vY": "3", "TszuuF7cbac": "5", "wIdpxZnD_eA": "3", "X72GUu9V0aw": "5", "-NGPwtXywLk": "3", "Oh4COhEGRCU": "3", "ZN_sDtN9wH8": "5", "bggFBWn7YoI": "1", "K8ddz3Bu4KI": "5", "yu9sWjnJFHU": "3", "NgMr2lyh4k8": "5", "FDwlgxqaOiU": "5", "jnvgq8STMGM": "3", "7T3J4n_PJaI": "5", "HLbNXOJ9nN4": "3", "gXlDStpJVhM": "3", "doSdHnKNtRc": "5", "FFsL8JBVWm4": "5", "ltqssfzVyrw": "5", "-W3yiAPR6g4": "5", "VEmQEFCBp2c": "3", "Sia6jCXUraM": "4", "Vn2ZyRUZ4-s": "3", "t_3oIy5jAG0": "5", "1bRja3o3Sro": "5", "6HNKqffU3Cc": "5", "L8RP9Hxw34Q": "3", "pNTu9RjThRM": "5", "6kkeGgRG-uE": "4", "7DZao4kN73M": "5", "nZjQ0H_jpsU": "2", "0rFt8QE4lkQ": "3", "XHPamIfsT7k": "5", "YN_eu8Jk50o": "3", "dWgLVUmW0Cc": "3", "6AOvnPY_d-U": "3", "GvzEX7uBXKY": "5", "vQYStgWhejA": "5", "-GXvYexMoZY": "5", "taMDXh7yBIA": "3", "vyeTdmBn_x0": "3", "BEoqmJ_6DVE": "4", "E7QpcewlSqI": "3", "6Obj5eoSpu8": "4", "Bw0KIjIfprU": "2", "dHyPPvksUTs": "4", "Evnaic2jP7E": "3", "FlzMcscSa4A": "3", "xlb4SfKhsdM": "3", "AJYN5rdrZXo": "4", "3biYBKLNBe8": "3", "OJ0x_X0xXgU": "5", "naUzg6XAjM4": "3", "3UOGKO7tM34": "3", "2MwarUSvaLM": "5", "6xYCsZW07o4": "4", "5CaMUfxVJVQ": "4", "XYxUzUzCpqo": "2", "N2oL_gXECtg": "5", "IM-QYuzrXC0": "3", "8hDtBVP3U4Q": "4", "ohIH_EchYWU": "4", "FhjX5ld3_v0": "3", "vmfBkVQCd-M": "5", "VSdxqIBfEAw": "3", "omjMG1JU21s": "3", "_Zgi2KNtWVY": "3", "L90XMfzURqg": "3", "r3-JcET_Rzw": "3", "G3fXdPM0OrY": "3", "OhIEt5IN6GI": "5", "6tqO8iiP_70": "3", "Hi2RE2Em6Cw": "5", "hzkuTNxrqAM": "2", "sh6vqhOUX8Q": "3", "14xmGANmavI": "4", "5NYMRt59d78": "2", "yH3YLcQxxmA": "4", "Gw_a4iutD1Q": "4", "kZCbvpJ4O6c": "3", "QCk54X1xYVg": "3", "yr78_7Kip3Q": "3", "M7cUYVviK50": "3", "9dxua41fAgo": "1", "krxgYqVdOG0": "5", "RzDr18UYO18": "5", "92RWz0gr1z0": "4", "ewcsazvpxT0": "5", "VIfRqrSjJis": "5", "RH2clfEPxAU": "3", "KsLb51xLivk": "5", "UKn_7fyB5fw": "2", "Qq7c7hBXlek": "3", "50DKFO15np4": "5", "F6Q_47Odm1A": "3", "A1W6Ku5bJR4": "3", "zE9wNkE820w": "3", "QZVAX69ujEU": "5", "6uFQAqwbwSg": "4", "Plh9sAFEZJw": "5", "g6krjPi4Osc": "1", "WlNH9bzju8U": "3", "puDC_XSKRes": "3", "z2q7y50zxNU": "5", "wcIhCTi_HHY": "3", "OobrfR125uc": "5", "obHjzVSAJQY": "3", "SXQY3A2eJc8": "3", "H_WSu29W1CQ": "3", "yhkkrkgCNkI": "5", "pkpX7tU3vuo": "3", "fMxb-f3uTis": "3", "m82OKNwOeaU": "5", "mByznNYCWTY": "5", "OqiJOPXpksc": "1", "zryW3mGUsa0": "3", "BRMQ08cG4Xg": "3", "PmrTDZy3f2M": "3", "Hsufiso4mLo": "5", "Nmgice3ieZ4": "5", "-DFuMqROFCQ": "3", "RAxElNM-Dmg": "2", "4a5fS0F6LLA": "5", "lxlmA8Pr_iY": "3", "rkqehuUTQ_4": "5", "dvWGLcdI8o8": "3", "stbtl2Arkag": "5", "erhsuXTyDww": "3", "l7IP5SV6GqQ": "3", "3mqscqDcoEY": "2", "Jv5StAv77Dg": "5", "CO0qwl5k9R4": "5", "hX1S4U33IgI": "3", "oUMo1il7me4": "4", "JrOCJMcs7Z0": "3", "47ZZjEXcJ-U": "4", "kNLwH8AEa7Q": "5", "yEH4Yum4nN4": "5", "1QA9pvLiu_s": "3", "G2Sn8z6hkT0": "3", "sqLNG9VYUcY": "3", "XqORbzbEfoM": "5", "V68UXteyuFg": "3", "dx6z-vDgz_Y": "4", "v-gwjJ_NXKU": "3", "iQuTPEYg2ow": "2", "Fiyy3Gc5Mes": "4", "UEVa2swtC10": "1", "0OOz0ixr9MQ": "4", "XjfH8wJ0zqM": "4", "tbTHevlbdqQ": "2", "LnoumTpLMfk": "2", "YydYJoz36UU": "5", "XftGMT8qDtQ": "3", "PFbeP6YqHzg": "5", "VDut1RkQP_s": "5", "eEgMjH9bVgQ": "3", "KJfX0FuB1Dg": "2", "Z4FH6w_srFQ": "3", "6oJXL398aBU": "3", "dskwrtTt2wI": "5", "bWUIugV3AGc": "3", "jAF2hZxdFRE": "3", "znzSrhKtPbc": "3", "R9ixmH48CF8": "1", "BnQMq5wtZcg": "2", "E-MRp96TgbQ": "4", "SYF_EP4tmaY": "5", "kHCDajKs17E": "4", "KjpVMX3wcJQ": "3", "cbtf1oyNg-8": "5", "TVETIivaXlU": "3", "u1QdH6ZgJ3M": "3", "-iJAbi92xeM": "2", "O8TgVKtRB28": "3", "m9j8v2jhGqk": "3", "e52TSXwj774": "5", "WkYnX_VCMP0": "3", "osB_PSneUik": "3", "csrPT9ClVUc": "3", "D5l-H3fj8Rw": "3", "dXJ8AzlsX8w": "3", "kCvF0GmiHq4": "3", "jIPE9QM6FeM": "3", "eX4MdXF3OWI": "3", "a9WB_PXjTBo": "5", "VicXmrGCnYA": "2", "dcTjsBMIRU0": "5", "bL6aaatfWQU": "5", "QR8A3T6sPzU": "3", "893HhPM_0ks": "3", "7aUTdYsZda8": "3", "z7CnMN3xi9w": "5", "GXhXsex8y9c": "5", "F9_Vz_xVjAU": "5", "MF12L_uIAzU": "3", "we3aNazTODs": "5", "F7hwvWIK1eM": "5", "sSPP0wQslQo": "4", "cbfDGMfXimA": "5", "opNPUpLEJic": "5", "Mq0K8Q1lMgo": "4", "SfAxUpeVhCg": "5", "UzNcixxdnZs": "4", "113mRmchumY": "1", "XwdUXS94yNk": "5", "Im77qklKzm0": "3", "qoxRKfaG36Y": "5", "peUxhH5TKtY": "3", "mucuLrWHGqc": "3", "OlZqBR3yTiw": "5", "mcpgGmo8_4o": "3", "MVLzkTuVmrw": "3", "axsqWbxZJGc": "5", "X9dyADHwK74": "3", "kxTo6d34mUM": "3", "vQgbLkJVgAU": "3", "fDoDUC9M0Sg": "3", "4ArXuQwjj7Q": "2", "a_FEhbdChkI": "4", "RMqv_GlnyR4": "4", "7LF0CNb6-KA": "3", "LVeBHwRbXB0": "5", "FOiY8YMJ4Q0": "3", "KdRrP1Kh9TU": "5", "W3U_Vxmqn9Q": "3", "QFsXJGlShTo": "2", "_OEijvTi0NE": "3", "tqVrAFFovNM": "3", "v3m8zkjquYI": "2", "pM3gfiregSQ": "3", "3bY7aOx8WHk": "3", "IlN82YoEpNo": "2", "gm6TV-sg3zc": "3", "jTNrakZWppM": "3", "7jeYZCzg8uk": "3", "7LQpRQh2KSQ": "5", "R_sX8DNJHJg": "5", "2IJtQvaK9GE": "3", "YcD3HHmKT4I": "4", "wvmnRLFYIIU": "3", "zSWES5qtht8": "5", "3iOO3uerUJY": "3", "__kJ7HsL10Y": "3", "DZ0x58a_L4s": "5", "zftD8q7SnJg": "3", "vn6E0boDX3g": "2", "G9ZvxYcPJk8": "5", "YCejo7c6pBs": "4", "qzilmXQ0ReQ": "1", "8nMOcw70RX8": "3", "wM75ulDRkhI": "5", "UJFDaEE799M": "3", "2wNW481Y39A": "4", "wVheMazNeM4": "5", "WJiz3SD5g1M": "5", "dgTrzCMFg9c": "3", "rY8MhKBZadk": "3", "utjtqCgUDnE": "3", "eFYH9kMHiIg": "4", "XCrhZswcukk": "5", "e3fv8IbnhXw": "5", "pgheNRqftos": "2", "yjno-e4WMtE": "2", "Q81bsGI-JcY": "5", "xTCrs-wSacg": "3", "xgk4J8eLRSo": "4", "TEsp-IYQaOk": "3", "1jy3Ow_edZM": "5", "Fobc_Jnx0Zs": "3", "XJdi689BqKA": "3", "WfV45T0PXQA": "5", "Tt4odad9p8c": "4", "fsE0g-8CDQo": "5", "64RHWvy_SoI": "3", "_th7oVWjrXM": "4", "O2vBJt1iG60": "1", "qSvb7o7xrxg": "2", "_6MAkLJ79LE": "3", "skedzvviBWM": "4", "CzcxM6u7ey0": "5", "I0ZqXv8KsJc": "5", "HzFdDFhenk8": "4", "9qQAn-wmUDM": "3", "hmT0WGVjT4M": "3", "9iL8pGHgBjU": "5", "wiixrRgysks": "5", "8zTDbpxT8ZI": "3", "LmSmrSm235A": "3", "moWeryJjRNM": "5", "4Or2Tanfrtk": "4", "dhwKGg4mhiY": "3", "zXhfwbjSovs": "4", "mR9UgTWUELo": "3", "uEZBoUdS7f4": "4", "F02kgBHjBms": "1", "SswMzUWOiJg": "5", "3jx_NcuZXac": "3", "Q49CQwAmPIk": "2", "HexTZbSIEII": "3", "LhGJvGhIzaw": "5", "prqaLhnNYIo": "5", "qPdSUywxbR8": "3", "9go38MgZ4w8": "5", "H-V7cOestUs": "4", "wF_LJfwFsE4": "4", "3nKGrlVvabQ": "3", "8AsihR-MCig": "5", "ib-Qiyklq-Q": "5", "WhfntLl6xx0": "4", "OfY4PyFM3uY": "4", "zeeBp2uqcKc": "4", "HnL-7x4n4d8": "5", "eob532iEpqk": "5", "qWr8_tsG0Oo": "3", "D3KsGTIeO7A": "5", "faAZo970RA4": "5", "qi7RgBU1nlE": "5", "Sfy8UYRhmpA": "3", "TfOumoFSs0k": "4", "GEVMkdScUZc": "3", "j28GvX5sFHg": "2", "yZdWPqpVbEk": "5", "08bkLusdaOQ": "2", "PXTagE7BtRU": "5", "NWug8UKCZxo": "2", "uVqSmJW7JFg": "4", "kI-e19z0Og8": "1", "vShYYeWlgbU": "2", "QqScHid0h-c": "2", "ENp3y6Sk8pk": "3", "1AIDh3-sGW0": "3", "1krJqn3smbI": "5", "tRnp4UPI-Qk": "5", "HRu7W935dyk": "5", "YfFlaavmqSU": "3", "3quMz-EAThw": "3", "Ht3HsVs9alo": "5", "8Bc0WjTT0Ps": "3", "yGVaArcV9BE": "5", "z4-O-tLsCDo": "3", "tevkM-vPqLY": "5", "NteAPGprDJk": "5", "xDrHWtN2-C0": "3", "hmXp5nrGSwQ": "3", "dQmK1CnwOUI": "3", "2-_qRS4Li7A": "5", "oal-vBFmnRk": "5", "uIVfcqanGEU": "5", "Ggg0bsUfLBk": "3", "SZ59-omEYgc": "4", "6FSOKnW9BLI": "5", "GINmvzOpfvc": "1", "tYysQOHTimo": "4", "cwRSIRBzg-c": "5", "Vuw5g1tBrvk": "3", "_T5FcBB9GIw": "4", "cp1DMQ-x33k": "3", "b-j7H71q3jE": "4", "L4t-fCKQCP4": "3", "d4gb13p2Vao": "3", "ckXUcAULF6Q": "5", "qjKMAolOf6E": "4", "Bkcz98qXUPo": "3", "28pbk_cQx-w": "5", "vEEWxUHKUZA": "2", "EEfdypNxAVU": "5", "_lDncgUwor4": "5", "bp67DsgTqSA": "4", "ut5qa3B9GEk": "5", "Bh3b6M4g8BA": "5", "vSROQRmdZJU": "2", "4IaDS9MpzH0": "3", "LQqyDj7RX6Y": "4", "nlpZRK2Yfd0": "5", "jjV91ZRqu-o": "3", "2k88FGifTFI": "4", "kH3JycOMCR0": "5", "8j2wmtOrzy0": "3", "C39GKOf9clo": "5", "Zk1LRs39xGE": "3", "Q5qZedMTkkE": "2", "111MTs7MGuw": "5", "dGfQgat7KiU": "3", "DED1fp04298": "3", "1QEYO2f77Qk": "4", "3zCtPnz-Bxk": "3", "z7HGLN8r84E": "3", "nfGldW3PnE8": "5", "EkcRPhF2gO0": "2", "0dwNyxycNqQ": "3", "QI3x6pEwmHk": "2", "vnOyMSEWNTs": "1", "8SVnrNaNv7A": "3", "T1rZ_GuLZ6s": "5", "oVngo_slWJ4": "3", "uww_MqZD1Tw": "5", "BEgmHJj7D2I": "5", "ROzC0-LD1P8": "4", "NvEC1qZuehI": "1", "YkruVmCZoJ8": "3", "FoGGDKV88Fg": "2", "e6o8PbAsGKA": "5", "LVZy1FIua2M": "5", "M5A2a56ALMc": "5", "RtETcsKfVo0": "5", "uqToVzu0iTc": "5", "SNgjU783Y8s": "3", "wnwEntgHyFI": "5", "IqlrxA2Atdg": "4", "KDLIl7eP1w8": "4", "QMqVijLB4z0": "4", "pDGxehBp3Ug": "4", "wJl8sIAZV-M": "3", "21ivbtgqJkg": "2", "b_L3jgr97FM": "2", "WikU5oIkL8c": "1", "MLk_dCtwJsY": "5", "Co1oj3o4tbE": "2", "V5JEThKxsc4": "3", "dY1ecfWT3GQ": "3", "eI6mIlHKrVY": "5", "oFGA1IFGMU4": "3", "CUCC8D0Pq_o": "5", "zB3JekAH9rc": "2", "DvpKouRTCx0": "5", "MTUyMzR6ucQ": "3", "EQobIUE1zTU": "5", "2UHi7m-oWgk": "3", "SEkGHaD7ldk": "2", "sgMl-iZ3tZM": "1", "iUP3PMLdoOs": "3", "Q4uSKvXEuZc": "2", "eI8YZdejPKg": "2", "j0BDwzN4viw": "3", "gSUMLpmLV4A": "3", "rn0lwGk4u9o": "5", "dZfkSAQWz9E": "3", "CRiC9iTnlNk": "5", "3wdaADBIoH8": "5", "RaFcbOBw8bI": "3", "hlDFpwZPWJY": "2", "1u28Z6RM-FY": "3", "obC8w93I5HA": "5", "U-VzZQGWOqA": "5", "_yl7YfEyK4Y": "3", "J5I_qRADxIo": "3", "tll-4WONtg0": "5", "TcOOfpf_YBk": "5", "NENrMgUl8JM": "5", "F_ivP4xqeZo": "3", "VU8k5iTim-I": "4", "Z76fSElJu8o": "3", "kC43BDxrNhI": "3", "apN1ptgguzg": "3", "O8vZjrvYIsI": "3", "lJu7oFtAeZs": "3", "azDtIqe-zzE": "5", "N_r349riLEE": "5", "Af1OxkFOK18": "5", "3LB9sKseRGg": "3", "EJxibzQfeBA": "4", "rFq7M1vUIgU": "5", "Y96zjf5AXUg": "3", "_RuQrkMzvf8": "3", "Owq4457dtXE": "3", "Snoxw4F6xp0": "3", "-D-jpc741rw": "3", "o3GksS6WGgY": "5", "fKTTV-E-aLs": "3", "NIsvor0ID_U": "1", "uhhcaN03tXs": "3", "idQhux3kqTw": "5", "1w1myYavVsE": "1", "rnBAIJ1mzqQ": "5", "EIv10asX7cc": "5", "8iXdsvgpwc8": "5", "2o1TA0PG6pA": "3", "2idFHFN1J9Y": "2", "tDIEpusrQyE": "5", "qbKXo9K59ZE": "3", "CjaChfeguhk": "3", "DdD89s1Xjtw": "3", "wKn5K5V7tRo": "5", "D0cyg74awpI": "5", "mSzGpC5Xihc": "5", "DFM4DSJHs5w": "3", "J0HKpQyhmcA": "5", "Pm4_Sj1L4b8": "5", "q8Zc3ilbkWE": "5", "WzQ6a2UKlGM": "3", "YG2nGaRCWjo": "2", "T8y7uf2LmkA": "5", "yZaOUpzq4Kw": "3", "zeGT4UArCdc": "4", "d_XTFjvvcnQ": "3", "NFg3HBMJyV4": "3", "YQs0OxlF9bY": "4", "U6xmeqm8k7Q": "4", "1iAzpTqRIgY": "5", "w5NH6qXvB9c": "2", "vtP-S9OS0o0": "3", "lNfPcMGneb0": "5", "zP3DcpSSH34": "5", "tWeE2-X7wn0": "3", "DYYy8_GCdn4": "5", "Rr6qaG8RlUk": "3", "2yO4-Oh-JP4": "2", "MQLMeywyy7g": "2", "h5LR-IZbbc0": "5", "wO7HQ4fNrpA": "3", "7vCet60rr_s": "5", "XE9DaSxwEr4": "3", "ffQf0ztguzs": "5", "g0MdXNmwxdo": "5", "Yr5ZWYRaAyw": "5", "QdwsaqwfK8s": "3", "9MepHcKOYeU": "4", "KtkfE_OWSzo": "3", "zR_-YIPP49U": "3", "ZbTCfuCnWCE": "3", "a0YTHkqtzOI": "3", "VoP0tAvHcGY": "4", "07i6PO1gP10": "3", "efstterUes4": "3", "DiZdqp85EfI": "5", "P03flnwV__0": "3", "VFYiqDh0UxE": "3", "rSTGOyDFPrU": "3", "XUDLLRI_jXo": "3", "e6Qhmdk4VNs": "5", "zeArvKw2Y-c": "3", "h61AVRe_Dd4": "3", "VZ9HkICDuOI": "3", "py5J2ucsK9Q": "2", "cv157ZIInUk": "5", "uDBJ2ktSZpI": "1", "oSHtuXXbig4": "4", "idJvKQr7LWk": "3", "uGlYpkQfk_0": "5", "_I1UfeCH3SY": "5", "Om5zrGo1n6c": "5", "ql7uY36-LwA": "5", "DH2yYPyH0VY": "5", "98BIu9dpwHU": "5", "-UGQp9pfU_Q": "3", "5J58i_qbQxY": "5", "AhlpVjZxutw": "5", "w10a7OCsjzE": "3", "_VX6IOJtn7U": "3", "v3nD2ySQugQ": "5", "mkLjjgxy7hQ": "5", "zKQbsrRutvE": "3", "h7k2uwJmwxo": "3", "Q9aJBgPpgYY": "3", "MpiJtAgb918": "3", "7qRIx5t31zo": "3", "x8JRZDVq-Ho": "2", "MX3P_fcgtHM": "4", "CwpNQWrD8PY": "5", "Rbrea2OXbRo": "4", "Dlf1_vuIR4I": "5", "kte8Eij3TPQ": "5", "EjQ5Yw72xtA": "2", "rZBxVuTClUc": "3", "KDuLZeVfYcg": "3", "tsZUuI2bSG4": "5", "KGr_KFiCX4s": "5", "GhFGH3Rj_94": "3", "Hk2kUKrrxtE": "3", "V-GgoHaHz6s": "5", "MYSmij0407A": "4", "STVn3BmZXw0": "5", "sIgv3tTYYqQ": "3", "CpnYLvVrA0g": "3", "hMa1yH5QCxk": "3", "lyknI5_Wcqs": "5", "a1gpOAYth8k": "3", "Ogf5gG3ORPk": "3", "oWdZEJW1vWY": "5", "Fj7kFvk-T7g": "4", "qCoReA4dNV0": "1", "fB9ERHjCzfI": "3", "uM0XeDzbULs": "1", "7iCXk67TIB0": "3", "elDrMzkUbHQ": "3", "l0fJnbuc1ig": "3", "daIrc6uBRkc": "4", "5tisdEErLHA": "3", "V_3H_Y5QUWw": "4", "tw-6rkZ1Cmw": "2", "99iAONlvpbw": "5", "mmePn5kPfh0": "3", "bqeGxMgVOHI": "3", "Cu-qFrFMc_w": "5", "S_bVfu9zpHw": "3", "vft5RNJ-U_4": "3", "7IcGYHU8WBo": "3", "TR7JApjgIGw": "5", "7T5jX_BNnb4": "3", "agI77DDECkY": "5", "hQokYC2-b2A": "5", "mm2lAWZ9Y5k": "3", "U9y9McTwNKE": "4", "mCVaLGPHqOI": "3", "Yh0nkoJgDM8": "5", "-usbQDfTIqE": "5", "D-ie_aFsfb8": "3", "4va3G-CNNUo": "2", "SDwxwvQEdPo": "3", "cLkiyNte_U8": "3", "vRYfouuHPvs": "1", "fdB79Gb1aVE": "5", "ZlCVwarmwJM": "2", "ivLmx6ixRRc": "2", "a5abtmwuo1s": "3", "Tbxq0IDqD04": "5", "HT666XwJR2s": "5", "kkiz1_d1GsA": "1", "iJgnAHEHBYI": "5", "15nAJorLmHY": "5", "UW4K0hKqLX8": "5", "f6cvgN0j_CY": "3", "iQnmoquHwaA": "3", "xzv8YzbhM98": "4", "Ih4VYnbm6Sw": "3", "KaxwXegbgug": "4", "3KyvlMJefR4": "5", "KVgijMlXMps": "4", "d6hllDE7VJg": "3", "l5tcxmnv8c8": "5", "iFNi5-hppUE": "3", "qiFQsxGUQOI": "3", "IL6UWPlf9EM": "4", "FuKGC1djld0": "5", "xaZlPaj5SAg": "3", "eeVelhH-aIU": "4", "7ZvOqYVs2ao": "3", "KJegaxpGBQ0": "3", "yEnxF4sPmpA": "2", "tBxMpuiBO7Q": "3", "1q8ihgBaYog": "5", "i0NloNxh4xE": "4", "JY02BTJrrOc": "3", "P3IjDZWcsTE": "5", "hE3XQXd99iw": "5", "cBoD_zRfz_4": "5", "meW77mdWU7g": "3", "Lu8To4CwPfg": "3", "DEmA_QF30GI": "5", "Hy409bgKcgE": "5", "qBRG4RkE51Q": "5", "byPCI7Y4paw": "2", "yq17qH-zxKg": "3", "5hp2YS0GzCY": "5", "VHz30rlNHCc": "3", "6BB9MI_8bsE": "5", "YJeaO0trUoQ": "4", "BWTmYKKCmZk": "3", "FT7lLnd_DYE": "5", "L4zQ_q0fbmw": "5", "M7-KYW_FgqM": "2", "3vaDzDzRH_c": "3", "tTJDZ4Fl4sg": "5", "BDumsN1NCGg": "3", "rK4Bh_arF-E": "1", "lT8bG7XqnBw": "3", "JbxLsqJIdsk": "2", "9Id_r6pNsus": "1", "sRzh8uLA1tM": "5", "JTRJBpNTcHA": "3", "KfjQTkEVy3U": "3", "khDdRExFF-k": "4", "wuzlcAKPoDg": "4", "b_u5C749aKQ": "5", "RdPDrilMi_k": "5", "6ThU8dS1ItQ": "3", "KfUCkewOiBQ": "1", "YK2VZgJ4AoM": "4", "tSJXjRkCKvI": "3", "F-OgKyUuFfI": "3", "pV7-cwgRjL0": "5", "BpOvzGiheOM": "4", "0LcHFkXmCb8": "5", "8FYJKrHNeqI": "3", "hnI9nAIsSeA": "3", "EOxCl1P5r4k": "3", "SPc70pG-7tY": "5", "0xQ-HyzAgRk": "5", "YRpzk1oQ5jQ": "5", "6-BPFPwv8RQ": "4", "P_o1_li9FCI": "2", "KpqEGS7asds": "5", "jO3K0B3kLZs": "3", "enJbXlb4zqo": "3", "Q2TtdM4iI5k": "3", "IJKXCEXByp8": "4", "otR8V7rlnjA": "5", "dB2UJ5nV1VY": "3", "DPEJB-FCItk": "5", "6VEHt9cmtzI": "5", "-NGN4J6F_vI": "2", "CCBnUx5uMqE": "5", "92_2HbPjFdU": "3", "9VYLCP0JeIU": "5", "ZJXRdce_INo": "5", "Bw1Iwzst2bc": "1", "KnwxN24E2yY": "4", "Tjnddp_pOac": "3", "pcodyFKKdVM": "5", "y5trB-JyC54": "3", "Lt_OS54FFFE": "4", "U-AjA5VOZjc": "3", "XdOiF_qdQLI": "2", "eU17_kd-e4w": "5", "LSZPNwZex9s": "5", "jgnUqYSxflg": "5", "uA-_HGiV6eM": "3", "ueDjWG29Kwc": "5", "XVTo4y5e08k": "5", "iLsDZjIH7sE": "3", "TXKGIAdv0sE": "3", "R2QRUN_gO74": "3", "s0sbTLCLpgY": "3", "N0TY3_9-Oe4": "4", "jzj7STruKgQ": "3", "cYIN-b8qjmo": "5", "qKiQA5e-fPg": "5", "js6VqTldWi4": "4", "Q-0MP0Ql4II": "3", "hxW2qrzciIA": "5", "QhOXx3JRlMM": "5", "JWMM7HPeTHQ": "5", "uw08j-yOfcE": "5", "l0GS1EQ2470": "3", "GqKXkKplELU": "5", "8eA24a6ohjs": "3", "qaOvHKG0Tio": "5", "be8E-_ZR2-I": "3", "iyNQr8k622c": "3", "KFQXuCexTZs": "3", "Rk9a6BodzdM": "3", "dn7u5XvupSU": "2", "PJ-JBFXh2IU": "4", "97z8WZXrCCo": "3", "WLb8AwuZ7N8": "3", "OXD8gB2OkAg": "3", "sNBdU0PwWKU": "5", "JpVULjoF7uI": "3", "XLBfHyfSD5Q": "5", "LMPKVWN8NQk": "3", "I7CZuPiY-4o": "3", "awq90APEVgw": "5", "ctVKoj2jZLU": "4", "MixNh9L7G5M": "5", "Nu5VJMv8l3k": "5", "-kVhurg5b9U": "5", "Ln8_AUCIkAw": "5", "tCAY8YH0X7w": "3", "YdB4DJArCns": "3", "OGqfFQdSbIw": "4", "QUOqFV_v5po": "5", "E1GrfYVfxpY": "3", "YxhJD40NaMs": "3", "eOhRcauf7tU": "5", "GF1RZ2A1cq4": "2", "a3LUeeDwLXI": "3", "GvMbfC-Z8mc": "3", "Xu25lUDJZgY": "3", "RMEEpw0oh10": "4", "rskFaiDIEwA": "5", "79GTD0Q3-yI": "5", "CvZ3WwEEtPQ": "5", "OqHDg-DGWsM": "2", "b3F-20ld720": "3", "uoABty_zE00": "3", "xxYjJ341_Fg": "4", "i7GxI9aiiYE": "3", "rTJT3fVv1vU": "5", "f8T8eWBmls0": "3", "-UP6DuhIc4s": "1", "BR07oZC0QHU": "5", "9HzLLF64F3U": "3", "YkyTQP27H6s": "3", "DM58BGhJ6oo": "4", "TVqe8ieqz10": "3", "OWZ6xtVLmzA": "5", "0pGgRgTnMTA": "5", "tMe3WDmxBEI": "5", "7AVmI73va4g": "5", "0KIqDAijbS8": "5", "6mpS6V6Ucrk": "5", "5QLUr7zVBeY": "5", "rBPmG2lK1uY": "3", "42f8stXuFPQ": "4", "XXCvPwgx320": "5", "KS_6HHQ7jOA": "3", "MV-_bqt_ePM": "3", "VcaT_wRwmuw": "5", "e58Lr9oRHc4": "3", "8Suu84khNGY": "5", "KYd5XMs-nVM": "3", "lDUOmY80GhU": "5", "PbA1F8z_ppY": "1", "V32xhSMhCXE": "3", "ULL6DqJfdoE": "5", "jwM5_-2Z1JA": "4", "qfSVlybYNho": "3", "T_y3HfRGRek": "5", "mBwhdjaMfBA": "3", "Nv5eL4onluo": "3", "TLHP_DXmBcE": "2", "9mRCi5vxrA4": "4", "zl4lAX-hoqQ": "3", "FtnESCiZRnw": "2", "fQYvkhlhH4Q": "3", "Ccj7qX_NdJw": "5", "Zpa6ttwYENs": "3", "iZQbY4sVGDs": "1", "NySN_plfiNI": "3", "S_US6re0sHM": "3", "thNmEKUBG5g": "4", "UYy1GmJgFXA": "5", "SHdV_a_QAa8": "3", "5Ea5lKyWxGc": "3", "Tb-OVhtKsyA": "2", "TkHA2pf1gvc": "5", "qADLeOv4UfM": "2", "LEc-35QNaoM": "2", "zlulSyBI2aY": "3", "bKWTB682GdA": "3", "v9ilXA1bHg8": "5", "GM2C0fiZcp8": "3", "gEMUUL-Q7Io": "5", "dGef5vWiUow": "3", "QSgnWYlUtj4": "3", "3iHP5bBWFrw": "4", "NWlOtBV5zO0": "4", "b95oyhSd5ls": "5", "ou9AabR6_1w": "5", "h7y6iE0aB5s": "4", "iSsRWJdTlFw": "3", "qoWIPOXnGtM": "3", "fbiru-km-Ps": "3", "rIzbZndT79s": "3", "W-2MXzendwA": "5", "TyDl1yEVQ_I": "3", "KE1myHdqlWM": "5", "q0rSbR80GQk": "3", "OYolmh5LDbU": "1", "4Krky4i6Xk8": "3", "nVyYWy4dgc8": "5", "FcVno8saeZY": "3", "3iH2jJLfR0o": "5", "dt8WKBM6Tjs": "1", "bYluhQEhyeE": "5", "tkUHLrFyaEk": "4", "q-xkGEW0dVA": "4", "KZEZ4-KxuL0": "3", "6dwjoUYvHs8": "1", "P8LARnyyJKI": "3", "-kwRrnS5vV4": "5", "6T2olgjnDWY": "5", "RErvLXHsKmg": "5", "iQ1-jSvxMJ0": "5", "pfxB5ut-KTs": "5", "LpjojQea7Lw": "5", "IiYRIhGnLiY": "3", "7Guufs3mdgg": "2", "yY7VmNv6ud8": "5", "UK9VU1aJvTI": "2", "hBwjS_4ow1Q": "5", "QKt7A_wsq_8": "5", "C6Ds54kVdlQ": "5", "yTLQBOlgkTg": "3", "BzNhTGHgdeo": "1", "3iv2NnAxVmM": "5", "WEv1DrfntZ4": "5", "E1KVn_XQlqA": "5", "c32CSBdhb-M": "5", "WExHEUYou8Y": "3", "IhdJkFH7K38": "3", "GqrhVFrDTd8": "3", "g0u0oEUcasU": "5", "VbVa0cPAJ1g": "5", "HypgcCT1r68": "5", "6kYqjTA_VEg": "5", "9y5CFRb0FyA": "4", "mfrZmzP2ZTU": "1", "wT4DR_ae_4o": "3", "EzW4d4QknOs": "3", "7Kb3rDbBWEI": "3", "_8n3VwG1xWA": "4", "jJ2yGIYMWwo": "5", "7QBgCfKfXqQ": "5", "SQNmOC7W7-A": "5", "bNGtPI3AQLo": "5", "8M-sAPobpfY": "3", "kPiC_fTPIbc": "3", "ljH1f7ESmUU": "3", "DkJ2tyCzyiA": "5", "sF0M_Rpv4Os": "5", "QtznmBe_T8w": "3", "qTz5jAn-XX8": "3", "4tqM0RSzQvM": "3", "fz5IRdFIpvA": "5", "KShkhIXdf1Y": "4", "a2E5J157hEo": "5", "H61Iw9OGQ-c": "4", "v5LjcaN0kuU": "3", "sjgLb0HJ3VE": "5", "Gn18qz-iVJI": "4", "0cP-qr1JUBI": "4", "pieK7b4KLL4": "5", "lVt0ZyO9ft4": "2", "LwDyMlfcxwM": "3", "hNhSBhJHBls": "4", "K_PWFs6tMpM": "4", "1USbTGYv9ZM": "3", "9u9tDUHwCio": "3", "jlXRengzZoc": "5", "Jy36yeOO4ts": "3", "3hb1pYdEuLE": "5", "Dv_yS_90D3k": "4", "m4ZEEaPyeG0": "5", "PUEI7mm8M7Q": "5", "d_MreRQ7_-w": "4", "e0vyx9sa99E": "5", "wczdECcwRw0": "3", "9WoM2bHfr48": "3", "_anNRzbAQQ8": "4", "AZMSAzZ76EU": "2", "2gHeBVyqJRo": "5", "pQO2VtV1PNg": "5", "y5Aj3mEvCa4": "5", "fHV2iN0TmMA": "5", "8EtGkNVD320": "3", "B8--HRraGck": "4", "LHt7msyiLsY": "3", "p0qYO0ZbdUo": "2", "CGb4s-Hix90": "3", "NK-oRUR3EY4": "3", "DoXRMooXv0c": "3", "jZ6HPyhlChw": "3", "2eXbSwaVcVs": "3", "K45m79fEyz8": "5", "XQ-NXWecM94": "5", "ttvHDYgEs94": "4", "14X98i8psts": "3", "rdcLg35QMs0": "1", "u_R5j1B_jOg": "5", "8BCIOFSym9s": "5", "9NYu9STVm-I": "1", "4tZKhJBLu_A": "3", "4hScgyXu_9c": "5", "JYu3LjgnT9s": "2", "m064aD_kH40": "3", "UTjDWkaR6ZQ": "1", "hIqC9IYMUOU": "5", "D5H1A7-6E_U": "3"}