{"KONL05sae4E": 21, "VZ9lXgcYL50": 1, "XutXCTwwmYc": 5, "h6CcxJQq1x8": 6, "w22oOw3RIAk": 5, "XkgGZobFUq0": 5, "1KkVdbUr250": 21, "D-Q5mUes_8k": 9, "bqmzpwxDJ9s": 8, "mcP_f1UEQVo": 3, "-nYhixp7bXI": 6, "xtJqw--DGl8": 3, "qhbliUq0_r4": 3, "EIUSkKTUftU": 9, "QEDRDrV55q8": 1, "5AP5zQrJRIg": 8, "DlB4hFTAxOo": 9, "PsH4uuRT2w8": 30, "sPneQzqhh4g": 5, "G2wBnjtmmg8": 23, "ue5tV4SDldU": 5, "QNh18bRw_0k": 5, "MX145Tu4MHY": 6, "i6O98o2FRHw": 15, "9IZ4CN-CTCM": 6, "5AuLkMBAFZg": 15, "Ejf8lk9nYH4": 6, "iZIHSn1ILxs": 6, "w4kHmbZTvyI": 6, "-S0Azz85mlA": 6, "gm_n76Dsl0c": 6, "BhHONpmlxPc": 1, "g7xSwrdkOMM": 21, "dNjIpip6e3A": 1, "B-XHdkCsc5U": 6, "-wXjs6DXoeY": 6, "QXAYIYdvnys": 5, "hFYCjZvv8y4": 14, "7GKuZu9xkj0": 10, "r3idOGxm3FA": 1, "3yieFIhdeJQ": 5, "lfABnAS5i9Q": 6, "BntPVmeo7ro": 9, "mulAi7cno2Y": 6, "1jP4O7rEHQ8": 5, "-iKqr230U9M": 15, "wTfBWIJ8xQo": 12, "0tteHhYh9rU": 3, "z01w7kSkDbg": 1, "baicgyq5UQo": 6, "3zQ1lFaQBVc": 14, "P9LHzVEPodg": 1, "xeo9mVnuuWo": 6, "LL0s6qOIGr8": 21, "-XidtaAetyQ": 25, "hy2rGDWgOu8": 1, "8zOgbkg6Akw": 8, "bCxiuuJVT-8": 14, "azJEx1URHsI": 1, "biEjueDCnqM": 25, "mh6vHoyBs58": 25, "ghex3MkcoJw": 6, "Tjnddp_pOac": 5, "dUig9IAwggM": 6, "HtYOm59fys8": 6, "2Zr7lY4WsFA": 6, "7nr-irGW9bw": 15, "NFg3HBMJyV4": 6, "xK9KHSYmDRQ": 9, "7oHsDGnZTcw": 5, "sV6ITSt4jzM": 5, "UU0SP91D9Js": 28, "DXvW6i1U_uc": 9, "1WlRcXIO5ik": 4, "onPZIVemXKQ": 14, "Bdegk_3T2K0": 1, "Pc5gHm8Po20": 1, "9MepHcKOYeU": 6, "0A43tb18T8Y": 6, "VRrMu7B1L2I": 6, "d4rxwT7TwXg": 5, "QrnoERrXXAQ": 6, "NjFnoU0IJrE": 28, "Jtakqt3Jygk": 9, "-T7zyezBkuY": 1, "4jpmWTqKeW0": 21, "tr3dFSzh1yU": 9, "e01a4-ClcTs": 21, "VX5au0LOJp8": 24, "MsmxhpjYa5o": 5, "5ecTR_nQzkg": 25, "Gz-sC-vSIXk": 13, "ObdSno1uoQs": 14, "E4_ygnUilm4": 6, "7ks-zhWCA_Q": 1, "kfrZnIx2VFE": 14, "287EUNf3yAk": 5, "hQmqe4Esq_A": 6, "kTaCT8ZmdJA": 6, "dgFsMuuX-NQ": 4, "jcH8WPds_qU": 16, "r5vgDdzJ_So": 9, "JuHMQ0QpH44": 6, "J3POpdFlxWE": 6, "zwY6acYYO3o": 6, "nazd-KgCjVI": 9, "V8YkHR9sOoA": 3, "Ht3HsVs9alo": 9, "gQPN3UKQM-U": 6, "PGkHLhnHEb0": 6, "xqbxlE1c3DY": 8, "_E3VBQa-nAU": 6, "PIi_RQU3skw": 6, "BRKbcWGkw1I": 1, "1ZnlWOojI3M": 9, "YRRBs71p7II": 5, "pnyo92tqh3g": 5, "UYTrnuXHces": 6, "RzFMm6I--zc": 5, "lrMD_z_FnNk": 4, "JOOfRE4m7PE": 9, "5doFzYPjl2U": 1, "6AR0xq6g5Uo": 5, "pXI340MQ2-o": 6, "OmrA8nOZF2Q": 4, "2v7lsnPvgtI": 4, "tjgtLSHhTPg": 5, "6IweE9qcQZ4": 5, "L4mP9pR-mzU": 6, "xhH2r3mKFeI": 6, "tLzfc7Ba12k": 5, "ub_a2t0ZfTs": 1, "Hqhn3eiNTr0": 8, "Bf_z_7B4Ifw": 1, "ZBLkTALi1CI": 9, "jqDrvC3E9kw": 9, "5Xwg7tQjXsk": 1, "q-dGW2ataZ8": 5, "wi-SZOU1S-s": 1, "0gjRzLqXijQ": 6, "D4pZN0wNuCI": 5, "Bp4tUXc5wZo": 16, "g0qawngQi6Q": 4, "6YEoYGArMas": 3, "-HWd3Nqu8_0": 5, "uHsLu6X1vys": 14, "ptbJZ9HBw2k": 4, "KKbRAazkiWc": 14, "qU5SVyxmW-k": 6, "iNDaTA3u6-g": 1, "Bp1KfEGUzZo": 1, "F-n-2itvI6M": 6, "BjWVEQGcjsU": 1, "5u95Zc7AbDM": 25, "jlLJR4xj9p0": 25, "sR7kyIxQ000": 5, "3T_xq0U5D5Y": 9, "qbBLDBohgrY": 6, "gugjMmXQrDo": 4, "6GNGfse9ZK8": 4, "pLWpyBVx-Go": 4, "3KHSWaEamQc": 1, "kpjbhe5HJaE": 5, "iZW04_BdyG8": 5, "ILQq5hQhHYY": 14, "RpnCkBZVI6o": 9, "6h3G-lMZxjo": 4, "sch_WMjd6go": 11, "vLQGXHy5m6Y": 1, "eLhLqDUwPok": 1, "LwabxgoSGZY": 14, "cp1DMQ-x33k": 6, "zkd5dJIVjgM": 6, "ulECncwlNMQ": 6, "9Mj3mvkIyg8": 5, "7Ac2cZPOD00": 4, "PaXPMCoC6zA": 21, "vh_EwI8pjQU": 1, "hro4AdTYiTA": 9, "797j7LY1eb4": 4, "uS4e1_gW6Es": 6, "__uCQMKry3w": 3, "qV3PhvCf_Jg": 2, "F7viKAPDmT0": 1, "kOSsIIxQ_dE": 4, "pkRfPx--R44": 6, "oRdpoJFPQjI": 5, "QN_UqvcynYw": 14, "EQtwo0xPvK4": 14, "KCmOB2L_djk": 1, "tojTf7I5H14": 1, "Gu6vmNz-PhE": 4, "MkpUGyWQlV0": 1, "D9_WzE28IwE": 1, "-2L1zQkJ8UA": 25, "f_SwD7RveNE": 4, "VJwFUNHtCJQ": 5, "487-TyrRkfE": 6, "TCFnaU88FZM": 11, "U3jgo5ea_zc": 4, "B7g63DAr_i0": 1, "f1PNQwHZuJc": 5, "d2QNuDUTocE": 6, "QDCwAJ87CKU": 8, "VWPlZSL9ZMc": 3, "OWOBAD4OKwA": 5, "HxznTayRCYQ": 6, "t5UjmHOl4pU": 21, "25x_OMYCYSg": 6, "qO2AXQXyb-E": 25, "4naT8ckkj5Y": 1, "y7ROJjWS2L0": 1, "oRValgHDvxE": 3, "sdzPp7V21fI": 6, "MBpIkIyxdJ8": 4, "b-CJNGx_Q0A": 12, "wFl4N4PXlkU": 14, "G1kkx2m-JSg": 9, "tO0L-7lkhPM": 5, "qQYe6KGAJ5E": 5, "_T5FcBB9GIw": 5, "obdd31Q9PqA": 1, "2nwRiuh1Cug": 4, "D_Uhig7L22c": 21, "b-j7H71q3jE": 5, "4oVEQgP0MZc": 13, "vJGh-7EKXhE": 10, "UzPq0hDdDhs": 1, "453ei_1PbPE": 5, "rm6d2oy8GRk": 9, "geMg2QxNml8": 14, "DWUE-aWnL8Y": 6, "pOEAvEklvNA": 9, "TYWMe7cTsRs": 25, "ZVrXyDjHaWI": 8, "g6QJybQBjyM": 11, "Cq96VAnp7r8": 9, "yfp2Bg6iUdY": 6, "LVrQmgihkQI": 5, "pLKxTSqCVUo": 1, "aKtMe8nFFq8": 6, "LkD1bNmp0ew": 5, "CJERLygAda0": 25, "0B79RkBxSgU": 14, "TsQXQGaasUg": 6, "YbKLOybMb30": 3, "qjKMAolOf6E": 21, "esLy0y01fAc": 9, "C7kmm16PoDY": 9, "lLblbGzXQGY": 4, "YR5YJ3qzIx4": 5, "dJy8MUESM3k": 1, "sm9uHf9sm6c": 6, "i02LUMkc268": 5, "EJtZiGb5nEU": 5, "_u0WOqjJTcg": 5, "oIFlHYXjcIU": 6, "UuavPx0peFc": 1, "J-QipXhQM5M": 4, "7Cqz-S8Phv8": 12, "hm0BD1pP4gc": 5, "oLLbt0jyqDA": 6, "rBey5TrvoDw": 14, "Q4rR0BbTBPk": 6, "0QkZL3l1t-w": 7, "7XZKEK92JT4": 2, "I0dq4sTLcIc": 4, "5JLBU-QQpoo": 4, "81ymFnvpfDc": 5, "jhFqSlvbKAM": 1, "YrtMUonPErU": 6, "j7OHG7tHrNM": 28, "bTwWShYxcoU": 5, "kZV01QAcl20": 14, "INyo5ctzmGo": 9, "bfs8hVNvVik": 4, "KxmtYdEWVzo": 9, "nzHihXOiNqk": 1, "h6Hq_MOFJDA": 6, "Vjn2JKrlkcU": 3, "uwDDvP8Yssc": 6, "giGkt5oAhT0": 3, "ZyGL6B7OH5A": 21, "CYxU4ao-9WQ": 5, "XeK3VLmwatU": 6, "zmI_uwjTuY0": 6, "EY4c2mh15Yk": 4, "XbLZe1r0DJk": 14, "56D1U2G_ueg": 9, "Yqz3eT_fzVY": 5, "RNBfP7ynZOo": 5, "qa3edsMzHkA": 15, "i8vDt5GUb-8": 6, "n_ERe9-EDSM": 8, "LS9Qt8pRSr0": 5, "gt0QF8-dTNw": 1, "5UzfYJ-mkzc": 8, "ngUrBm4G1aM": 1, "CceSRMmhv3w": 6, "Q285dYl2mZI": 1, "SpSMGxnpCmo": 5, "USggQ0Zv4yw": 1, "lDypBPyWiak": 9, "SJT2o0W9I00": 6, "3CJ-7R2g3NE": 8, "Muc87KlFb7I": 6, "wtaXjzQQGE8": 3, "SqtxzgFpP6U": 6, "I_WGI3y2jqM": 1, "5gKjLV2wKmg": 9, "QRmPD2nMnBc": 1, "XhoGR8emqE8": 3, "T36fK0A8ByI": 3, "othEK43gJHQ": 3, "brnHS-lmvyU": 9, "B9Tx6olI3l8": 5, "F6CGI3XkAiQ": 12, "hsvAj6qfmFQ": 5, "SsL9v1vuzAI": 30, "5o9Dp6D91fI": 18, "yl98-LC3fsU": 6, "znGQlB_e9KA": 25, "6L92MuJTJOk": 1, "UVYUCU8XSLE": 8, "J2pIvg-2vEY": 1, "A5Rnnwk9jOA": 25, "BqS_gtuGPGQ": 14, "oYjwXjwvAv0": 6, "-aR3Gpsn4v4": 17, "qLY8arYdr_k": 21, "NQFhPsQ_81U": 9, "Vf2rlIqGlqM": 6, "5R8euGTHBR8": 1, "bWKgzgGNi0E": 1, "VcSBO8YAnTQ": 6, "SPyoiOTdHio": 5, "sLys8115YGo": 16, "Ta-fub2dbhI": 1, "zk5HsBQYUZw": 1, "WfMVC2BOFSw": 1, "pDISaoGsZZA": 6, "ViorVDgiiOg": 15, "0CXqEHMgiFg": 5, "F_-gmK5qRrY": 4, "xkt8L0NtSjA": 21, "y9LajlJjd4E": 6, "0gYBy1rECII": 9, "KbmJLVrFvuc": 5, "75F3CSZcCFs": 6, "Y7Q4uJ80fAY": 25, "BWeGCT7vS-g": 5, "E__fCHZkjKg": 6, "jA4DR4vEgrs": 19, "CPYUo0awFOc": 5, "YjzesjojNhA": 6, "5ukZqmjvAFA": 4, "kLOujBv-ZAI": 9, "p7pINSytVSc": 12, "A2VOu1UQeMM": 5, "GfUhExdNjK8": 6, "UIOdk3AhVA0": 1, "CupTwyj3JrI": 21, "C7WeZbRbxwg": 10, "bQ3nBSTpq4M": 6, "NpwdcmjBgNA": 4, "3UOGKO7tM34": 6, "cXw2gm4yPEE": 1, "dJaLU0w5Do4": 4, "NcGhLcVqxf0": 8, "S3QH-ZriX7E": 19, "KyiV12WdJew": 6, "uba1Np4qhOo": 3, "IZrrEBD-KjY": 5, "Ao2PTDCiRxU": 4, "9gY0FB9qZJg": 5, "QCsd_reCiSI": 5, "i1JccYQFDWw": 9, "rKUNJMrFeUs": 4, "dGfQgat7KiU": 9, "z1rCMzkbhmc": 1, "bBLd07rz5mU": 21, "E3Onos4Eq3Y": 3, "c2ZSZrGc-O8": 13, "HKV0QuQsonk": 6, "dytCWrf92zc": 3, "jqQbiJy1Ys0": 1, "udJtfSkRgbA": 9, "Nr-44GQ4_kA": 1, "eArp24v04tI": 4, "5lAf59TrJ4I": 6, "XxQyVD2dJYs": 6, "1Hi0skAwlHM": 27, "WNGSN_wDYw8": 1, "D1leFabPbPw": 25, "XaPXUR0rz_A": 5, "ryaUGJ9Oljg": 7, "90fRlMQTdSs": 9, "lRexthrDNi4": 9, "ApnyKv1GuNI": 13, "e4SQT8epHOc": 14, "47cAxRX3aDg": 6, "vONYT-5OVps": 5, "o1tZ2QN33SI": 6, "mqqFdXMySk4": 1, "lW_9SYaWAQg": 30, "0dwNyxycNqQ": 9, "7N9HoLhZGsU": 1, "_GBSwxyPuaE": 3, "OlAObmM8I2s": 6, "m97UWd2QuAI": 1, "QI3x6pEwmHk": 6, "n9tSN0178Us": 6, "8Ozc-h-29M0": 5, "55BZ2gSsSmY": 1, "36CSS3UIzxk": 5, "Vxd9W0RVgFY": 4, "z2vkIFMr2IE": 5, "a0BAU5rUQ-U": 6, "dUwUAWmA3rk": 9, "vfDXlgmKFyU": 9, "lk2B8988ws0": 11, "-U3LjDN8ErI": 5, "ThIrw_LpuRA": 14, "SILvPVVAhBo": 6, "DZRmcKX85so": 1, "QxafIhYFOr0": 6, "DJLDF6qZUX0": 14, "uVsTeLs4Tdo": 9, "lqmrQ6xPpHg": 4, "yfFs0o6pCxc": 4, "WypekECQUFE": 6, "FnJ645xph3o": 3, "WFNXwor69-U": 6, "AnUIod4tX98": 4, "TiWbtpX4jsI": 1, "woBi975eQs4": 5, "CXPgCq-EMk8": 14, "yjppalDAvOM": 12, "ZbUs0jeQATk": 9, "lVQsqs7xCb8": 14, "3pNGO5ppfQ8": 5, "QalnisJfHEw": 3, "b5HLsvwLPpQ": 6, "zl71eFcqBnQ": 2, "sjBPrJJ6qtU": 5, "njY94weLbJ8": 6, "_LmxXeKzbT8": 1, "N6h1SMjQEog": 1, "qsueDj8nOM8": 3, "8VdG8eCxors": 14, "MTtCV_XSMi0": 5, "jZyzxpKY3EQ": 1, "0K8lrVjT6fM": 6, "iHwdQdwc_Tk": 6, "9zFNmTwdjhc": 5, "Go9rf9GmYpM": 6, "P03flnwV__0": 5, "BeougwoxuMg": 6, "xl3uLkAT_C8": 5, "lSYMX6PmT34": 5, "Ml54UuAoLSo": 25, "F0yNIR6IrCg": 4, "U5NMrprbsvY": 25, "7MJu_aWn1nI": 4, "onkxJLj0G7g": 21, "gerq4GpHpKw": 4, "7kxXVnAtnOQ": 23, "Xh9jAD1ofm4": 10, "J64QS4tE6ic": 6, "din6kkS5tgQ": 5, "rCzpKNwZAYo": 10, "40qofTTQJDU": 25, "J5MehrJECnA": 5, "tqYVWN0AUuo": 1, "pc9gcKjvzkE": 21, "qi7RgBU1nlE": 5, "M5WhyVCEDN4": 6, "i2MhRCYkgbI": 30, "pg3zKfI-wqw": 25, "SaeJUCVEp2s": 2, "sNWrEsHw1tI": 9, "8-p0CxW87pg": 6, "c7nRTF2SowQ": 1, "82n1PX1hVEY": 6, "jPoM2o9kIBM": 14, "4u_Ed0Bh-s0": 6, "064ipuBiWDg": 4, "R-hl57xTLE8": 1, "_WJThbomts0": 4, "AtUBeFiWi8Q": 12, "4hnBp7x2QAE": 6, "BVWXKziczM8": 1, "fncOu6dp1IY": 1, "bL6aaatfWQU": 1, "rHCLxSNz3P0": 5, "IOqTCaziZp0": 4, "8tEsxbCl21E": 6, "x09iroEd63Y": 5, "bE1EwcPQF8Q": 5, "SGxKhUuZ0Rc": 6, "jB_ZCX971aU": 19, "o3PI6HFK3Hk": 21, "rII8wTV7uy4": 6, "pM2OK_JaJ9I": 6, "zeGT4UArCdc": 9, "SNgjU783Y8s": 8, "OAlyHUWjNjE": 23, "wnwEntgHyFI": 6, "b3Z5pAZe0E8": 14, "YKjnuR1ILfY": 5, "jMqcA3wiKG0": 1, "xhVCOdS9mXo": 5, "h95-IL3C-Z8": 3, "MX3P_fcgtHM": 9, "TusJ8HSLaUs": 6, "tudsOEsUYWU": 1, "_SsccRkLLzU": 3, "vUF7ja9ehIs": 1, "3dnW8QJxHD0": 6, "xQd8KL87XqE": 6, "PcFtcoo0ic4": 6, "Ocd4NfC7Ltc": 9, "isPm79xTzM4": 1, "MNVqXKj-TrM": 1, "g4qWbtSCxtc": 4, "abLB7aTmnE4": 4, "5Oag8iBB7HE": 1, "u5kiz7GhJt0": 3, "1KPPtmE079M": 1, "DkcuzQRpVuE": 5, "PduXAn1cg1g": 6, "cCqaWIvJCpk": 6, "F0ZSXQCXX1A": 4, "hieKgQNQpMA": 6, "BwuzfOeYpBA": 18, "uLJhZEix5MY": 1, "YydYJoz36UU": 25, "rx4jEIZyTZU": 2, "wbtlv2cImxM": 6, "lCOcjWG6Ykc": 6, "JSd8CqBEbcY": 21, "JgaGXv1XnrA": 18, "vH2LsFcWOFY": 6, "ZUG9qYTJMsI": 6, "SzRUsI6Q25E": 6, "WikU5oIkL8c": 4, "e8iwjnN8j3A": 1, "glPUjj0HIvw": 10, "10okyjMjlH8": 6, "aw0OZ7wZm6U": 12, "1Dp0aCWbQSE": 14, "uINFVM7TTdY": 6, "fi7G0RgqcxQ": 9, "M0LfLk9lLEg": 6, "kBX9-WUsMAg": 5, "_gXnfGIc1Tk": 6, "Vot3KDw2z3o": 5, "K44k9GTx6nc": 1, "Zpk2uauRdA8": 1, "1t1dgE25wEU": 5, "TeUcij3L9No": 21, "_WXDXoy9wrM": 5, "bbEy98llGRU": 1, "O-9xmen--6k": 5, "WLU75lftzc8": 9, "GOhbZZy02lQ": 5, "bsdxZOsqG6U": 21, "gcbLmoYWMiU": 21, "yIkwq8keNBI": 1, "dmnR0XncYAU": 6, "14X98i8psts": 9, "g6vKa8Be3s8": 8, "2vWY-da-6wo": 14, "-2l-FdatcTI": 1, "HmZm8vNHBSU": 15, "U219eUIZ7Qo": 2, "9gspElv1yvc": 21, "2q_nYfSX8go": 5, "ML160wA9mME": 6, "WfTJL_h0XfY": 1, "WxG7LgQ2Sig": 9, "3_1LKqsFguE": 6, "aI20RX5j76w": 5, "_JQxLrPj1I4": 6, "dBVeiyPVWrU": 4, "v-S3iSqKs64": 9, "gm1uNgHw6Xo": 16, "SXy6JElmgHU": 6, "j-QYIP7o2-A": 4, "wYj5o4kQsXs": 4, "yQxTNjQe0Xs": 6, "yRmiC-Y-b6g": 25, "vsrjiL1gV6I": 21, "xgO-u83Os_I": 4, "QweNsLesMrM": 25, "yICX_ZQ86Mw": 6, "Yu08_9FtfuE": 1, "GRKQJQIcn5o": 7, "2evNRe8LF_o": 6, "In5fvjwUi9k": 6, "V_gGAPOZbFA": 1, "JhmEARapxK4": 5, "IT_MbDpfOBE": 5, "c19HRM0x-lA": 6, "cvjQ_AduY0A": 5, "v7Q1giJOpxA": 6, "VOv1IQCoBnQ": 14, "uwl_MuFbCXI": 6, "_wZSB0b9OCA": 1, "LHNvoqxPHKI": 23, "BGs8PDQmbLQ": 5, "cDzYgqkQ_lE": 6, "VPlxNhEc2lA": 14, "UTGaYkbvse0": 10, "mGs4CjeJiJQ": 14, "o_QWuyX8U18": 6, "BDj1fYlwR00": 6, "a3NQ7CA-8JY": 25, "68O0z6lssfE": 21, "HmRQvoMCfH4": 14, "KmmGClZb8Mg": 21, "GdZxbmEHW7M": 4, "E_9N4hLL1lg": 25, "qRJl22anZkM": 30, "5hBqqxYcDN8": 1, "9woMDyfevso": 1, "bJZAvOefJiI": 6, "QDSL80ie8tc": 11, "vYGvoUNw-Rk": 9, "6ck7frxs-Uc": 1, "kfzqUsGMHE0": 12, "ZvEPYH7GRUM": 6, "oo5zwV6_yVs": 6, "HAIz-I58btE": 5, "xFnB0uK7PcQ": 5, "DLGac1KQbsU": 1, "JzaYcTPLWbE": 5, "v8DWf-rSHn0": 9, "B1Vcbm-XWtg": 6, "8EuTbKjanvQ": 4, "DV6X7POhdoo": 6, "u6Rhcv0APng": 25, "tSjkuMtiI28": 5, "H2EIsnr_cv4": 5, "2VgiVK_hOhM": 5, "ng8LHbaEsj8": 6, "rfTDkbIfMvA": 14, "06WUc7y8vak": 30, "E28I5oK9OHE": 15, "_KimnwIfhXc": 9, "uxieMOdo6IU": 1, "wY7Gvq0P4hc": 21, "5qUJhkQQaGE": 19, "FivFaqZrr4A": 11, "qrXvICGm-58": 1, "lvNmIZqU52g": 6, "7Bbasf7qWxo": 6, "F8bXFTHPK_0": 1, "igqR7Pcxfmk": 1, "YC6YRjD3080": 5, "XkaWyrm8EQg": 1, "krhB_An8fT4": 1, "y5ejwRj9t1Q": 5, "uY3tZNrIstA": 5, "HAZ-wyCu8uE": 15, "Fr6FklMc6B0": 21, "5zjTJ4YPfDw": 6, "UWTDQ3nOT2c": 4, "80S3N-QnpZk": 1, "LjBIJGMum9A": 1, "qw6_5t8XfSk": 6, "cZTD62e566U": 15, "UKDWPYO0slE": 4, "nusZoYBbibo": 1, "Nfh92hKLO6c": 4, "NJEKqI1e714": 8, "1fqAvkpW5yY": 14, "lYKgRdBJ-vw": 19, "OL946vRUDJg": 6, "2vWIqW7Tnts": 8, "YVRVAZb4iHs": 1, "9xGRii6IA1M": 8, "w2DZN3NWefA": 9, "PIqEyF_t_QE": 5, "bEiXvISNID4": 1, "5DCow4J-pDE": 6, "Hs3Y5jQkuAk": 14, "uniqmkPeaZ4": 3, "kqinSvgeJQI": 6, "X96RjH8WC5o": 6, "TElqNU5ytVo": 14, "qRvAXsaHNkY": 21, "Zz-E8AexUjc": 6, "73wV6KlGm-A": 5, "l10LhdDwTZc": 30, "YWnUmpQhiOw": 15, "t_HrcY8AWhg": 12, "tDmBIYAVsos": 13, "ZMoO5eLmDBA": 6, "YoYF_RAm0nQ": 9, "MHyRirkiazU": 5, "Nkk7SYkUbLQ": 10, "NWxwgL9_IdQ": 17, "2qS1ZSqwIgM": 4, "5hteeecX1oQ": 6, "uuZ1n7Kk0qM": 9, "17j5QzF3kqE": 15, "Svg-DvNARKE": 6, "o3AWcdWVqgk": 23, "_9rL1pPXblQ": 8, "ttw4abodSJE": 4, "l7HqwAleUQg": 16, "FVuNTiqHys0": 21, "_F0XLsyU1rY": 10, "WjBuFH4NPno": 5, "znzSrhKtPbc": 4, "ijtjoFaORy0": 11, "-oHJDSE-MEU": 4, "p0LtpDFxHCQ": 1, "K783SDTBKmg": 6, "X5vjQQXauD0": 6, "MWWTabHiV2E": 1, "1XLyCDsKhGo": 1, "FVsgso273EE": 12, "88KNf0MtU14": 1, "NK-oRUR3EY4": 5, "ITyeI3YyYw8": 6, "39RQH0mpsVQ": 5, "aNN9nL2vppM": 6, "9kc6UYdC5nY": 25, "vukxkPTuVNI": 6, "p9Y24MFOfFU": 11, "hNqwBTCslMw": 4, "O4OJoXKWTBk": 6, "axN-hs4slpY": 16, "oh8-PifcIUQ": 6, "pQpQuGV_gMA": 14, "oVDf3PvWN04": 6, "yX-TZe8SeYk": 5, "V7g4e5m5aRc": 6, "aYnA8TCzUvc": 5, "_8hk6XVNr_Y": 25, "d4m2LDCuADg": 1, "HpoEk8nlUyA": 5, "U7d1GJf2QJI": 15, "B0YOlACRlJM": 1, "19EW551nCS4": 3, "WLL67CN2hnw": 24, "jgC8y0ksrRg": 6, "aSdqsA3fzLA": 9, "HOYnOeo42ko": 1, "qqpcBpSsj1A": 1, "N-nfMbFKC0s": 9, "6PKAv5OPf40": 30, "xQkcQF8G-GM": 5, "pEoZbXB78NI": 6, "idJvKQr7LWk": 5, "t06p60TPtjA": 8, "LJP1DphOWPs": 6, "Du1dnKppn-s": 3, "SlR_fwcU3MU": 6, "glzTAb58u2M": 6, "QHOaJSXr9HI": 3, "j_YJysHv3OM": 9, "2Md5lPyuvsk": 1, "X7ifDf6chNw": 5, "UNiGSf2Sy30": 1, "fvc2to0bQLc": 21, "AR-Iz1fts5M": 6, "nOsdS5irjAo": 9, "0G7g9lw20l4": 12, "-F6tUN2j0Iw": 6, "EOyQfd7OqIY": 6, "QKXo9r6Kb5U": 5, "3mmu60CNl0Y": 6, "st7eMfykiVE": 4, "IvNkGm8mxiM": 5, "CTo5DfBtWkY": 15, "POGBdDSVybk": 6, "fwcYbo7pjto": 6, "7UjqLfjsfMk": 6, "Q3v-N8o3lc0": 6, "pvVNY2YC5zI": 6, "bGFyHV2vbwE": 14, "95QcBNJN984": 9, "eikcKu89fDs": 12, "rqp6S6qgVg8": 1, "tE9U4mMqKP4": 6, "z9Cym8YHP94": 6, "DG6fhub9HDQ": 6, "9qHdPhkSSNQ": 6, "62Pitv-cm3s": 21, "tqn06X3AuFk": 6, "785YQKmgiTo": 25, "xtz2mdX0aEE": 12, "IdblOCGGeHM": 6, "7WbKzWdhx1o": 14, "ZDuxWGHA-Z4": 5, "p18n5FONuNI": 6, "xqbebWU-0TI": 5, "lPDOh5ZifyM": 1, "WO15VbjYv54": 5, "x5vtRQZmnwE": 1, "HHzchaDJJ70": 5, "rZx0iJVAN7U": 5, "QuZ0kzdNWGo": 3, "NhsEmtSd8Mc": 12, "4ruCsnRmP4A": 1, "C0wsUlzMBro": 21, "DsjRBYJTGtw": 1, "R7JBDzuHVb4": 6, "Y3qYT60DSKQ": 6, "yYciCBZXg70": 5, "t9qdpPeqQfQ": 14, "78lnkMgee5k": 16, "d0uJxHWaq0k": 5, "nyOfJTi0jFw": 4, "qi6n_-wB154": 21, "14c5YOc0ZcU": 14, "uVzhtuuy0b8": 5, "bSyh4oPLXpU": 9, "I7CZuPiY-4o": 6, "43_vQdp2k_o": 1, "Qp6-A-t0LVM": 9, "6yVMik5Mfwk": 4, "yx5ZKZY8jX0": 3, "1shK-j_u6LI": 14, "r6GQEtUREWY": 1, "G9wSAb_EbkA": 18, "Unp24R9UdZE": 5, "_8enIDEKrzA": 6, "aNCk9O7FLwk": 5, "XvcdllFeFBY": 12, "bjBbFn6celE": 5, "SPCR1GBnSy8": 21, "yj9iEcOQDeo": 6, "OJVwWi9s4z4": 1, "cFPEoqZtbCY": 6, "kM-mQ1aTfs0": 5, "zN1id2dmH3o": 9, "w7cQRr5Yca8": 1, "Ry1X61Vf33U": 5, "2_Egqs-sYzg": 9, "Snoxw4F6xp0": 5, "j2KZDg7giDk": 5, "Owywvqg5IOQ": 6, "WYsrlger-2A": 9, "3d5id_cwHUM": 9, "NwM0YG_uTS8": 21, "HAIWK9IXpHg": 19, "Lgitw016T44": 18, "1DHo8fYFsd0": 6, "B-xG3D8OMQk": 6, "M-XIMtd8ilM": 5, "4Zv9vRz4QYM": 6, "oeYKFRV34kY": 4, "Kx48dmDB28U": 25, "JOJ01KXTw-A": 21, "PKvNCP76fvM": 1, "0ji_-OJlVbI": 1, "_XOa7zVqxA4": 18, "b2UUhm4edyc": 5, "Jg5--STf-iE": 21, "btu1hCc5F_U": 18, "dKj4PDldebc": 6, "9grrfloJCgc": 5, "5Jfn-U6EGzU": 18, "mG4Di2nytAk": 1, "TCKVc-y3Uak": 14, "7QV-F7rlmtY": 5, "GXru4Q7Lgxo": 6, "9WoM2bHfr48": 6, "wVheMazNeM4": 14, "Bfd4wc4XChQ": 1, "Clu36dt2y88": 12, "KSRHLwYgLSM": 5, "0lkHzmmSyAE": 6, "g4Verk1Bgow": 18, "HHPzxa6znPU": 5, "JK_NinOmFWw": 15, "26bw-hBiAAI": 4, "ZsFUqPYlYjQ": 1, "2S2VUCdbhg0": 6, "7DrFY3H-u8w": 4, "8iA2G4xlEpk": 15, "intua_p4kE0": 5, "VhK5gJDmSc8": 5, "NnzBnGG8YRA": 2, "bRKqFFIw18w": 14, "fyakMTYNtns": 25, "MNjWQlr63i4": 14, "-V2r_9Um2Tw": 15, "gJGPsrTaGiw": 6, "dac6BZCv258": 25, "xfBo1wwM3eI": 1, "kEhUA5OYm1M": 4, "AU1iq9rqYJ0": 14, "n4OAtMEXNfc": 1, "ieSzsh4hJWI": 1, "1lMxZNFripE": 4, "lN2fuKPDzHA": 21, "kQyAJv_Ordg": 11, "gEpfTicDVUE": 6, "eQL3EiJnXFU": 15, "brvGSr_BfQw": 25, "taW_SQIEeLk": 19, "ST0cR2-JcZ0": 6, "bzoE5dlxH2s": 6, "wKY4Qe1DjI0": 3, "nZH6YKmtQV8": 4, "YV8zGNe7Ebg": 6, "CDuxXjaJwbI": 6, "8qIS3rCrrE4": 11, "MWDwZWCfp64": 14, "tCl_yDquP9o": 1, "s2BwOMBlato": 6, "W7NgPvQZr7A": 4, "ItX7H66gsrQ": 6, "Pui78pskx24": 6, "PzYKsLch4GM": 14, "Y9yX02HwMVo": 4, "Fk6hyUyz0Ko": 6, "K5fn087Jk4I": 6, "7-OnEe-dauE": 6, "wIdpxZnD_eA": 6, "LMCGADFNDiQ": 6, "tpD4ZPamt68": 13, "sqxPcurgxUA": 9, "AvBKlBhfgPc": 13, "jdpQir1sqiQ": 6, "excxIZ4wUvg": 10, "solPCNc_0Ww": 18, "psgJqcvkTuE": 5, "83_ceB0TsiY": 6, "Rh8GbPnoqCI": 3, "tpeEqt3kpKM": 6, "WGQdXUw2uSU": 5, "Z2ZxKWNbncE": 9, "g_AtNY0bYAA": 1, "9cLZQ_2ITLI": 14, "QLPyuFVKGak": 6, "x24tpUkfL5w": 5, "1SlSxuhLJVE": 6, "YyRtlIddnmo": 4, "W9yu66upJtE": 16, "TW9eDrgM3Xw": 4, "iKdEbzF7xpk": 5, "36PqkY398U8": 1, "e-r7gp51KQU": 21, "KJXzkUH72cY": 14, "q1x2Df4yveo": 5, "AQ_XSHpIbZE": 1, "OvfU1NpCJQQ": 6, "WzTSE6kcLwY": 24, "TUftNzYgYrk": 8, "ycbHldRpo9k": 9, "4F-fzXW1xUM": 9, "3wC7XjH-pTQ": 4, "UTYPim-9XWw": 9, "qo9lEPZ_0ao": 1, "4FLEzXhWQ6g": 25, "XdA4OtR88bc": 1, "yVI7JelAzPc": 6, "4tA8wtLaui4": 21, "bg_zxsxyKyM": 20, "AhZo0QfFO9E": 18, "sfluIhj8Ef4": 6, "OX98015fQFI": 6, "dxtVed45gVo": 15, "8uK-mCxVl84": 21, "82kYQ7j7X2s": 14, "6kkeGgRG-uE": 14, "cTfmQht0AdE": 6, "MXCZVmQ74OA": 4, "wJukf4ifuKs": 16, "B4kwU1kjOV0": 14, "p5n2x0ox47w": 6, "b9zUN-9sNBI": 5, "MpTe49ha0lU": 1, "1pda__NOfts": 5, "4vGcH0Bk3hg": 1, "ftgxuNLVvVw": 6, "OowcDddCdwQ": 4, "9Qyb0fK6RJM": 25, "lzOe1J8pZB8": 5, "F-z_WSTjr7c": 30, "xM0rsYbAO_k": 1, "99iAONlvpbw": 6, "kw03nalTAMQ": 6, "mqtY88BUi0M": 30, "z0nrVYvE0b8": 15, "n6sAGZ5F7Cc": 9, "Bqfow_TmNh4": 9, "fXT3Sma4-rg": 6, "pk2hJRVijm0": 9, "P0N5JcFqx4M": 25, "q8MLuni8rzc": 6, "KZMYWAW-5Js": 5, "dDTBnsqxZ3k": 3, "u-K6ymOtnzE": 5, "HIuSiteKQXA": 8, "BSaBDtpts4c": 6, "EtZWhm_5ojo": 6, "zcdDg30VBgo": 1, "cLqnbOhRovY": 9, "iyi67AJhB74": 6, "o3f8VgQ_dqk": 16, "_UU29bZjgz4": 8, "wICpMU9nvRo": 6, "syPqNTmupvY": 5, "o3MbbQhZfq4": 1, "W5N5Hlt7B2M": 5, "qnCnAwws_AQ": 21, "ivtk6VArFxc": 17, "xE7m2FRVmrM": 6, "ew9cEATPzDE": 6, "kPtl2DGWzfc": 8, "A-taWymx1WI": 4, "dSEI_Iny_zc": 18, "rV9I-xX5AOg": 5, "wurSu_bJ97U": 1, "pQO2VtV1PNg": 21, "N55Xcid1eWg": 25, "x-2uWj8yv0M": 25, "_3tlUqHla3Y": 5, "4b9Ji7DvsjU": 21, "em040d_x7xI": 5, "BrI7VRfqgo4": 1, "N6Ns-SpRQmU": 25, "ipdtwLlWNZQ": 21, "tKXxJ29HEiQ": 5, "plnNTqye4Qs": 9, "q5Mjz1RTfkU": 12, "BlfinjxFEYI": 6, "iTUUWOV4Vns": 5, "zvydETA5cYw": 1, "-B7oSp8hfF0": 9, "Rdz3fUiK4XY": 1, "xs9Qu7uiokw": 6, "AK88MQWsYj8": 1, "1De5_o_DXH0": 21, "0AHGLGQgAn8": 3, "wYCNYifjjgs": 21, "WlUvQkW4B1k": 6, "YAhMheigaZE": 5, "A8N1RZweP6U": 8, "e3hB3iOQKjY": 6, "kdr_8uvG9hM": 1, "tz25tcFSusc": 12, "pQCXMkfwZEw": 9, "TSRvY1kKebY": 14, "O7aSsaTqBCc": 4, "HjKRxa7ZyMs": 13, "U0Ezto8HG_8": 3, "w10a7OCsjzE": 6, "JiOZ4Bz2d-Q": 6, "HdeX6CbeoKY": 1, "KyoBQk6Kp7o": 5, "INzp3nnp5P8": 4, "GmxUEy3pNCw": 9, "m9kAH2v9200": 1, "2j4RF6cx0SY": 3, "FxZ_Z-_j71I": 12, "TMN_cfCSFWw": 6, "X4GZfvXx9Js": 15, "6Zd6Z2-fjik": 1, "ws3PcFqBLdQ": 9, "h5LR-IZbbc0": 6, "HJxkAcj9TKM": 1, "sM7MSXNmFpM": 30, "HdG8LCHCGso": 5, "1MF4sCvkAAA": 3, "RNvmfmZqd9I": 13, "ckwJXpe7fQs": 5, "yw0UF606mqg": 1, "oYAbmJaztU4": 6, "Uj6G1C6c0uw": 6, "D0AoauuOY2w": 6, "XH3Xu1-cvII": 6, "7TxknbusTa8": 6, "kNP2lahOhvo": 1, "ZDVkPARmDkY": 4, "snEIjWR4lQw": 4, "bB90Vkyqrts": 18, "IdL5stxwXws": 27, "E1GrfYVfxpY": 5, "sq9r50EYJh0": 30, "Sd4C8_FMdjA": 1, "bfBAf-Jg-aU": 6, "PccOSTr-qvA": 4, "dGcIUitNlGQ": 9, "z-zhHdk9dAU": 6, "IqhfGwnGNDg": 1, "CXO_zyozrHA": 9, "60ewmq3ui7A": 5, "oJbdSseA0C8": 14, "e4TXO49n0P8": 5, "B9oUpWCwiUc": 4, "zMIKBDwUcrQ": 5, "jJRQSsT34-8": 5, "bQRLVxZHKPs": 9, "qdHd735ZGg4": 8, "bXL8QPWLbBo": 6, "QdwsaqwfK8s": 25, "2msbfN81Gm0": 9, "oYcGSeXiUI8": 1, "7Ol2HYCnVbs": 1, "796KD4SNzwE": 5, "4sw1N05KW2I": 6, "NeXMxuNNlE8": 5, "WAeepKLHuF8": 6, "i3Nkujj45pk": 8, "UucLMljiDHg": 6, "n1ClxdeiIUg": 9, "tcYc33ughfQ": 21, "6jyAEqhfHTE": 6, "AEMK1O0BDqA": 1, "JkBNmBQb5qY": 1, "jRCTcUh-XOc": 6, "7iSA4FPLPv0": 23, "rw5arTc26-0": 6, "Ar7Fj1LzFp8": 14, "f1ZK7T5dezI": 4, "oAYn2lwc3Yo": 1, "W6gfvDxLlOQ": 6, "zKaIlT_lK1s": 6, "kKtDqM1H82w": 2, "Sw3tEcz2PK0": 6, "0P3A6V_sDSI": 4, "KKKOpKvk9Ok": 6, "KSZ4tSoumNk": 4, "L8HLt6ogZsg": 9, "jlT4kr0TmHY": 9, "4YHfAIdmIXw": 21, "Z_hwMtG2xCs": 6, "Sm_cJiDLQ74": 23, "jR7RYKPJBdo": 14, "um2ro-3T8A0": 4, "owZLdJIfPw4": 6, "Cclzg9ZiUG4": 6, "u91BucJ4MKE": 15, "ccWrbGEFgI8": 5, "G1cVbfyFdf0": 5, "rEtXkFmpsRk": 6, "oddWuCHBmzA": 6, "efstterUes4": 1, "sQqCzJjev_8": 3, "jmNrvlQ73pU": 9, "7oWOTN4YyYc": 14, "aYNaRnZtYug": 14, "qc5dR5_QKo4": 6, "XV-1XpGxhgo": 9, "LTunhRVyREU": 9, "i88Nmkosodc": 6, "4oxd-x44YYI": 5, "2IRWtukPJag": 9, "TM0uO6z3zsQ": 7, "wNjQishYOy0": 1, "LJ2iH57Fs3M": 12, "gHFqqIv8aqQ": 5, "zhdZcBsa-dk": 19, "VueSBzrIh1o": 25, "aAYw69hU2Yc": 6, "P-boL9Olh-k": 5, "tSJXjRkCKvI": 6, "8g1K1iJb6MA": 9, "juDuVT2goxs": 6, "dX9GTUMh490": 10, "mP-Pb4L_hBc": 8, "9HppFNyqVOI": 21, "dI-xHMM8wXE": 14, "RZSkUTWZyeA": 6, "0hySFt8O11A": 4, "bRP1QMmfg-A": 1, "A0rP5UI0w24": 5, "rClJW9gnchc": 3, "9Lw-2ZGvyLw": 6, "HJJvbDeByGk": 6, "EKjWRiNXV00": 1, "czYixQFLbd4": 4, "VK4xZiHDXPI": 21, "Yowkv9zyaF4": 15, "SxgcPuY58Js": 4, "d8AEoNHSJZ0": 5, "T9BlI9nhqTE": 9, "X9dyADHwK74": 4, "SswMzUWOiJg": 10, "O6NCUmac3aY": 9, "LI3KRcGEkZg": 6, "UVQIIyfUC-M": 14, "aAVFCH9x7Og": 1, "q1L60jfPgBM": 14, "6XRXBrcdtWg": 10, "pI_zfyJn5QU": 9, "fq9mw8wR-1Q": 3, "cDkZqT9IvYE": 5, "URwgy0J1ObI": 9, "7ifmgu23ofk": 5, "FfezfZPw-qk": 6, "7ClI2bp__Bs": 6, "RfCubGgMkms": 6, "xw1NIDFUdJI": 6, "v8vneqAgaRw": 8, "MeF134YMoS0": 14, "lCuLxqGd0go": 5, "GG_eFXMdX3Y": 5, "CPtRohwHMB4": 6, "9sz6xhPkGJ4": 1, "yf39vt0MKug": 14, "dlcbYh3IKVM": 3, "a05SWVIPdb8": 6, "4W6VxtNZjok": 6, "IRsUvDENjcY": 14, "4dpMzSTI4UM": 14, "BUpky0h5_PE": 5, "4FlwJwL6kdo": 4, "jUnG9FOmbqo": 6, "htCL8zVxvQI": 4, "kj-SjwVsBDs": 1, "6uhCxBk6cQE": 1, "lPdD8NvVfw0": 5, "56b09ZyLaWk": 21, "BemkXyTc81w": 14, "Bnb5iX9aunc": 5, "jtXLAKwssPQ": 6, "RvUIbqKyppY": 1, "Z6JAg0zzI_A": 14, "Dz28sQc-1Mk": 1, "HgwvNhQ_YzQ": 21, "FyVjesaMg1E": 12, "gclcnemDpZU": 1, "K1HaaiNUTCM": 1, "5fq9iIxxA1s": 14, "jwTIa_2A9ZU": 6, "ZzdpNfkh8_0": 9, "g0jv6M6rW7w": 7, "oLUPlTA9gsY": 21, "AmjUGJwu810": 10, "PDbTC-ZyE6M": 5, "Tuj8gy2ICU4": 5, "gMZM8MG6X1o": 17, "p111hxJYsVo": 1, "F4dQ0RchtJw": 6, "CFHpEF261Eg": 6, "M0mXUC0cUPg": 6, "EQobIUE1zTU": 13, "U-VzZQGWOqA": 2, "ZD-de7HR3MA": 6, "CIXE0Mr3rBg": 1, "R98sgmllCEg": 10, "fyxJwYV1a6s": 14, "o50_ZlMnjqY": 21, "ypS0543V_UA": 8, "5DjgnckVwYE": 14, "fOUilxJWm24": 6, "eZgD89VYkVc": 6, "fo4hyKfDJgY": 5, "yD94CV7kLHE": 21, "as_SyfYC5UM": 30, "-UyVgaFE8-s": 6, "WoYf3DQv6_Y": 4, "wcIhCTi_HHY": 1, "mrh9tPkQwCY": 1, "fk3-cuv8q1M": 15, "pCOeEIcldgc": 23, "NP4mgObDeUU": 6, "BDumsN1NCGg": 3, "rOc16tTA0sw": 9, "KY82nmR7U4o": 1, "RS3iB47nQ6E": 6, "-NmjyP-Oqz0": 6, "Rv3niQ-w3y0": 1, "Hr-4Aln1Il8": 1, "vX6FXRgcKQc": 9, "zXU9Ur9QznE": 6, "BqjKUubsohs": 14, "u51OxZF1ltI": 4, "PxE3lJDQnC8": 5, "EC9j6Wfdq3o": 7, "FD9UTBWo51w": 6, "jcC3xM8Wa1w": 6, "bwMqup0CERc": 5, "h7kAzhDDBOw": 4, "Nlw1YnVW58c": 6, "HTOP6TOJwOI": 6, "EzW4d4QknOs": 5, "iTXN9uCd0mw": 12, "CYSOVMVWxro": 9, "V9epMG_zeYw": 5, "erbbAcIfbrY": 9, "jsP0W7-tEOc": 10, "EYEHUOpwNvE": 1, "HG8tqEUTlvs": 18, "6HF7pSdZaNE": 6, "S6D7uS5GGOQ": 4, "4nIUcRJX9-o": 15, "ujqpkmaFvmU": 6, "j4tXCs4KgmU": 6, "XP3cyRRAfX0": 26, "we1c5uzYsTI": 4, "FJurUjmDs_k": 5, "BZkyGJ_SFqQ": 9, "bK4ks_2CxxU": 10, "GTYUpomg4xI": 6, "Z2CrW3ntd4I": 5, "xlb4SfKhsdM": 4, "7MclW0Srs8g": 14, "_r7yKaDxGvc": 3, "jutQL0DNstM": 4, "1qB0lb401ZU": 5, "_AQl4lUrov0": 25, "ejEBSeddCg8": 6, "VK03aVJekGg": 1, "0WUF3yjgGf4": 15, "zv750BWrUhY": 6, "Pj_mSZYeLrU": 9, "PjquJ5hi6zE": 5, "pXy5gt2R5mQ": 5, "ALaqqMY2m0k": 1, "TF-NuE-U6No": 5, "VWPayR39awI": 27, "yCCwnCxDv5Q": 5, "UoWsCNqMiOg": 6, "qN-qliCpTmg": 5, "PPqKOfCzN20": 6, "y5pzhmGX1sk": 4, "WGsch35hQHM": 5, "rFdhGh8eG3U": 25, "n8E6kPJT0tU": 14, "JDk3GQkTyN4": 16, "2_M0SDk3ZaM": 3, "rZBxVuTClUc": 4, "m0vQOnHW0Kc": 6, "O8B1ZNv9m4s": 9, "t4_dZPVg8KI": 6, "kM8l40QKddE": 9, "5W4MYJt8c4w": 6, "_HckRLrBXQM": 12, "AEAJrT8PeOo": 7, "qIVDxL2lgN4": 6, "jpldOdMH2w0": 5, "XFsZ6BO4LU0": 14, "ezNqB0tsIF4": 6, "vL6v9lLf1_c": 1, "PewCSYS6a6s": 21, "fNgkNVKeKPs": 21, "hInnyzLGS2I": 10, "JnP2bVBZ9O8": 17, "IuUyMMXix8M": 4, "__C7sd_UDU0": 11, "i0IJqIzO_YM": 6, "NSvnw3tvPSk": 14, "zAQa8YWyXTA": 4, "VjGU3I9degQ": 14, "xM_VQ3NZsf8": 1, "5VPFKnBYOSI": 4, "-7ERMwnoxSI": 11, "xkrLWjNxYbY": 30, "spCknVcaSHg": 6, "w03OE6SaL8Q": 6, "YM-th85hRUU": 4, "7X_6k8CjdVI": 6, "8nG_wVxO7EM": 6, "RLsXfrDwf9Y": 12, "mxr83Vkrh00": 5, "4HGR2_uN-f0": 5, "VX32RKuqIVs": 6, "g9qIjULYtkk": 4, "qriNbVCIsow": 1, "Hk2kUKrrxtE": 5, "0AgezPhuOdI": 5, "pS9sUm5Y0sg": 9, "y6XSIY9Vs-o": 1, "CdKcjxUib4Q": 8, "px6TQ0ZMIsw": 9, "vQfmpXsLV_4": 6, "XCibiAnJ6Ts": 21, "5Y7rDOogcU0": 5, "uRQjkM_iD4s": 5, "4k0AGQyMbFE": 23, "STVn3BmZXw0": 25, "NmCKcaAlWZI": 6, "sIgv3tTYYqQ": 25, "1Fki1SJ17kQ": 21, "OEQzJRRIXKs": 6, "Rm5HibK7qso": 9, "8mnFRw-6mUo": 25, "RhY_pQm0wYM": 14, "gYQbQmtA6IU": 6, "tzY7qQFij_M": 12, "0jBFyck8J5A": 21, "hMa1yH5QCxk": 5, "RaEeX4J_TyQ": 1, "ClKMIr3WpjY": 6, "GI4QhYrDQjQ": 6, "wO8-L-7SF5E": 6, "L_ycAXqOYr8": 5, "eI6mIlHKrVY": 2, "WrE6iE7xnN0": 6, "qGkDqfdgVEQ": 6, "S2nBBMbjS8w": 14, "le8En3oKY_c": 1, "GcVF5wR0kUw": 5, "kwcL-VP3FYc": 3, "hJW5_iZNdFY": 5, "hBVq3NElVTE": 14, "yZ15vCGuvH0": 24, "pnISZdg_3lw": 4, "tsBrlDMRGGI": 5, "uLTIowBF0kE": 24, "sbKBvrEr2wE": 13, "HK958YS_YNA": 11, "-44_igsZtgU": 4, "u4hlzRNu3uE": 9, "h1HQxcTYTho": 6, "TBXe-XerqRI": 1, "Cs6A-FCUPdw": 5, "9Ac-PGCfxFE": 5, "nVtWGS1bAtU": 12, "XgUJP6xGHOs": 9, "vTbG8OQcE1o": 14, "QeVy6TnjKZg": 10, "ZYpqxlkaenk": 6, "p94O9UZ5Qzc": 6, "m8AdoQI_QE0": 8, "1TS0yS0sUaM": 25, "2jaOd1v1B0Q": 14, "i3bR8PrziS4": 5, "AWp297iE6Iw": 19, "9l2FeI5GMg0": 6, "vQt2NRT5yP4": 4, "g_dFf9mWxPI": 5, "LlZz3WNbOkw": 5, "69MpLiYhsXw": 6, "t9AV9szGAG4": 6, "N-rgqDhnLoU": 6, "OtsVUdEfrQI": 20, "d5kW4pI_VQw": 1, "DH7hqFMxsTw": 1, "_BZsIY6PUPU": 6, "T4tOvkvCvwQ": 6, "FxoNbut0vqQ": 1, "rA2JuxRdlmA": 6, "onbZV52GWpk": 1, "qeEC4BDyhNs": 5, "T1kPrrUuueE": 5, "XKR1ScQUpcA": 4, "iUdQhl05fKQ": 5, "C6hKQ2YW23c": 9, "wqiw_E4tyuQ": 6, "mqdj-MFAhi8": 15, "BhYnz0JQKUo": 9, "mzj9mzcKEGk": 9, "KSv45XgmH4U": 8, "kWSIFh8ICaA": 6, "TJKftD6fTj0": 9, "kf7lTlqb-qo": 6, "UI_nj4NXpoQ": 6, "A4fMRDP1d6w": 5, "bxcX-aJG-4k": 6, "fI6LQSoH37Q": 5, "mmePn5kPfh0": 5, "Y_EeZ90dG48": 4, "g7trxwtUgVg": 9, "r1D1jI61ckY": 15, "2yLmrcQLNUY": 5, "7_dgiNoBWio": 6, "czcb5dXjlZA": 6, "913xrM9FYpI": 1, "k6SVsf0k2i0": 12, "MyD1lK8qr14": 11, "o6afGyzyrVE": 6, "ybdoIj5y_XE": 5, "t7kxPYzigCQ": 9, "Htbo1yW6qeU": 15, "Z8yW5cyXXRc": 6, "jIPE9QM6FeM": 1, "v6OEChj-UiI": 4, "S_bVfu9zpHw": 5, "wq25qD44hC0": 14, "afS5ks54tms": 1, "i9vXSX4htCk": 4, "J7QKeV2-ghk": 6, "fMuw1guPdts": 9, "O7jAhwbUfNE": 28, "eoCNG4yP3Tc": 1, "CgxYSbtp9JE": 6, "LO6TpbqTTxI": 1, "7IcGYHU8WBo": 6, "evApapdysp0": 5, "g5YOLVrVHGg": 25, "teWcTS31dts": 5, "MDni5wUNiuU": 5, "oTS1RIZboqU": 6, "TypQ-iYqiLg": 1, "tfcoOFmZbVw": 6, "82-H6MZnT44": 9, "u94i5CWENzI": 8, "4XQ7x7c2hkQ": 6, "KQCbke3pps8": 6, "cyVzjoj96vs": 21, "nnsSUqgkDwU": 21, "jc5XQSVeQ2c": 28, "HNbyvCB3ncI": 9, "fNZf5shOq5k": 1, "eWHF6rmt1WE": 9, "eW_0aYguJ_E": 14, "0glSaIGRrhI": 8, "v_C9mKEPG-k": 5, "Oh4COhEGRCU": 9, "jtO_MN-m5r8": 5, "7ZOKDqjqbX0": 14, "z_Wah7jp0Jw": 8, "Bl17Mwl8Mno": 15, "MbJ5t5YWYpY": 6, "qAY_o36paQ0": 8, "U9y9McTwNKE": 6, "jssITlGSR4w": 5, "Bxaq80Hp5bY": 8, "PE73KDDn658": 1, "TfOumoFSs0k": 6, "HbJHkwHZCCM": 6, "o31szjNyh4Q": 6, "w9R6K1mecEE": 4, "ZN6NYpSZa0w": 5, "vUAPQ-zAUTE": 16, "pw6JRuItcus": 1, "Vp8fcHI0-BI": 3, "Q26s_zWTykQ": 6, "nojWJ6-XmeQ": 4, "Xr4SYrOzYps": 9, "WZElUMthBPI": 19, "i7NPb5lmQpY": 21, "4VwxRqT3qRY": 5, "0V4UyjEyeOA": 6, "ctemZdDG7YA": 6, "MP-p9i85sNc": 6, "uNvmSvmNvQM": 6, "rWfqkrAM8IY": 6, "TdrE1VMxzoE": 6, "I0ZqXv8KsJc": 4, "-5zYYZpuTbU": 5, "tPZQkkbuD2c": 5, "4va3G-CNNUo": 9, "U9gBE9g_iZY": 25, "6e_JbxJijn0": 22, "DPM3ejkd3fw": 1, "zuzaxlddWbk": 1, "0XSNrKgA94g": 9, "pcodyFKKdVM": 3, "VdonoCCQF9o": 5, "sOjOznUVlKs": 14, "NG0MKXxdhrw": 9, "d4gb13p2Vao": 9, "RBQ-IoHfimQ": 3, "CLzi3okueM8": 5, "350tD8E7htM": 12, "vRYfouuHPvs": 7, "RQ_GiVoT1M0": 6, "L0KmvWL6Dfw": 8, "tjaJgMDgBuA": 17, "1QEYO2f77Qk": 5, "dOZjgXEAsAA": 7, "28pbk_cQx-w": 9, "PJKAr1r5zlA": 24, "verzNYAOQ7s": 9, "8QRs0ejxjEc": 1, "KKNUrASDloE": 8, "WhF7dQl4Ico": 6, "5-t6AIMSCdw": 6, "BDan7ClvO3Y": 9, "7X2m2WueNcU": 14, "2IEZNte5ADg": 5, "oZCRAxCmar0": 5, "2Dq2-98HliQ": 6, "JndtG8Y7yfw": 11, "f_mJmL5B47c": 19, "ivLmx6ixRRc": 14, "_yl7YfEyK4Y": 6, "ug64FCgrQl4": 6, "u9FEg5qur14": 18, "XZn4opyPfEI": 1, "wxPU_xDgECk": 9, "2G0loI0Jn5M": 6, "k1OTQQ9u7XI": 2, "JvjmH9w8_GU": 10, "DujoTffyUvI": 14, "eyzWlMZ1Y54": 14, "dLchejnnjEI": 21, "BgZluCEBS6w": 6, "DhOIJBk7KaU": 5, "Bgqxt-kfYIY": 5, "UKmhK8G--7c": 4, "eJvwxDTlue8": 5, "bZIzRqDOSZo": 6, "q9fms5He5bM": 3, "iVHy8MG2CQU": 6, "G2ZqvClReZQ": 12, "4hN0ai9WzBQ": 3, "nz3qGgt7b2s": 6, "HjD7Z36wX5I": 5, "FuKGC1djld0": 6, "GzmuQehRy3A": 9, "6-2L4PTV14A": 5, "LRgqD7JgF-U": 6, "rfpAkNyHAtQ": 9, "47LCLoidJh4": 6, "iJgnAHEHBYI": 4, "o2P5E7cFt9s": 1, "YY5KxPI6ApI": 6, "bltuzqFTaiw": 6, "tviPLpD8VG8": 6, "08ySTcxh_cU": 9, "XXwV6lUfMqw": 5, "8fs2Yh1PFwM": 5, "JdN1t1lMVxU": 21, "2Jhrr4RRywE": 5, "Ws-yd9YPfdE": 9, "jVs5tTEuA-g": 5, "QoqWo3SJ73c": 23, "0DuFujGCswU": 25, "fqXm8MCWfbA": 5, "iyNQr8k622c": 14, "_HS0UOQjU5w": 5, "bggFBWn7YoI": 6, "KbgKbMk5Q3o": 1, "l1vnsqbnAkk": 6, "bvLaTupw-hk": 11, "54WiJFln6I0": 5, "gg8P9fM3G8k": 1, "HZu1cTg-xUM": 13, "kj4vboULD4s": 25, "WdKHNZS3cy0": 5, "E3h-T3KQNxU": 4, "xRtVNIqwUS4": 8, "-zXKJMml0s8": 5, "FXP9jlpcRaI": 5, "Lhozndg5VSE": 5, "dgTrzCMFg9c": 14, "uQeh2G161Bo": 5, "8ZO-7pL_MrM": 5, "uvMvIVd3S7A": 6, "5HoQ-HblRG8": 5, "PTXV1QRAsko": 6, "Ypcm9B6o7pA": 3, "ZjNRXfRXnoc": 6, "UlRWeauFduc": 6, "VYp1s6AwuRQ": 5, "H02iwWCrXew": 25, "W3-9CKP-PhY": 6, "fylVXsXr5Jk": 6, "wToxrHzVpxU": 6, "xLhJIFC8xkY": 1, "t8APOFub0Pc": 1, "XQ-NXWecM94": 6, "tWeE2-X7wn0": 5, "cLTgxDkJRN0": 10, "cN9OKXtzHtE": 6, "O3ax2tmczi8": 14, "qfZ7o3dIJYE": 5, "lnuCDXMoZd4": 14, "YjMgUanz6h0": 1, "-7rgfoEEFmk": 14, "nosXM4KdAac": 15, "bGJSEEx2pXc": 6, "Dd_GSSQQGNY": 6, "2fQUYCPe3Cs": 6, "a3LUeeDwLXI": 1, "3DYUUdkFQl0": 9, "ohRN3yG4TEI": 1, "tWDprSdH2xQ": 1, "oSFnotAmcoA": 6, "nMzdAZ3TjCA": 21, "bATzbhGbjiM": 4, "axAmED7lqe4": 6, "wvmnRLFYIIU": 6, "Jr4gOCh_4Pw": 5, "kUJjvwkcWcg": 6, "K_-GdDx2TzE": 9, "2ywv_JCyolU": 6, "6bJOIqVAD-s": 6, "kF89VnRrWr0": 7, "WF_HqZrrx0c": 21, "Ak4hpFbIbfo": 14, "yQUN7QAnMp0": 4, "9Sn8H42FZcI": 18, "kcrO-lf345o": 15, "zSM6sAtyvyg": 6, "tIG0kB9lOxo": 6, "bJafiCKliA8": 15, "FlWfmhyulg4": 4, "wEKFJWdJ5jg": 1, "O9sgllm_Bhc": 25, "pR236CYNZfg": 30, "E71sKFD-spQ": 6, "5AaacAMljG8": 5, "0xyNNlU4ct8": 14, "XG0_olXLkKg": 6, "FV7ee0Cyzwg": 6, "l1gZkf_-UyI": 4, "VMjRSnokms8": 14, "DyO-z_7Ip9c": 6, "Sia6jCXUraM": 15, "7scG09FPwKM": 9, "v1HMR9nRmlY": 18, "jVADtFaZgQE": 5, "7JUExZaSNKA": 1, "HbTs3TLo414": 24, "-iwCVXD_lA4": 25, "NoOqyH03p3Q": 1, "7b5CKSqlz60": 6, "Vn2ZyRUZ4-s": 5, "FqhFUbtpiB4": 18, "MrXtSMzjhMQ": 9, "y5LAwk4cVjU": 12, "V_DT-mg_3IA": 8, "aaZnRfrrunA": 25, "4KKgR5YWmYg": 1, "fRtPDHtlf_A": 4, "ohp_nmI_TFA": 1, "9dgQ6AUYWCU": 9, "yZ1XM9LwS64": 18, "0yA98MujNeM": 6, "FhfcdqMTtU4": 6, "eySoKn9U5s4": 19, "KE9bc5KskM8": 6, "lvBCvA1LE8o": 6, "NTYtw7NDm9o": 14, "CDM1FPFxbVk": 1, "g0ha6Mb5_YQ": 15, "ZEKqLxtjwDQ": 5, "_UKLncvGxQ8": 14, "Jn4B1gjHug0": 1, "64KZVm0kWnc": 18, "cw6x80Qdzak": 1, "up-FKa0aEuI": 17, "mz0N-jVrRWU": 13, "rt7JZSrDJA8": 4, "wvWHNkLSDkg": 1, "LagGSTiSnto": 3, "LxK743gc0PI": 21, "7is6r6zXFDc": 15, "ZZUyZmYbfbY": 5, "sAhHHpzXOI8": 10, "pSe40tX-oTA": 3, "D5MLutafypY": 1, "s6rrXuFM9TI": 5, "XVLBEsG0MH4": 30, "NQhwNtY3N2k": 6, "_hnOCUkbix0": 4, "lOGdCg61QoE": 1, "FCOlOcMk8XI": 5, "xwNe5Kqi3Ho": 6, "3k3HkjXcduA": 9, "zFubzSu2AOE": 6, "AZ56zUxpXes": 5, "hi5TfqXrplM": 6, "owGykVbfgUE": 6, "4okCm_f1YMs": 25, "0rFt8QE4lkQ": 25, "urkrB7gNwMI": 21, "CtWirGxV7Q8": 11, "8uO5PAD_CYA": 21, "VyLXZ2GQS7Y": 6, "4pcO7_S2WQs": 6, "2o1TA0PG6pA": 5, "Ti6saRaKJYM": 1, "FHDKHKixKdY": 4, "3JsyhaGHq_E": 6, "ZcgzoGU141o": 11, "U-knPQ9H_pg": 4, "JqfCxPdrv1U": 5, "a2RY14Zqdvw": 11, "I9Bv1J0wK3k": 5, "EHu2hoc9ulE": 1, "PHLxK2QKZ4Q": 25, "Ggg0bsUfLBk": 6, "wrIZnC8q7RQ": 4, "F_M7zOew2Pc": 22, "MQfikxbS4zE": 9, "a05vigJA4SY": 1, "WA1h9h7-_Z4": 1, "4JhzwNuo75M": 6, "W-dbAzEERb8": 11, "sgG6uztmhA0": 6, "WTHkY42X8FI": 1, "a0YTHkqtzOI": 5, "86IpU3g-S8Q": 6, "1z-36uCr9XI": 1, "_U_4J_e6tQM": 1, "dZmuTGFusIs": 14, "Iy5jiYWuNKo": 4, "gMa5xYEMyls": 11, "ThgaRoMvgXs": 10, "rUFnH7KYMFE": 8, "GgiDBuBxl6w": 6, "laot_Eomr3s": 6, "qAGVilt3Rls": 1, "Kjmq-ADfcGw": 6, "1zPYW6Ipgok": 15, "5WQWX81M8R8": 9, "taMDXh7yBIA": 5, "pwF74hxbs6o": 1, "XIDHrWQe5FQ": 15, "VyM9ok6Z3PY": 1, "gvEvRBeYO2M": 9, "1sElYG7LmUU": 1, "UQtqa5F88LM": 30, "QT8AiihKFR0": 18, "8QzYlBM30NA": 30, "8iHEQxJXq9I": 5, "EmzgkMsf_GQ": 6, "EbnWbdR9wSY": 9, "yKY2O4KFmMU": 14, "d6gJ6dACtqc": 5, "Ug75diEyiA0": 6, "XHSoS4p9688": 6, "XLpQDBP20X0": 1, "6_WAmt3cMdk": 6, "x7AIfMpyHtA": 4, "ck14LKBI9GM": 18, "MTx9-ohAeWo": 1, "_NJKQkQu3NI": 4, "uDCsU5wUvdQ": 18, "ZjFK3L4cvQs": 4, "yXE_p_1Squg": 1, "6iQ7ZDUutU4": 7, "TnBHGpp0pVU": 10, "7-kSZsvBY-A": 5, "NX0i5rLzAP4": 3, "2f_kavukuKI": 13, "dHyPPvksUTs": 18, "Avsp_UJ3mrY": 19, "-5X2kzIDroA": 25, "lvVOtwezkXU": 5, "uNMRTsGR2IE": 8, "c4LCP48QYl0": 1, "14xmGANmavI": 6, "WpByXzdMQfk": 14, "ofTqo8j-k8s": 1, "BJQfT9C5Adc": 15, "7gMZ62PsvRM": 6, "AEMuSvSiFNU": 9, "8UqZzZWZd-Y": 1, "t0EFibqP-7w": 9, "v8J1y8o3TRg": 12, "DxDsx8HfXEk": 10, "kjc8kOCB3_k": 1, "zv0ZPyj7S6M": 25, "n_FN7pu-huU": 4, "Zov6yho65G0": 1, "jr2gdPY-88w": 18, "SvvLsAMsOJM": 13, "UNEHhUC4UJc": 8, "fF0ZmIf7H9k": 6, "RKwaILk_VYI": 9, "ty7Fu2kIfPI": 6, "Bja2_Qclk9Q": 6, "uHskC7JRL9M": 5, "dlEbGH9HeVg": 1, "V6F2szDteSI": 6, "Wo6BkRgvYF8": 16, "Wecenw1IWHY": 1, "LD1NnIZocrM": 5, "aZSzMIFZT7Q": 9, "0b98BFCqOvQ": 5, "FmlzOh-1KJA": 25, "AgdqKj85jVk": 4, "zSi2QvSWkVA": 1, "64G5FfG2Xpg": 4, "USD2QsP-Rzw": 25, "Ju-ETwtYuT8": 1, "ILxjxfB4zNk": 21, "orc5fBf14vs": 4, "OB6r2Wi0E98": 4, "IDAr48u3BB0": 6, "wqT2IdFyQ5M": 11, "1Pahqq-1hp0": 21, "UDTZCgsZGeA": 14, "JJmqCKtJnxM": 6, "qeefSTrkvrk": 6, "FxZNhjkMtFE": 6, "BbdfppY2ldQ": 14, "KTJ7BPvw-Co": 10, "OON2bZdqVzs": 5, "WHdYDNs0qq4": 1, "mrX3Ql31URA": 4, "KLlOTAE1CZM": 1, "ejMqe1WBtEQ": 1, "d8E2pHgxnsU": 14, "uxtNrVVVWVo": 6, "Ed3vswxJKgI": 4, "khDdRExFF-k": 6, "dlNnjtEXyi0": 4, "rmPRHJd3uHI": 6, "r8cDvm26VYI": 1, "Z9Sw1hmjpz4": 8, "z1zeaOK2atg": 19, "7gPc6027rb8": 15, "IM-QYuzrXC0": 21, "wgBz_WD-jYA": 21, "SwGrUMlagk0": 18, "dTcv5q4WfMM": 6, "pDGxehBp3Ug": 3, "AEIS7UJJFAA": 25, "UUNIeOB0whI": 4, "kdFh8P8Ijng": 25, "ysgwcKNdWg0": 18, "goZODLC7fao": 1, "PC2N3EYngns": 16, "_G-PTQ2OWe4": 6, "X2cs8gnb42A": 6, "Pblj3JHF-Jo": 1, "x4amZnI_1dE": 9, "tOpsnNf9Wj0": 6, "jmCwWbAWyZ8": 5, "84lAxh2AfE8": 12, "dSi0fJq0wKI": 12, "g8qLBtTnALs": 5, "ohIH_EchYWU": 9, "1Yq6W7YAHM4": 11, "2OCkgMrY0U8": 7, "N60utqXf5HQ": 6, "r0lwusMxiHc": 4, "stZFVrvPJ2Q": 9, "iNfChrsWlPM": 6, "APAcU3YBhYc": 4, "E3pMBPFUPFM": 6, "nyhfJTFJHu8": 20, "v_bNTCeju-A": 9, "XvjhIbEvA_w": 5, "hBwjS_4ow1Q": 9, "DOIQ5i87-Kg": 9, "WQk6A7eDE5w": 21, "R41NNPBqRCk": 1, "V44DI0ZP8Cg": 15, "67jh16fASvI": 6, "htEtTra7rdw": 4, "1vf3U4aPiMk": 4, "AUc4wJRa9-g": 5, "KSQcPOicGiI": 9, "IQovoot_ZUM": 4, "lT8bG7XqnBw": 9, "G3fXdPM0OrY": 9, "4X4MwbVf5OA": 6, "v_AMEYsBxZA": 3, "TULVRlpsNWo": 12, "LT6n1HcJOio": 3, "23kdGfzDaCs": 21, "0UoJyED73bQ": 5, "GEVMkdScUZc": 25, "dX_YU9zCqqA": 6, "klDDHU8HZp4": 9, "UNabu9daJUc": 9, "e60aAnThrvU": 4, "GTaUku9cy-8": 6, "PqyiFtLnKkc": 14, "bHwLgwBd6k0": 10, "7fF8uIRdfYE": 9, "ojqMGlqYHPg": 14, "jt32In8YzZ0": 5, "fk_YSO0py7s": 17, "qPIj0KJc7kI": 5, "6i-nMWgBUp0": 6, "yP4A6r34Vd8": 9, "MTgeUVOxl8E": 19, "lTerDhlAEMI": 6, "ZTUt7kpM_LA": 1, "LUOJSnR9z3k": 4, "HtUeBaOzBKs": 1, "en4muUSIRT4": 14, "QPc9LhKA5C4": 5, "Jze_zGYTGxY": 30, "EOxCl1P5r4k": 5, "4kvHbFmj38w": 9, "sMnNjTARUEk": 5, "IwrstxuicZk": 4, "K8dGb3-ZCHM": 1, "8JAhnmtotIM": 6, "PkWUuTlXq2w": 5, "VF-8WR38bq4": 5, "7b8zeykara0": 9, "0O1OrTcfqBI": 1, "O6rHeD5x2tI": 6, "29VGZtnCD30": 9, "_OEijvTi0NE": 3, "jgKyFA5i9Ng": 1, "PAjWzgYjG0M": 5, "ZE72ilXg0jQ": 15, "5NYMRt59d78": 6, "BoKUmFuV7iQ": 6, "c0BCoeOf-Ys": 6, "yH3YLcQxxmA": 1, "C_8TGTKdrlY": 6, "giJxJdSuq74": 1, "nfzWl8dDqwc": 4, "bivaifVTQME": 1, "0eN9KP6lOZs": 14, "xTpv9lc_qMw": 6, "N2muWKtHCnc": 9, "FqvLcVBOhP4": 13, "0ljPuSfPbSw": 13, "GURvHJNmGrc": 1, "9CRH-ocpJLI": 1, "PD8p6KzcL2w": 12, "LeJVNum2zwY": 19, "MX9qu69-NiM": 1, "1t7rSZT_77E": 5, "QCk54X1xYVg": 14, "_TBd-UCwVAY": 4, "sWVKynMQTTI": 21, "6FNITWjpbLM": 5, "eBDXxtnRp4Y": 6, "x4nH_YW2F1s": 5, "31pEZWaIhr0": 6, "0etzTTWyISw": 9, "kcftkEN3vmg": 4, "m8Ihwi_w_xQ": 4, "TYIeVjKlPTw": 1, "NmannAYiwh0": 6, "377kVIgBOJQ": 14, "xPY7jrcEj5Y": 5, "kqT_5f08Nxs": 4, "_oACRt-Qp-s": 1, "ie621R03ZcU": 15, "ZY0cdXr_1MA": 1, "H6JzeAHCd98": 3, "X1Uj9SPvSaQ": 14, "83nS4EGKU04": 4, "MBToS72o8gM": 25, "1I4Dpq1PQjA": 5, "2qdW7ramMr4": 21, "Hs6AebdPhSU": 14, "PdBQS8lp4xY": 1, "-g8vTq06KUI": 12, "uQereoIxioI": 6, "Es_uivijpek": 6, "SCNB1z360A0": 6, "6VEHt9cmtzI": 19, "2zfqw8nhUwA": 4, "sXAlpHSI-d0": 3, "vPETP7-UfuI": 9, "SxAqnB0NbEI": 10, "ryaGZETR97s": 12, "R4vkVHijdQk": 4, "H50wW4eAFKo": 1, "DwhTYFwfACA": 1, "psmD1DVPIrU": 9, "LfdiClhlLZk": 15, "TNCJh9WwU6w": 6, "__CTejhHZSU": 5, "V1-qbHbuNBU": 1, "Hzgzim5m7oU": 17, "_Kmh4BbJPz8": 21, "8ciagGASro0": 25, "o1BiFTk5Acw": 6, "TnXArm-NViI": 6, "GTkpq85sFO4": 6, "ULJBEQ6-NLE": 1, "qXndoRUKAhM": 8, "iqEEQpleFJQ": 6, "rrxE_KCnO44": 6, "5r_KVwao1aU": 8, "nX9P6skzZNU": 4, "-c7Ca2CY6x8": 9, "p916yeFa2Xk": 4, "0yQK36sOlgk": 5, "7pOoSe2K5DU": 6, "cvnqS95cEJ8": 6, "VMxyZQfMmM4": 10, "qyNs577d400": 25, "48zAauZBi58": 15, "jtwh3nQP5Uo": 6, "NQp0z1sbtxo": 6, "mR9UgTWUELo": 4, "oAa2O202avc": 6, "Qg0pO9VG1J8": 6, "dBRdzeC7kz4": 5, "ganRbr-WBiI": 17, "y9ajRIgTJNA": 6, "RsKcfsTznYE": 9, "yH7BaQEguYs": 5, "IKPtNDYezLY": 1, "SP8E6ouSiC0": 5, "7ae0tzVo8Fw": 11, "tZGNqFGIpiw": 1, "zSAh2YJhMNE": 5, "ENau7AkayN8": 9, "BBTtQwipT4k": 18, "oBIeme32Xwk": 23, "Y_56BQmY_e8": 13, "VrtCpjXDyqM": 21, "C1QLMHgX_VU": 9, "lNNDr1vH83Y": 6, "HZChlynmtgc": 5, "JvcH3kpEP8E": 11, "lsCvzwgNL3A": 5, "3t6bLugtJkQ": 16, "r-2Hq9QNmVE": 5, "TX8AAUOGKSg": 7, "xm4RaDWsRgE": 14, "DKAPJyFAzs8": 21, "GMovhjpIegg": 5, "cO7iCbtlcIc": 6, "eHh0bqD78b0": 6, "irUYwVN_AQ4": 30, "XyZtMfMWONI": 6, "7T3J4n_PJaI": 5, "b9zjwmDHE3Y": 4, "W5W_i8oa9cE": 7, "2xwUuSM06xQ": 6, "50DKFO15np4": 4, "wKB9HRgkKRA": 17, "tcoFNsTzx0s": 6, "UvDs7RDKCag": 4, "hYyMMs-WO4U": 15, "L7bHdo2DJHY": 15, "KObDkEBwuTc": 6, "RwvuckZDpB0": 1, "RM2JAlPRYKE": 21, "eU17_kd-e4w": 1, "0Awzkw_73D8": 5, "KHx0_NFuGb4": 4, "IDumJG4RXt8": 1, "dqxBrcgtX-A": 1, "KaxwXegbgug": 3, "jgnUqYSxflg": 6, "brq5oJFIKJ0": 30, "jlWwjUZUROA": 6, "Hv7t_zFUDBk": 5, "TosjG0E191U": 6, "RsCoPb43TUk": 24, "HAmI1MJECZ4": 3, "O1Z91YkPatw": 6, "dWspEgdrUdM": 10, "2BXRGzjo1_Q": 6, "cnIYtqPUlFs": 6, "_uQOchrK7NA": 6, "3FtNm9CgA6U": 3, "KuNcSp2T4Lw": 6, "M9uxiTWZLwg": 8, "1dcPHVFHCRY": 6, "zB3JekAH9rc": 6, "-35m_mkcHnI": 5, "heV0CNzC9OI": 9, "Ue-TqmP6I_g": 1, "m58Bp6PfXss": 6, "aURA4lJSP5w": 5, "kjBGSC1ond8": 14, "TXKGIAdv0sE": 5, "YkruVmCZoJ8": 9, "odI7pQFyjso": 15, "wt9VctrBOZY": 4, "6e3z2H1O5zE": 5, "O5G4fVe1LUA": 6, "UJVlHwpS6Nw": 5, "HNo-_DEEm54": 1, "79uA-gHvw18": 1, "Ug_iluxQ1IQ": 6, "ecV5FhZEvi4": 25, "XBXlh4E9HhU": 6, "7AuhjzxAudY": 6, "jGldy-ABbsw": 1, "pwh1INne97Q": 12, "_Gpx07V3GFM": 14, "z62vD5BDDUE": 9, "UgEEcM-jYHY": 5, "n0r3USJnZnA": 9, "rG8nXUY9UP4": 5, "AAs2hd9AJoE": 20, "t4Xt_XS9BJA": 14, "LPa_NGIIn0c": 6, "aF5Ipu0DIyw": 1, "a7w7CTL8VaE": 4, "CD8wwepuGas": 25, "Ghl19lJJ_mA": 6, "HQQs3nl0LcY": 6, "t6MCn8wPR1I": 6, "pv4WZkppmTU": 5, "js6VqTldWi4": 9, "-rYZwYEpCds": 6, "7ZbLntTvV8o": 5, "hPxZiCha6pM": 1, "I886RBjiODg": 14, "uhHMWLjL77U": 6, "iB5txqIl8jQ": 21, "M4dTKckmLwE": 6, "xlowDDEXpWw": 5, "AR-dXdnjljc": 1, "mJPYPE335KI": 16, "yA8b6286wMY": 1, "5sXwEoeurSo": 1, "Iyf5b3uglUc": 6, "-xK80YG33q0": 4, "UrEPJkajMSE": 1, "UmwQjuJttwk": 5, "IPme5GPdiCs": 9, "TKL_cn8vhjo": 10, "8pmw5CAc3rk": 15, "zWzsOZMrbVs": 1, "b6EBK0ujV3o": 14, "KsdD1MJXOpk": 6, "cDS53Y8q9lE": 5, "oDcb3eAAK1s": 1, "_3sLwG1ZSBA": 6, "BqCXsGCggWw": 6, "BOZywMwhEIM": 4, "Yh0V68c1ybw": 14, "4c43WKFcn4c": 6, "5U9I7QrpSkk": 10, "c-PfqVlBUuQ": 6, "8j2wmtOrzy0": 5, "MKv8XsP3huI": 25, "7w_AT2sHBss": 5, "kZnBpmZXBms": 9, "PjcNjEFtUSg": 5, "_rnKWUHi7_A": 6, "R2QRUN_gO74": 6, "DFM4DSJHs5w": 5, "drjhfrRFoeA": 9, "-IqXOsikgVg": 5, "xEYInUvLalQ": 6, "Oph4fcJmPBk": 3, "44e-Y08_B-0": 6, "uxJyPsmEask": 11, "mBbjL3Ktn_c": 4, "RyeDBZaxFa8": 1, "694TX2lQ7Uo": 6, "7geyX1Er1zs": 1, "l9b5jym0ig8": 1, "iZVWAfmRELE": 4, "-DFuMqROFCQ": 4, "qFTcch4BOgg": 26, "EPOcxNMzNhc": 14, "38eCsBwh344": 9, "r-m27SZUFj0": 3, "2j65DpagyhI": 6, "qq0ar8_9FSM": 6, "XEEU1nQeGNA": 1, "1dc1eKHgy_o": 6, "3RnT8kVXbHA": 5, "6uLBrg6ai0c": 12, "u06rDf-kUt0": 18, "e8374g64kCE": 6, "YGmX6m78zDM": 1, "ZbTCfuCnWCE": 5, "SaENQKoFHiQ": 9, "k7KgP_jPDwU": 5, "3Es9d1aYEHY": 1, "rCwn1NTK-50": 9, "UwY67LYzH7Q": 1, "5YB748GUPIc": 5, "LLrTPrp-fW8": 9, "AZMSAzZ76EU": 12, "T1Scd0rNt-s": 6, "G7kYu0U-O9g": 5, "XWzNExv2nA0": 5, "lPuWWADcUbY": 1, "rSTGOyDFPrU": 9, "iKQH9wQaviw": 18, "TL4LEfRr1TI": 6, "-rMrkyMn-sY": 1, "F0WaSy5jNLg": 6, "TRmgMe2STL0": 1, "B3NGN4t4hm4": 6, "YKD1XHDTJNs": 6, "8Z9hWVZ_BiM": 3, "7pi6BtYXD1w": 25, "Ytz3ljpYwIo": 1, "D5GBWernLHE": 1, "5Z_zWIVRIWk": 3, "aySEdLaEDc8": 6, "Ol7x46IpMTQ": 6, "GqnjzONrPiA": 4, "r0m0tP0nR_0": 6, "2RHEjneBRak": 6, "bdHSIquSHMw": 25, "0sNFdX66Pyo": 1, "Bl6PZDkaT1I": 1, "lsmmgFxI0Jc": 5, "dA_aAcfA9Es": 5, "JCHm9BeCSlo": 9, "ud8p5t2sXOo": 3, "vyeTdmBn_x0": 4, "moPBR6os8Z0": 1, "Vz5DXIezqr4": 5, "ZUJudM0jSPA": 9, "7bzk_XrXroI": 6, "Ei6JvK0W60I": 10, "EZ5MxR80uYw": 4, "WxgBXJM6zJ8": 6, "miC1VZ9UVCQ": 6, "uAgxZ-l5pY8": 4, "BJDPKBNuqzE": 15, "teHGVlPT3qA": 5, "pbdzMLk9wHQ": 6, "W6nouIb9BnQ": 1, "Pu5JppruFGI": 4, "uykVxooNL70": 9, "-0wp-TLmP0A": 9, "yR0lWICH3rY": 6, "KT_155-ROy0": 3, "Gd3RBgp0CLU": 17, "alOOJiRRuz8": 6, "RGQf9dn0pDk": 5, "nVa4mlFZEmM": 10, "R2PhoBA8qKY": 6, "WREXBUZBrS8": 15, "vWv-RMV2nOE": 1, "iYhCn0jf46U": 19, "l6i-gYRAwM0": 6, "Uq3NsDX4Clo": 4, "7vMVNA8PY7A": 6, "0xYchV3KaVg": 25, "hyPKPXZvJ2E": 1, "_6rj5jisB7g": 5, "kHFnc_eV4Lg": 4, "NIB5fvxbWjg": 5, "vVaSYcRnxRQ": 6, "M2IpET_ydUg": 10, "msMehuZo3x8": 2, "sSVsUsbs1eE": 8, "-1yXdOufzKE": 5, "1CxQW3bzIss": 4, "sxlyWieYZsE": 6, "_IYJO-Ik7Pg": 6, "YW-XHa3Q2cs": 8, "KwSurazWkh4": 25, "sbFmK4zZ9Ys": 1, "rZMkBHI0uR0": 6, "_nufc37CHso": 21, "1vtcf13zT08": 8, "hHxE2wdegms": 14, "qQYz0I5dE_A": 5, "n-XABtUQFNw": 14, "OgzDWlmyyYA": 6, "iMfTHHLbj5g": 12, "51t7y5UyVaE": 9, "7VCYBtx6h4g": 1, "r_dbSSQotZ0": 7, "MXiJBp7HK5o": 1, "UUJd2Ptfr4A": 5, "jHbCL__KKw4": 4, "UTQinvFuX3M": 1, "rHaRhKOcr2M": 6, "8N9gSS_HRcE": 6, "w-lOJDXt7ag": 5, "FEMAEdYryJ4": 1, "Tx4SBSV9KVY": 6, "dMgiG6EmTfE": 5, "-KSKkmypTZM": 6, "K4wLg5g1xPw": 6, "isvfvNmoPYU": 5, "v4gitDm3byQ": 13, "womx9GYLVD0": 14, "8795zWhHjJs": 14, "pTdXVmgC3us": 4, "33D5iccLDK0": 1, "8sjUcp0UQI0": 14, "WSDvRkmTNA4": 20, "oirB6r0PySE": 5, "Vq8LsV8heLc": 1, "LOjETlSufwo": 6, "MOBdTP9ZB-I": 6, "qLIW8JWk1RI": 11, "RxqXF9ePllU": 14, "w04xmH2SOLA": 1, "Dip_ThFvjKI": 9, "FsofrMY5kbo": 3, "YlKDu_XtG_I": 6, "wN0G9qdMDYI": 9, "vPcjTefW_Ao": 1, "byPCI7Y4paw": 5, "P-i6PlKdMug": 28, "C6d4o6hxZOY": 14, "tkxpzXqE5ZU": 5, "Y_7WgXAlLFg": 1, "VXyA7bZLoCw": 6, "ZJMGS7l0wT8": 6, "EwrgDhck57E": 9, "-XzQcpcgCKY": 1, "7sVGB2_zARY": 6, "ZnbMEkpBs48": 6, "By0S8NpLPH4": 6, "9n0w7F5hGYM": 1, "JbsJPO-ZreM": 6, "A01uRcmyuWc": 14, "OFYSUPlZmcg": 21, "oF--p4Dkv_Q": 30, "CkF1rck0hIc": 6, "YqKMI05XHFk": 15, "MfzNEmqeIWo": 6, "BtKw7V7hGok": 3, "sXlmF3eI9R0": 14, "dpzu3HM2CIo": 12, "2uT9fjUmm-M": 18, "Y5Io2bdZP1A": 15, "P1T_Kk0cWLk": 14, "j70ha1PUlqk": 17, "mJ-6clXHMEw": 6, "ArTzPA5AsTg": 6, "aTi6i0FZCfI": 12, "WX3N0Rr-q-E": 21, "iYpxxHQrP_Y": 19, "Fiyy3Gc5Mes": 25, "DRQJ7_TXAPE": 6, "ujEqAi6-VGo": 9, "CxvChSSLXVk": 9, "D3J7R6WBJJc": 5, "FZA37-7bw6o": 5, "0OOz0ixr9MQ": 5, "oINYoy98JJo": 8, "sRv9_Q3HOmg": 6, "-AmKP9VE2Ms": 14, "tE2JZ5eQnUE": 6, "u1OmpTPffQc": 17, "JqNjeNeJzuA": 6, "S_JjGZYpy7I": 1, "Cx_5i5rWVE0": 6, "R50jeoI8K0w": 5, "rt_jK-veOs0": 5, "HyRMsv3aEkM": 14, "r_X5C6e3ZeY": 1, "Lvd5gy1Xqps": 4, "v8DZc2PUUq0": 14, "DH2yYPyH0VY": 6, "WEJJUGJZxpU": 6, "5fHG8U96EZA": 1, "wrAiclq3dw8": 1, "qpurHfNLY24": 1, "VbHw6bnVc5Y": 23, "ROmhkfzXNko": 14, "1xGroEzJgYs": 9, "HssUnxcw9wQ": 1, "G7BQHahjL3U": 5, "yeL--HO5-EM": 5, "bwz98athxQ8": 1, "zx_cmAIyaDQ": 4, "RpNLUFA34iw": 4, "1GvKSd5g8eA": 8, "tnJ8pPSEW6k": 4, "HEb04FxT0sg": 25, "fqiqW-QiySk": 18, "nfGldW3PnE8": 6, "rskFaiDIEwA": 16, "-ijH3cRJ1BY": 9, "eH4DkWxoVT0": 5, "8oE5guoix3w": 11, "pzJCbdgf6hs": 30, "TnHydQ94Z_Y": 2, "3LJvV4dHtHA": 6, "qGVleYQkSyM": 6, "KShkhIXdf1Y": 6, "MhWRyh6ymiM": 14, "P_o1_li9FCI": 12, "rZNiP2ufp_Q": 3, "Zpa6ttwYENs": 9, "dcNrh8FL3vE": 5, "eCSBRIkS2mI": 5, "YD7ya_NssNM": 1, "tkUHLrFyaEk": 1, "zFSs4LlRW9E": 6, "-VmCOAGhHkM": 5, "aumsEbfWnjk": 18, "JinBKqSCSac": 9, "0-U4Yr9UNBo": 6, "GZ3x1tMre50": 6, "mMM3Yhro508": 5, "cc-ClutaN_I": 1, "G01psD8GU-M": 6, "f8T8eWBmls0": 1, "Dzu_bpCcfuA": 5, "XwvKXU8Tnx0": 5, "DMA4o6zqw58": 1, "PoUfNATA7R8": 5, "nmwXdGm89Tk": 5, "mQDit9-z1Xw": 14, "vVkFT2yjk0A": 11, "OfTObl7qgjM": 9, "U7pdH1cVbyY": 5, "_krbxXawoAU": 3, "6xy_lt-Z5b0": 1, "Rzu6zeLSWq8": 21, "OsN3-29ijIQ": 14, "D93S3UVU8pk": 6, "wJhU1BLVezw": 6, "bAImHu2qNEM": 5, "ujpmTe8PZUs": 9, "ks9vBiL4SkA": 1, "b8TC7zxvWBs": 23, "j1U3s8TVACA": 6, "TVqe8ieqz10": 4, "iN9hRCxwxBQ": 9, "5JuVHCJVYf4": 6, "EkMtaZ6coK4": 5, "VT9XM1SSkv0": 4, "58ldzvk0t50": 8, "D4jc9xxikuE": 14, "h8Ek3v1RBEU": 6, "rPf0CCG9mTQ": 14, "Mkq_1O2iNHg": 9, "hlDFpwZPWJY": 1, "FvQ26Ik11JE": 5, "kRyEpJaHn8U": 4, "sWS0GVOQPs0": 4, "aEK37MBTUPk": 6, "GHJrXqAKR78": 6, "0A_35Z4eQfg": 5, "-lmw0d6S6jU": 6, "z4-O-tLsCDo": 6, "RZNFH-jH-eo": 8, "FsW2QM2oLy4": 6, "tAnlcW_ILyw": 1, "zrIe6n-ZK_E": 9, "DyMtcblMXfM": 9, "eke4s0erdgs": 21, "fiMdhT67xqA": 5, "8KuQ3nhpctA": 6, "e3_OV5oODj8": 21, "7AVmI73va4g": 5, "TszuuF7cbac": 9, "noy9lF9Xu68": 8, "X72GUu9V0aw": 25, "-NGPwtXywLk": 9, "9ypxRGSrS-k": 4, "ZN_sDtN9wH8": 1, "vYEXzx-TINc": 16, "K8ddz3Bu4KI": 21, "yu9sWjnJFHU": 23, "FDwlgxqaOiU": 28, "jnvgq8STMGM": 6, "uLg4kDAGZuw": 6, "HLbNXOJ9nN4": 5, "rBPmG2lK1uY": 21, "gXlDStpJVhM": 1, "doSdHnKNtRc": 5, "FFsL8JBVWm4": 1, "ltqssfzVyrw": 4, "kHCDajKs17E": 4, "VEmQEFCBp2c": 14, "vxlUCIqbD8M": 15, "-cSFPIwMEq4": 1, "t_3oIy5jAG0": 25, "1bRja3o3Sro": 14, "6HNKqffU3Cc": 15, "L8RP9Hxw34Q": 1, "pNTu9RjThRM": 4, "RMqv_GlnyR4": 1, "7DZao4kN73M": 14, "nZjQ0H_jpsU": 4, "zuX6Qknahkg": 9, "UC9qnjOUjss": 1, "XHPamIfsT7k": 1, "YN_eu8Jk50o": 1, "dWgLVUmW0Cc": 9, "6AOvnPY_d-U": 14, "GvzEX7uBXKY": 6, "vQYStgWhejA": 14, "-GXvYexMoZY": 1, "G1FV7dND0NY": 6, "jOd3dJUKJFI": 6, "BEoqmJ_6DVE": 15, "MV-_bqt_ePM": 21, "6Obj5eoSpu8": 1, "Bw0KIjIfprU": 10, "jEZMSF2jNYg": 9, "Evnaic2jP7E": 5, "FlzMcscSa4A": 6, "mVPku-xItv8": 4, "AJYN5rdrZXo": 5, "3biYBKLNBe8": 1, "OJ0x_X0xXgU": 18, "naUzg6XAjM4": 1, "WIdu34kekJk": 25, "2MwarUSvaLM": 1, "5CaMUfxVJVQ": 6, "gNBRxgr9zZc": 5, "N2oL_gXECtg": 6, "B0raS3U4RK0": 14, "LEc-35QNaoM": 7, "6kYqjTA_VEg": 3, "8hDtBVP3U4Q": 6, "gJHxTUHrgdw": 1, "FhjX5ld3_v0": 1, "vmfBkVQCd-M": 6, "VSdxqIBfEAw": 6, "omjMG1JU21s": 6, "_Zgi2KNtWVY": 6, "L90XMfzURqg": 9, "r3-JcET_Rzw": 5, "nI9_BTm41MI": 4, "OhIEt5IN6GI": 21, "6tqO8iiP_70": 1, "Hi2RE2Em6Cw": 6, "hzkuTNxrqAM": 7, "sh6vqhOUX8Q": 6, "ASsZ-u9YV3c": 25, "oDdZP2Ge6TY": 9, "0Vxjh6KJi8E": 21, "Gw_a4iutD1Q": 3, "kZCbvpJ4O6c": 6, "BZ1Y2-KV1kg": 25, "yr78_7Kip3Q": 17, "M7cUYVviK50": 6, "9dxua41fAgo": 5, "krxgYqVdOG0": 6, "RzDr18UYO18": 13, "92RWz0gr1z0": 3, "jwM5_-2Z1JA": 9, "VIfRqrSjJis": 5, "RH2clfEPxAU": 1, "KsLb51xLivk": 9, "UKn_7fyB5fw": 6, "Qq7c7hBXlek": 6, "NFFLEN90aeI": 23, "F6Q_47Odm1A": 21, "A1W6Ku5bJR4": 6, "zE9wNkE820w": 6, "T_y3HfRGRek": 3, "6uFQAqwbwSg": 14, "Plh9sAFEZJw": 14, "g6krjPi4Osc": 1, "WlNH9bzju8U": 6, "puDC_XSKRes": 1, "z2q7y50zxNU": 12, "OobrfR125uc": 6, "obHjzVSAJQY": 5, "SXQY3A2eJc8": 1, "H_WSu29W1CQ": 6, "yhkkrkgCNkI": 6, "7Kb3rDbBWEI": 5, "pkpX7tU3vuo": 21, "fMxb-f3uTis": 12, "m82OKNwOeaU": 10, "9mRCi5vxrA4": 25, "mByznNYCWTY": 1, "OqiJOPXpksc": 14, "zryW3mGUsa0": 9, "BRMQ08cG4Xg": 12, "PmrTDZy3f2M": 6, "Hsufiso4mLo": 6, "Nmgice3ieZ4": 6, "4a5fS0F6LLA": 6, "lxlmA8Pr_iY": 8, "rkqehuUTQ_4": 18, "dvWGLcdI8o8": 13, "stbtl2Arkag": 1, "erhsuXTyDww": 4, "l7IP5SV6GqQ": 19, "3mqscqDcoEY": 9, "CO0qwl5k9R4": 4, "hX1S4U33IgI": 8, "gEMUUL-Q7Io": 6, "oUMo1il7me4": 1, "JrOCJMcs7Z0": 1, "47ZZjEXcJ-U": 6, "kNLwH8AEa7Q": 27, "yEH4Yum4nN4": 1, "1QA9pvLiu_s": 6, "G2Sn8z6hkT0": 1, "sqLNG9VYUcY": 11, "XqORbzbEfoM": 6, "V68UXteyuFg": 6, "dx6z-vDgz_Y": 18, "v-gwjJ_NXKU": 6, "iQuTPEYg2ow": 15, "RAxElNM-Dmg": 6, "UEVa2swtC10": 25, "mcEV4TeUxRY": 4, "XjfH8wJ0zqM": 12, "tbTHevlbdqQ": 5, "LnoumTpLMfk": 10, "vJIwQtUZYy0": 5, "XftGMT8qDtQ": 1, "PFbeP6YqHzg": 6, "VDut1RkQP_s": 25, "eEgMjH9bVgQ": 6, "KJfX0FuB1Dg": 3, "Z4FH6w_srFQ": 25, "6oJXL398aBU": 1, "dskwrtTt2wI": 8, "bWUIugV3AGc": 6, "8luSJxVswFw": 9, "R9ixmH48CF8": 6, "BnQMq5wtZcg": 6, "E-MRp96TgbQ": 15, "SYF_EP4tmaY": 4, "WExHEUYou8Y": 6, "KjpVMX3wcJQ": 1, "cbtf1oyNg-8": 6, "TVETIivaXlU": 9, "u1QdH6ZgJ3M": 1, "-iJAbi92xeM": 8, "O8TgVKtRB28": 1, "m9j8v2jhGqk": 9, "e52TSXwj774": 4, "WkYnX_VCMP0": 9, "osB_PSneUik": 6, "csrPT9ClVUc": 6, "D5l-H3fj8Rw": 4, "dXJ8AzlsX8w": 10, "kCvF0GmiHq4": 1, "2yO4-Oh-JP4": 14, "eX4MdXF3OWI": 4, "a9WB_PXjTBo": 17, "VicXmrGCnYA": 30, "dcTjsBMIRU0": 6, "HaYFeUhyQ9M": 25, "QR8A3T6sPzU": 6, "893HhPM_0ks": 4, "7aUTdYsZda8": 8, "z7CnMN3xi9w": 6, "GXhXsex8y9c": 23, "F9_Vz_xVjAU": 9, "we3aNazTODs": 2, "F7hwvWIK1eM": 9, "sSPP0wQslQo": 19, "cbfDGMfXimA": 4, "opNPUpLEJic": 6, "Mq0K8Q1lMgo": 9, "SfAxUpeVhCg": 3, "UzNcixxdnZs": 6, "113mRmchumY": 6, "XwdUXS94yNk": 3, "Im77qklKzm0": 5, "qoxRKfaG36Y": 6, "peUxhH5TKtY": 25, "qSvb7o7xrxg": 4, "OlZqBR3yTiw": 6, "mcpgGmo8_4o": 9, "MVLzkTuVmrw": 9, "axsqWbxZJGc": 6, "7jXUWe3MV_c": 5, "kxTo6d34mUM": 14, "vQgbLkJVgAU": 1, "-gMjPezr8TY": 5, "fDoDUC9M0Sg": 9, "4ArXuQwjj7Q": 4, "a_FEhbdChkI": 4, "7LF0CNb6-KA": 5, "LVeBHwRbXB0": 9, "kPiC_fTPIbc": 1, "FOiY8YMJ4Q0": 5, "KdRrP1Kh9TU": 21, "W3U_Vxmqn9Q": 1, "QFsXJGlShTo": 1, "29dlGyKAySY": 5, "tqVrAFFovNM": 18, "v3m8zkjquYI": 4, "pM3gfiregSQ": 8, "3bY7aOx8WHk": 21, "gm6TV-sg3zc": 5, "jTNrakZWppM": 5, "7jeYZCzg8uk": 4, "7LQpRQh2KSQ": 6, "R_sX8DNJHJg": 9, "2IJtQvaK9GE": 5, "YcD3HHmKT4I": 9, "zSWES5qtht8": 4, "3iOO3uerUJY": 14, "__kJ7HsL10Y": 9, "zlulSyBI2aY": 4, "zftD8q7SnJg": 3, "vn6E0boDX3g": 14, "G9ZvxYcPJk8": 28, "YCejo7c6pBs": 5, "qzilmXQ0ReQ": 4, "8nMOcw70RX8": 1, "wM75ulDRkhI": 6, "UJFDaEE799M": 30, "2wNW481Y39A": 14, "lNfPcMGneb0": 30, "qPdSUywxbR8": 5, "WJiz3SD5g1M": 8, "4Vn3mLIlqp4": 6, "rY8MhKBZadk": 5, "utjtqCgUDnE": 25, "eFYH9kMHiIg": 15, "XCrhZswcukk": 9, "e3fv8IbnhXw": 6, "pgheNRqftos": 9, "yjno-e4WMtE": 4, "Q81bsGI-JcY": 17, "xTCrs-wSacg": 5, "xgk4J8eLRSo": 5, "TEsp-IYQaOk": 25, "1jy3Ow_edZM": 9, "Fobc_Jnx0Zs": 5, "XJdi689BqKA": 6, "WfV45T0PXQA": 14, "XYxUzUzCpqo": 5, "Tt4odad9p8c": 12, "fsE0g-8CDQo": 12, "64RHWvy_SoI": 6, "_th7oVWjrXM": 4, "O2vBJt1iG60": 14, "PE1CuvlqlmE": 9, "mucuLrWHGqc": 6, "_6MAkLJ79LE": 30, "skedzvviBWM": 21, "CzcxM6u7ey0": 14, "uA-_HGiV6eM": 1, "HzFdDFhenk8": 5, "9qQAn-wmUDM": 1, "hmT0WGVjT4M": 9, "wJl8sIAZV-M": 5, "fbiru-km-Ps": 6, "wiixrRgysks": 14, "8zTDbpxT8ZI": 4, "LmSmrSm235A": 6, "moWeryJjRNM": 6, "4Or2Tanfrtk": 5, "dhwKGg4mhiY": 1, "zXhfwbjSovs": 1, "uEZBoUdS7f4": 5, "lDUOmY80GhU": 1, "F02kgBHjBms": 1, "i7mmXeRvgLo": 14, "N0TY3_9-Oe4": 9, "3jx_NcuZXac": 6, "TyDl1yEVQ_I": 5, "HexTZbSIEII": 25, "LhGJvGhIzaw": 1, "prqaLhnNYIo": 14, "STqFXr5N5AI": 9, "29GrCUTdu3A": 4, "H-V7cOestUs": 1, "wF_LJfwFsE4": 9, "3nKGrlVvabQ": 5, "8AsihR-MCig": 21, "ib-Qiyklq-Q": 14, "WhfntLl6xx0": 6, "OfY4PyFM3uY": 17, "zeeBp2uqcKc": 5, "HnL-7x4n4d8": 25, "eob532iEpqk": 5, "qWr8_tsG0Oo": 5, "D3KsGTIeO7A": 17, "faAZo970RA4": 14, "xYA7AnVwejo": 14, "Sfy8UYRhmpA": 14, "nQCDPCKoKhw": 1, "Pzl86IjTpHI": 6, "j28GvX5sFHg": 9, "yZdWPqpVbEk": 1, "08bkLusdaOQ": 25, "PXTagE7BtRU": 1, "NWug8UKCZxo": 21, "IvwkyXwn8vY": 9, "uVqSmJW7JFg": 3, "kI-e19z0Og8": 3, "QqScHid0h-c": 5, "ENp3y6Sk8pk": 14, "1AIDh3-sGW0": 5, "1krJqn3smbI": 14, "tRnp4UPI-Qk": 1, "FcVno8saeZY": 9, "nkBBsOEY8PU": 30, "YfFlaavmqSU": 9, "3quMz-EAThw": 21, "7t2mi19DcmE": 5, "8Bc0WjTT0Ps": 6, "yGVaArcV9BE": 15, "SHdV_a_QAa8": 11, "tevkM-vPqLY": 13, "NteAPGprDJk": 4, "xDrHWtN2-C0": 5, "hmXp5nrGSwQ": 6, "dQmK1CnwOUI": 6, "2-_qRS4Li7A": 5, "oal-vBFmnRk": 3, "uIVfcqanGEU": 21, "SZ59-omEYgc": 6, "6FSOKnW9BLI": 14, "GINmvzOpfvc": 6, "tYysQOHTimo": 9, "cwRSIRBzg-c": 1, "Vuw5g1tBrvk": 5, "gqkNPcUMffU": 4, "9PrskhcKEXs": 5, "L4t-fCKQCP4": 6, "Wwza_J8qCU8": 14, "ckXUcAULF6Q": 1, "2T-AxWMZBfU": 6, "Bkcz98qXUPo": 1, "12sqXKF6Zv4": 30, "vEEWxUHKUZA": 6, "EEfdypNxAVU": 1, "_lDncgUwor4": 4, "bp67DsgTqSA": 14, "ut5qa3B9GEk": 14, "Bh3b6M4g8BA": 5, "vSROQRmdZJU": 6, "4IaDS9MpzH0": 14, "LQqyDj7RX6Y": 14, "nlpZRK2Yfd0": 14, "jjV91ZRqu-o": 6, "2k88FGifTFI": 5, "kH3JycOMCR0": 21, "X6pyDwa3nGw": 1, "C39GKOf9clo": 14, "Zk1LRs39xGE": 21, "Q5qZedMTkkE": 13, "111MTs7MGuw": 21, "xIJORBRpOPM": 3, "DED1fp04298": 4, "s2DTEADGSpw": 6, "3zCtPnz-Bxk": 14, "z7HGLN8r84E": 9, "bKWTB682GdA": 25, "EkcRPhF2gO0": 14, "1j6YA03hm4k": 4, "4_IbqebS7hQ": 9, "vnOyMSEWNTs": 7, "8SVnrNaNv7A": 6, "T1rZ_GuLZ6s": 6, "oVngo_slWJ4": 6, "uww_MqZD1Tw": 14, "BEgmHJj7D2I": 2, "ROzC0-LD1P8": 6, "NvEC1qZuehI": 4, "w0YjO1zVHgY": 14, "FoGGDKV88Fg": 21, "e6o8PbAsGKA": 1, "LVZy1FIua2M": 9, "M5A2a56ALMc": 10, "RtETcsKfVo0": 25, "uqToVzu0iTc": 18, "wcAXkD9DjD8": 6, "Sjl5_vDfiuM": 4, "IqlrxA2Atdg": 4, "KDLIl7eP1w8": 5, "QMqVijLB4z0": 5, "yjjb_Dy7tXg": 4, "XoVVLtkDWq4": 4, "21ivbtgqJkg": 5, "b_L3jgr97FM": 5, "YLorRByRe0Q": 1, "MLk_dCtwJsY": 3, "Co1oj3o4tbE": 1, "V5JEThKxsc4": 1, "dY1ecfWT3GQ": 15, "y5Aj3mEvCa4": 5, "oFGA1IFGMU4": 5, "CUCC8D0Pq_o": 10, "_6n2tvHQHag": 15, "DvpKouRTCx0": 6, "qBRG4RkE51Q": 1, "MTUyMzR6ucQ": 10, "yZaOUpzq4Kw": 5, "2UHi7m-oWgk": 5, "SEkGHaD7ldk": 5, "sgMl-iZ3tZM": 6, "iUP3PMLdoOs": 6, "Q4uSKvXEuZc": 4, "eI8YZdejPKg": 5, "j0BDwzN4viw": 6, "gSUMLpmLV4A": 25, "rn0lwGk4u9o": 1, "dZfkSAQWz9E": 6, "CRiC9iTnlNk": 5, "3wdaADBIoH8": 14, "RaFcbOBw8bI": 6, "tLtschJxRy8": 4, "1u28Z6RM-FY": 5, "obC8w93I5HA": 4, "TmnY_Q0YBVE": 1, "w9Sx34swEG0": 5, "J5I_qRADxIo": 1, "tll-4WONtg0": 1, "HHA0HRjDgc8": 13, "TcOOfpf_YBk": 6, "NENrMgUl8JM": 5, "F_ivP4xqeZo": 9, "VU8k5iTim-I": 4, "Z76fSElJu8o": 6, "apN1ptgguzg": 5, "O8vZjrvYIsI": 5, "lJu7oFtAeZs": 5, "azDtIqe-zzE": 1, "N_r349riLEE": 1, "Af1OxkFOK18": 24, "3LB9sKseRGg": 14, "EJxibzQfeBA": 5, "py5J2ucsK9Q": 12, "rFq7M1vUIgU": 23, "Y96zjf5AXUg": 9, "_RuQrkMzvf8": 9, "Owq4457dtXE": 1, "I6COwgigJ-g": 14, "-D-jpc741rw": 5, "o3GksS6WGgY": 21, "fKTTV-E-aLs": 6, "NIsvor0ID_U": 1, "uhhcaN03tXs": 5, "idQhux3kqTw": 5, "1w1myYavVsE": 6, "rnBAIJ1mzqQ": 5, "8iXdsvgpwc8": 25, "t9cmoT_wb0A": 4, "2idFHFN1J9Y": 1, "tDIEpusrQyE": 25, "qbKXo9K59ZE": 4, "CjaChfeguhk": 5, "DdD89s1Xjtw": 14, "wKn5K5V7tRo": 16, "D0cyg74awpI": 14, "mSzGpC5Xihc": 18, "Pm4_Sj1L4b8": 4, "q8Zc3ilbkWE": 9, "WzQ6a2UKlGM": 6, "YG2nGaRCWjo": 6, "T8y7uf2LmkA": 4, "YF5O6tHcxQU": 5, "d_XTFjvvcnQ": 2, "J0HKpQyhmcA": 6, "YQs0OxlF9bY": 6, "1iAzpTqRIgY": 1, "w5NH6qXvB9c": 5, "vtP-S9OS0o0": 6, "Dk9s3SlM2Rs": 5, "zP3DcpSSH34": 30, "z6Pj5oJzYLM": 4, "DYYy8_GCdn4": 1, "Rr6qaG8RlUk": 25, "CNoivLvheUA": 3, "MQLMeywyy7g": 9, "OkT_d2OTgv0": 6, "wO7HQ4fNrpA": 5, "7vCet60rr_s": 6, "XE9DaSxwEr4": 6, "ffQf0ztguzs": 9, "g0MdXNmwxdo": 6, "Yr5ZWYRaAyw": 1, "Ao0jaXRAarQ": 1, "AHEqtl6XtOc": 6, "uCd6-MZqPZg": 21, "KtkfE_OWSzo": 6, "zR_-YIPP49U": 15, "EIv10asX7cc": 9, "6CbQOLqZ8IA": 1, "VoP0tAvHcGY": 14, "07i6PO1gP10": 23, "gbDtpeS0iaU": 14, "DiZdqp85EfI": 15, "FsiEfbIaEQU": 6, "VFYiqDh0UxE": 6, "XUDLLRI_jXo": 5, "e6Qhmdk4VNs": 3, "zeArvKw2Y-c": 5, "h61AVRe_Dd4": 5, "VZ9HkICDuOI": 1, "jAF2hZxdFRE": 1, "cv157ZIInUk": 6, "LwDyMlfcxwM": 9, "uDBJ2ktSZpI": 14, "oSHtuXXbig4": 4, "MF12L_uIAzU": 25, "uGlYpkQfk_0": 5, "_I1UfeCH3SY": 9, "Om5zrGo1n6c": 4, "ql7uY36-LwA": 6, "iaUcLzxMFq4": 6, "-UGQp9pfU_Q": 10, "5J58i_qbQxY": 3, "AhlpVjZxutw": 1, "Jv5StAv77Dg": 14, "_VX6IOJtn7U": 9, "v3nD2ySQugQ": 12, "mkLjjgxy7hQ": 21, "zKQbsrRutvE": 6, "h7k2uwJmwxo": 1, "Q9aJBgPpgYY": 5, "MpiJtAgb918": 1, "7qRIx5t31zo": 9, "x8JRZDVq-Ho": 3, "YfkNEq1XioE": 27, "CwpNQWrD8PY": 6, "Rbrea2OXbRo": 6, "Dlf1_vuIR4I": 6, "kte8Eij3TPQ": 6, "EjQ5Yw72xtA": 6, "RdCs2K_ZEpU": 9, "KDuLZeVfYcg": 15, "tsZUuI2bSG4": 23, "KGr_KFiCX4s": 4, "GhFGH3Rj_94": 6, "NWlOtBV5zO0": 5, "315bcBoZoLw": 8, "V-GgoHaHz6s": 9, "MYSmij0407A": 4, "Avez0XmOkNY": 14, "u0DTlkN_E9c": 5, "CpnYLvVrA0g": 8, "y5trB-JyC54": 5, "lyknI5_Wcqs": 21, "a1gpOAYth8k": 8, "Ogf5gG3ORPk": 4, "oWdZEJW1vWY": 15, "Fj7kFvk-T7g": 1, "qCoReA4dNV0": 21, "fB9ERHjCzfI": 1, "uM0XeDzbULs": 5, "7iCXk67TIB0": 14, "elDrMzkUbHQ": 14, "l0fJnbuc1ig": 6, "daIrc6uBRkc": 1, "5tisdEErLHA": 1, "V_3H_Y5QUWw": 5, "tw-6rkZ1Cmw": 9, "gKqqoQ0ug-Y": 17, "zvq5rMEbNbw": 6, "bqeGxMgVOHI": 14, "Cu-qFrFMc_w": 9, "1dF9t_xQGks": 10, "vft5RNJ-U_4": 21, "faTF8wpZ4gA": 15, "TR7JApjgIGw": 4, "7T5jX_BNnb4": 5, "agI77DDECkY": 4, "hQokYC2-b2A": 14, "mm2lAWZ9Y5k": 5, "dt8WKBM6Tjs": 6, "mCVaLGPHqOI": 30, "Yh0nkoJgDM8": 14, "-usbQDfTIqE": 30, "D-ie_aFsfb8": 6, "IwpHyWwPWC8": 1, "YxyrZN1ETgE": 6, "cLkiyNte_U8": 5, "EgmNEgIFBTQ": 9, "fdB79Gb1aVE": 1, "ZlCVwarmwJM": 6, "ZOJCmPKaYN8": 6, "Tbxq0IDqD04": 1, "HT666XwJR2s": 3, "kkiz1_d1GsA": 4, "Rjbxuv62C7I": 4, "15nAJorLmHY": 25, "UW4K0hKqLX8": 29, "f6cvgN0j_CY": 6, "iQnmoquHwaA": 4, "xzv8YzbhM98": 5, "Ih4VYnbm6Sw": 21, "1Sy-fftmGeI": 6, "3KyvlMJefR4": 21, "KVgijMlXMps": 5, "d6hllDE7VJg": 25, "l5tcxmnv8c8": 2, "iFNi5-hppUE": 6, "qiFQsxGUQOI": 6, "IL6UWPlf9EM": 8, "I4kNl7cQdcU": 16, "xaZlPaj5SAg": 6, "eeVelhH-aIU": 3, "7ZvOqYVs2ao": 6, "KJegaxpGBQ0": 14, "yEnxF4sPmpA": 6, "tBxMpuiBO7Q": 21, "1q8ihgBaYog": 6, "i0NloNxh4xE": 15, "JY02BTJrrOc": 25, "P3IjDZWcsTE": 6, "hE3XQXd99iw": 29, "cBoD_zRfz_4": 19, "meW77mdWU7g": 5, "Lu8To4CwPfg": 1, "DEmA_QF30GI": 6, "Hy409bgKcgE": 6, "wZMZdQzoQgo": 6, "W-2MXzendwA": 14, "yq17qH-zxKg": 18, "5hp2YS0GzCY": 1, "VHz30rlNHCc": 4, "6BB9MI_8bsE": 6, "YJeaO0trUoQ": 21, "BWTmYKKCmZk": 6, "FT7lLnd_DYE": 10, "L4zQ_q0fbmw": 6, "M7-KYW_FgqM": 6, "3vaDzDzRH_c": 6, "8eA24a6ohjs": 24, "tTJDZ4Fl4sg": 14, "zt3Gvdu9mtM": 1, "rK4Bh_arF-E": 4, "ty6MhpnOXC4": 5, "JbxLsqJIdsk": 16, "9Id_r6pNsus": 4, "sRzh8uLA1tM": 3, "JTRJBpNTcHA": 6, "KfjQTkEVy3U": 9, "lCg7cL8PFKY": 10, "wuzlcAKPoDg": 12, "b_u5C749aKQ": 9, "RdPDrilMi_k": 18, "6ThU8dS1ItQ": 5, "KfUCkewOiBQ": 14, "YK2VZgJ4AoM": 9, "hz8ul-gmLyA": 19, "F-OgKyUuFfI": 1, "pV7-cwgRjL0": 9, "BpOvzGiheOM": 6, "0LcHFkXmCb8": 6, "8FYJKrHNeqI": 6, "hnI9nAIsSeA": 5, "nWJut7KQhI4": 28, "SPc70pG-7tY": 6, "0xQ-HyzAgRk": 5, "YRpzk1oQ5jQ": 4, "6-BPFPwv8RQ": 14, "QfwhI5N95y8": 27, "KpqEGS7asds": 9, "jO3K0B3kLZs": 6, "enJbXlb4zqo": 4, "Q2TtdM4iI5k": 5, "IJKXCEXByp8": 5, "otR8V7rlnjA": 17, "dB2UJ5nV1VY": 5, "DPEJB-FCItk": 5, "Y-Elr5K2Vuo": 3, "-NGN4J6F_vI": 6, "CCBnUx5uMqE": 6, "92_2HbPjFdU": 21, "9VYLCP0JeIU": 6, "ZJXRdce_INo": 12, "Bw1Iwzst2bc": 6, "KnwxN24E2yY": 15, "u1PbLQ8nE5s": 1, "2ULiauoHeeI": 6, "Lt_OS54FFFE": 9, "U-AjA5VOZjc": 1, "XdOiF_qdQLI": 6, "5I7VtzGcgtk": 15, "a5abtmwuo1s": 5, "Kk6Bi23Q7-E": 4, "ueDjWG29Kwc": 8, "XVTo4y5e08k": 6, "iLsDZjIH7sE": 14, "zqlVUFL9hlQ": 30, "Cqs2F-lpGrA": 4, "s0sbTLCLpgY": 6, "98BIu9dpwHU": 15, "jzj7STruKgQ": 25, "cYIN-b8qjmo": 6, "qKiQA5e-fPg": 11, "LSZPNwZex9s": 12, "Q-0MP0Ql4II": 6, "hxW2qrzciIA": 6, "QhOXx3JRlMM": 17, "JWMM7HPeTHQ": 14, "uw08j-yOfcE": 1, "l0GS1EQ2470": 25, "GqKXkKplELU": 1, "vAO47Lz9kxQ": 14, "qaOvHKG0Tio": 5, "be8E-_ZR2-I": 25, "c9THt-uJRTU": 6, "KFQXuCexTZs": 21, "Rk9a6BodzdM": 6, "dn7u5XvupSU": 14, "PJ-JBFXh2IU": 5, "97z8WZXrCCo": 19, "WLb8AwuZ7N8": 1, "OXD8gB2OkAg": 5, "sNBdU0PwWKU": 9, "JpVULjoF7uI": 1, "XLBfHyfSD5Q": 30, "LMPKVWN8NQk": 1, "-u8ejR98KRE": 9, "SDwxwvQEdPo": 25, "awq90APEVgw": 12, "ctVKoj2jZLU": 3, "MixNh9L7G5M": 6, "Nu5VJMv8l3k": 8, "-kVhurg5b9U": 15, "Ln8_AUCIkAw": 1, "tCAY8YH0X7w": 5, "bL2qqJOSw0c": 11, "YdB4DJArCns": 6, "Dv_yS_90D3k": 1, "QUOqFV_v5po": 5, "PySuLH7NAQg": 6, "YxhJD40NaMs": 1, "eOhRcauf7tU": 18, "GF1RZ2A1cq4": 4, "GvMbfC-Z8mc": 5, "Xu25lUDJZgY": 6, "RMEEpw0oh10": 5, "_ZILy1qRZTU": 14, "79GTD0Q3-yI": 1, "CvZ3WwEEtPQ": 6, "OqHDg-DGWsM": 9, "b3F-20ld720": 14, "uoABty_zE00": 27, "xxYjJ341_Fg": 6, "i7GxI9aiiYE": 4, "rTJT3fVv1vU": 3, "Spb0bo3IT0I": 6, "-UP6DuhIc4s": 1, "BR07oZC0QHU": 1, "9HzLLF64F3U": 5, "YkyTQP27H6s": 6, "DM58BGhJ6oo": 1, "ALD72k9ZuJk": 4, "OWZ6xtVLmzA": 9, "0pGgRgTnMTA": 16, "tMe3WDmxBEI": 6, "vShYYeWlgbU": 5, "0KIqDAijbS8": 9, "6mpS6V6Ucrk": 6, "5QLUr7zVBeY": 6, "zAGRVQG2dyc": 14, "42f8stXuFPQ": 9, "XXCvPwgx320": 3, "KS_6HHQ7jOA": 1, "E7QpcewlSqI": 6, "VcaT_wRwmuw": 1, "e58Lr9oRHc4": 1, "8Suu84khNGY": 13, "KYd5XMs-nVM": 18, "S71Jmw8FXm8": 5, "PbA1F8z_ppY": 4, "V32xhSMhCXE": 2, "ULL6DqJfdoE": 4, "ewcsazvpxT0": 1, "qfSVlybYNho": 5, "QZVAX69ujEU": 10, "mBwhdjaMfBA": 21, "Nv5eL4onluo": 5, "TLHP_DXmBcE": 6, "ApqQW5Nx1qI": 1, "zl4lAX-hoqQ": 16, "FtnESCiZRnw": 6, "fQYvkhlhH4Q": 8, "Ccj7qX_NdJw": 1, "IlN82YoEpNo": 9, "iZQbY4sVGDs": 6, "NySN_plfiNI": 6, "S_US6re0sHM": 9, "thNmEKUBG5g": 1, "UYy1GmJgFXA": 21, "3RucyZiPfjw": 1, "5Ea5lKyWxGc": 5, "4h0Qvc6_MfQ": 6, "Tb-OVhtKsyA": 5, "TkHA2pf1gvc": 5, "qADLeOv4UfM": 5, "OufDn0KKAH0": 14, "TSF8EKPxPVU": 6, "g2X9Q-Xre_Q": 4, "v9ilXA1bHg8": 1, "GM2C0fiZcp8": 11, "NgMr2lyh4k8": 19, "dGef5vWiUow": 25, "QSgnWYlUtj4": 9, "3iHP5bBWFrw": 8, "DZ0x58a_L4s": 1, "b95oyhSd5ls": 1, "ou9AabR6_1w": 19, "h7y6iE0aB5s": 6, "iSsRWJdTlFw": 25, "qoWIPOXnGtM": 3, "9iL8pGHgBjU": 6, "rIzbZndT79s": 5, "l1vvlpJ8BEE": 6, "Q49CQwAmPIk": 5, "KE1myHdqlWM": 21, "q0rSbR80GQk": 6, "OYolmh5LDbU": 9, "4Krky4i6Xk8": 14, "nVyYWy4dgc8": 1, "HRu7W935dyk": 6, "3iH2jJLfR0o": 6, "CGb4s-Hix90": 5, "bYluhQEhyeE": 1, "9go38MgZ4w8": 2, "q-xkGEW0dVA": 25, "KZEZ4-KxuL0": 21, "6dwjoUYvHs8": 1, "P8LARnyyJKI": 14, "-kwRrnS5vV4": 1, "6T2olgjnDWY": 21, "RErvLXHsKmg": 1, "iQ1-jSvxMJ0": 1, "pfxB5ut-KTs": 1, "LpjojQea7Lw": 6, "IiYRIhGnLiY": 5, "7Guufs3mdgg": 13, "yY7VmNv6ud8": 15, "UK9VU1aJvTI": 4, "QKt7A_wsq_8": 14, "C6Ds54kVdlQ": 1, "yTLQBOlgkTg": 5, "3iv2NnAxVmM": 9, "WEv1DrfntZ4": 6, "E1KVn_XQlqA": 6, "c32CSBdhb-M": 4, "IhdJkFH7K38": 5, "GqrhVFrDTd8": 6, "g0u0oEUcasU": 6, "VbVa0cPAJ1g": 6, "HypgcCT1r68": 6, "0PgjcgqFYP4": 4, "9y5CFRb0FyA": 14, "mfrZmzP2ZTU": 1, "wT4DR_ae_4o": 10, "WIlPFRsseQ8": 17, "BzNhTGHgdeo": 1, "_8n3VwG1xWA": 5, "jJ2yGIYMWwo": 6, "7QBgCfKfXqQ": 13, "SQNmOC7W7-A": 6, "bNGtPI3AQLo": 3, "8M-sAPobpfY": 6, "o3zD6HbcblA": 21, "ljH1f7ESmUU": 5, "DkJ2tyCzyiA": 1, "sF0M_Rpv4Os": 4, "QtznmBe_T8w": 6, "qTz5jAn-XX8": 6, "4tqM0RSzQvM": 6, "fz5IRdFIpvA": 11, "U6xmeqm8k7Q": 5, "a2E5J157hEo": 14, "H61Iw9OGQ-c": 8, "v5LjcaN0kuU": 9, "sjgLb0HJ3VE": 1, "Gn18qz-iVJI": 10, "0cP-qr1JUBI": 1, "pieK7b4KLL4": 14, "lVt0ZyO9ft4": 1, "8BCIOFSym9s": 5, "hNhSBhJHBls": 6, "K_PWFs6tMpM": 1, "1USbTGYv9ZM": 6, "9u9tDUHwCio": 5, "jlXRengzZoc": 4, "Jy36yeOO4ts": 5, "3hb1pYdEuLE": 7, "OGqfFQdSbIw": 25, "m4ZEEaPyeG0": 5, "PUEI7mm8M7Q": 5, "d_MreRQ7_-w": 5, "e0vyx9sa99E": 14, "wczdECcwRw0": 21, "6xYCsZW07o4": 5, "_anNRzbAQQ8": 21, "c6PPa6sg20E": 14, "2gHeBVyqJRo": 12, "ORHnJ1K6mGc": 9, "kC43BDxrNhI": 9, "fHV2iN0TmMA": 30, "8EtGkNVD320": 5, "B8--HRraGck": 5, "LHt7msyiLsY": 5, "p0qYO0ZbdUo": 5, "8IkS1oXvhVM": 1, "zgDqAfSvWEA": 4, "DoXRMooXv0c": 6, "jZ6HPyhlChw": 15, "2eXbSwaVcVs": 5, "K45m79fEyz8": 25, "iuubaXDeXh0": 25, "ttvHDYgEs94": 9, "fLCEd8xk1BE": 15, "rdcLg35QMs0": 6, "u_R5j1B_jOg": 15, "ZXXXTD2iKUU": 23, "9NYu9STVm-I": 1, "4tZKhJBLu_A": 5, "4hScgyXu_9c": 1, "JYu3LjgnT9s": 14, "-W3yiAPR6g4": 4, "m064aD_kH40": 12, "UTjDWkaR6ZQ": 6, "hIqC9IYMUOU": 1, "D5H1A7-6E_U": 30}