{"KONL05sae4E": 1.0, "VZ9lXgcYL50": 0.6, "Pzl86IjTpHI": 0.6, "XutXCTwwmYc": 1.0, "h6CcxJQq1x8": 0.6, "w22oOw3RIAk": 0.2, "XkgGZobFUq0": 0.2, "1KkVdbUr250": 0.4, "D-Q5mUes_8k": 1.0, "bqmzpwxDJ9s": 0.6, "mcP_f1UEQVo": 0.4, "-nYhixp7bXI": 0.6, "xtJqw--DGl8": 0.8, "qhbliUq0_r4": 0.4, "EIUSkKTUftU": 0.0, "QEDRDrV55q8": 0.4, "5AP5zQrJRIg": 0.4, "DlB4hFTAxOo": 0.4, "PsH4uuRT2w8": 0.6, "sPneQzqhh4g": 0.8, "G2wBnjtmmg8": 0.4, "TL4LEfRr1TI": 0.6, "QNh18bRw_0k": 0.8, "MX145Tu4MHY": 0.6, "i6O98o2FRHw": 0.4, "9IZ4CN-CTCM": 0.8, "5AuLkMBAFZg": 0.2, "-rMrkyMn-sY": 1.0, "iZIHSn1ILxs": 0.8, "w4kHmbZTvyI": 0.6, "e8iwjnN8j3A": 0.6, "-S0Azz85mlA": 0.0, "gm_n76Dsl0c": 0.6, "BhHONpmlxPc": 0.8, "g7xSwrdkOMM": 0.6, "dNjIpip6e3A": 0.6, "B-XHdkCsc5U": 0.4, "-wXjs6DXoeY": 0.8, "QXAYIYdvnys": 0.2, "hFYCjZvv8y4": 0.2, "7GKuZu9xkj0": 0.2, "r3idOGxm3FA": 0.8, "n1ClxdeiIUg": 1.0, "lfABnAS5i9Q": 0.6, "X6pyDwa3nGw": 0.6, "rBey5TrvoDw": 0.6, "mulAi7cno2Y": 0.8, "1jP4O7rEHQ8": 0.25, "-iKqr230U9M": 0.2, "wTfBWIJ8xQo": 0.6, "0tteHhYh9rU": 0.4, "z01w7kSkDbg": 1.0, "baicgyq5UQo": 0.4, "3zQ1lFaQBVc": 0.6, "P9LHzVEPodg": 1.0, "7jXUWe3MV_c": 0.4, "-u8ejR98KRE": 0.4, "xeo9mVnuuWo": 0.4, "LL0s6qOIGr8": 0.0, "-XidtaAetyQ": 0.0, "hy2rGDWgOu8": 1.0, "8zOgbkg6Akw": 0.2, "_wZSB0b9OCA": 0.6, "azJEx1URHsI": 0.8, "biEjueDCnqM": 0.0, "mh6vHoyBs58": 1.0, "ghex3MkcoJw": 0.8, "dUig9IAwggM": 0.8, "c6PPa6sg20E": 0.8, "HtYOm59fys8": 0.8, "2Zr7lY4WsFA": 0.6, "7nr-irGW9bw": 0.4, "xK9KHSYmDRQ": 0.2, "7oHsDGnZTcw": 0.8, "UU0SP91D9Js": 0.2, "DXvW6i1U_uc": 0.2, "1WlRcXIO5ik": 0.6, "onPZIVemXKQ": 0.0, "MTtCV_XSMi0": 0.2, "Pc5gHm8Po20": 0.4, "0A43tb18T8Y": 1.0, "VRrMu7B1L2I": 1.0, "7MJu_aWn1nI": 0.6, "QrnoERrXXAQ": 1.0, "NjFnoU0IJrE": 0.2, "Jtakqt3Jygk": 0.6, "-T7zyezBkuY": 0.6, "4jpmWTqKeW0": 0.4, "tr3dFSzh1yU": 0.8, "e01a4-ClcTs": 0.4, "VX5au0LOJp8": 0.6, "MsmxhpjYa5o": 0.6, "5ecTR_nQzkg": 0.2, "Gz-sC-vSIXk": 0.2, "ObdSno1uoQs": 0.6, "E4_ygnUilm4": 0.4, "7ks-zhWCA_Q": 1.0, "kfrZnIx2VFE": 0.4, "fi7G0RgqcxQ": 0.6, "GqnjzONrPiA": 0.75, "kTaCT8ZmdJA": 0.4, "bbEy98llGRU": 0.8, "YF5O6tHcxQU": 0.8, "jcH8WPds_qU": 0.8, "r5vgDdzJ_So": 0.8, "JuHMQ0QpH44": 0.2, "J3POpdFlxWE": 0.6, "zwY6acYYO3o": 0.6, "nazd-KgCjVI": 0.4, "V8YkHR9sOoA": 0.4, "7t2mi19DcmE": 1.0, "gm1uNgHw6Xo": 0.4, "PGkHLhnHEb0": 0.8, "xqbxlE1c3DY": 0.2, "_E3VBQa-nAU": 0.4, "PIi_RQU3skw": 0.8, "BRKbcWGkw1I": 0.6, "1ZnlWOojI3M": 0.6, "YRRBs71p7II": 0.8, "pnyo92tqh3g": 0.4, "UYTrnuXHces": 0.4, "RzFMm6I--zc": 0.6, "lrMD_z_FnNk": 0.2, "JOOfRE4m7PE": 1.0, "5doFzYPjl2U": 1.0, "6AR0xq6g5Uo": 0.0, "pXI340MQ2-o": 0.4, "X5vjQQXauD0": 0.6, "2v7lsnPvgtI": 0.4, "tjgtLSHhTPg": 1.0, "6IweE9qcQZ4": 0.2, "L4mP9pR-mzU": 0.2, "xhH2r3mKFeI": 0.4, "tLzfc7Ba12k": 0.8, "ub_a2t0ZfTs": 0.4, "Hqhn3eiNTr0": 0.8, "Bf_z_7B4Ifw": 0.6, "kUJjvwkcWcg": 0.4, "jqDrvC3E9kw": 0.2, "5Xwg7tQjXsk": 0.8, "q-dGW2ataZ8": 0.0, "wi-SZOU1S-s": 1.0, "0gjRzLqXijQ": 0.4, "D4pZN0wNuCI": 0.8, "Bp4tUXc5wZo": 0.6, "g0qawngQi6Q": 0.4, "6YEoYGArMas": 0.6, "-HWd3Nqu8_0": 1.0, "uHsLu6X1vys": 0.2, "ptbJZ9HBw2k": 0.4, "KKbRAazkiWc": 0.6, "qU5SVyxmW-k": 0.2, "iNDaTA3u6-g": 0.2, "Bp1KfEGUzZo": 0.8, "F-n-2itvI6M": 0.4, "BjWVEQGcjsU": 0.4, "5u95Zc7AbDM": 0.4, "jlLJR4xj9p0": 0.2, "9grrfloJCgc": 1.0, "3T_xq0U5D5Y": 1.0, "qbBLDBohgrY": 0.2, "gugjMmXQrDo": 0.6, "6GNGfse9ZK8": 0.8, "pLWpyBVx-Go": 0.0, "3KHSWaEamQc": 1.0, "kpjbhe5HJaE": 0.6, "iZW04_BdyG8": 0.6, "ILQq5hQhHYY": 0.8, "RpnCkBZVI6o": 1.0, "6h3G-lMZxjo": 0.2, "sch_WMjd6go": 0.2, "vLQGXHy5m6Y": 1.0, "eLhLqDUwPok": 0.6, "LwabxgoSGZY": 0.6, "9xGRii6IA1M": 0.2, "zkd5dJIVjgM": 0.8, "o3zD6HbcblA": 0.4, "ulECncwlNMQ": 0.2, "9Mj3mvkIyg8": 0.2, "7Ac2cZPOD00": 0.6, "PaXPMCoC6zA": 0.8, "vh_EwI8pjQU": 0.8, "hro4AdTYiTA": 0.4, "797j7LY1eb4": 0.4, "uS4e1_gW6Es": 0.2, "__uCQMKry3w": 0.2, "xM0rsYbAO_k": 1.0, "F7viKAPDmT0": 0.75, "kOSsIIxQ_dE": 0.2, "pkRfPx--R44": 0.2, "oRdpoJFPQjI": 0.6, "QN_UqvcynYw": 0.4, "EQtwo0xPvK4": 1.0, "KCmOB2L_djk": 1.0, "tojTf7I5H14": 1.0, "Gu6vmNz-PhE": 0.4, "MkpUGyWQlV0": 0.6, "D9_WzE28IwE": 1.0, "8IkS1oXvhVM": 1.0, "EZ5MxR80uYw": 0.6, "f_SwD7RveNE": 0.2, "VJwFUNHtCJQ": 1.0, "487-TyrRkfE": 0.4, "TCFnaU88FZM": 0.4, "bXL8QPWLbBo": 0.8, "B7g63DAr_i0": 0.4, "f1PNQwHZuJc": 0.8, "d2QNuDUTocE": 0.4, "QDCwAJ87CKU": 0.4, "VWPlZSL9ZMc": 0.6, "OWOBAD4OKwA": 0.6, "HxznTayRCYQ": 1.0, "t5UjmHOl4pU": 0.4, "25x_OMYCYSg": 1.0, "qO2AXQXyb-E": 0.6, "4naT8ckkj5Y": 0.6, "y7ROJjWS2L0": 0.6, "oRValgHDvxE": 0.0, "BJDPKBNuqzE": 0.6, "MBpIkIyxdJ8": 0.0, "b-CJNGx_Q0A": 0.6, "wFl4N4PXlkU": 1.0, "G1kkx2m-JSg": 0.2, "tO0L-7lkhPM": 0.8, "qQYe6KGAJ5E": 0.6, "gqkNPcUMffU": 0.2, "obdd31Q9PqA": 0.6, "2nwRiuh1Cug": 0.8, "D_Uhig7L22c": 0.2, "b-j7H71q3jE": 0.6, "4oVEQgP0MZc": 0.2, "ZzdpNfkh8_0": 0.8, "gJHxTUHrgdw": 0.2, "UzPq0hDdDhs": 0.6, "453ei_1PbPE": 0.6, "rm6d2oy8GRk": 0.6, "ws3PcFqBLdQ": 0.6, "geMg2QxNml8": 0.6, "DWUE-aWnL8Y": 0.4, "pOEAvEklvNA": 0.8, "TYWMe7cTsRs": 0.2, "ZOJCmPKaYN8": 1.0, "ZVrXyDjHaWI": 0.6, "g6QJybQBjyM": 0.4, "Cq96VAnp7r8": 0.0, "yfp2Bg6iUdY": 0.4, "LVrQmgihkQI": 0.2, "pLKxTSqCVUo": 0.4, "aKtMe8nFFq8": 0.0, "LkD1bNmp0ew": 0.6, "CJERLygAda0": 0.0, "0B79RkBxSgU": 0.4, "TsQXQGaasUg": 0.4, "YbKLOybMb30": 0.0, "2T-AxWMZBfU": 0.2, "esLy0y01fAc": 0.4, "yR0lWICH3rY": 0.6, "lLblbGzXQGY": 1.0, "YR5YJ3qzIx4": 0.6, "gYQbQmtA6IU": 0.6, "sm9uHf9sm6c": 0.8, "i02LUMkc268": 0.6, "EJtZiGb5nEU": 0.4, "_u0WOqjJTcg": 1.0, "oIFlHYXjcIU": 0.4, "2jaOd1v1B0Q": 0.6, "J-QipXhQM5M": 0.4, "7Cqz-S8Phv8": 0.6, "hm0BD1pP4gc": 0.0, "oLLbt0jyqDA": 0.6, "BntPVmeo7ro": 0.6, "Q4rR0BbTBPk": 0.6, "0QkZL3l1t-w": 0.4, "7XZKEK92JT4": 0.6, "I0dq4sTLcIc": 0.4, "SP8E6ouSiC0": 0.6, "81ymFnvpfDc": 0.8, "i9vXSX4htCk": 0.6, "YrtMUonPErU": 0.6, "j7OHG7tHrNM": 0.0, "kZV01QAcl20": 0.8, "INyo5ctzmGo": 0.6, "bfs8hVNvVik": 0.8, "KxmtYdEWVzo": 1.0, "nzHihXOiNqk": 0.4, "h6Hq_MOFJDA": 0.4, "Vjn2JKrlkcU": 0.6, "uwDDvP8Yssc": 0.8, "WZElUMthBPI": 0.6, "ZyGL6B7OH5A": 0.2, "XV-1XpGxhgo": 0.8, "XeK3VLmwatU": 0.2, "PySuLH7NAQg": 0.2, "zmI_uwjTuY0": 0.4, "EY4c2mh15Yk": 0.6, "2G0loI0Jn5M": 0.8, "56D1U2G_ueg": 0.6, "Yqz3eT_fzVY": 0.2, "RNBfP7ynZOo": 0.4, "qa3edsMzHkA": 0.4, "i8vDt5GUb-8": 0.4, "n_ERe9-EDSM": 0.2, "LS9Qt8pRSr0": 0.4, "gt0QF8-dTNw": 0.6, "5UzfYJ-mkzc": 0.2, "ngUrBm4G1aM": 0.8, "CceSRMmhv3w": 0.6, "Q285dYl2mZI": 0.8, "SpSMGxnpCmo": 0.2, "USggQ0Zv4yw": 0.8, "lDypBPyWiak": 0.6, "SJT2o0W9I00": 0.6, "3CJ-7R2g3NE": 0.2, "Muc87KlFb7I": 0.8, "wtaXjzQQGE8": 0.4, "xhVCOdS9mXo": 0.0, "I_WGI3y2jqM": 1.0, "5gKjLV2wKmg": 0.8, "QRmPD2nMnBc": 0.2, "XhoGR8emqE8": 0.4, "T36fK0A8ByI": 0.0, "othEK43gJHQ": 0.2, "brnHS-lmvyU": 0.4, "B9Tx6olI3l8": 0.8, "F6CGI3XkAiQ": 1.0, "hsvAj6qfmFQ": 0.8, "SsL9v1vuzAI": 0.4, "5o9Dp6D91fI": 0.4, "yl98-LC3fsU": 0.8, "znGQlB_e9KA": 0.2, "6L92MuJTJOk": 0.2, "em040d_x7xI": 1.0, "A5Rnnwk9jOA": 0.0, "BqS_gtuGPGQ": 0.0, "oYjwXjwvAv0": 0.4, "-aR3Gpsn4v4": 0.2, "V_DT-mg_3IA": 0.6, "NQFhPsQ_81U": 0.8, "Vf2rlIqGlqM": 0.8, "5R8euGTHBR8": 0.6, "bWKgzgGNi0E": 0.6, "VcSBO8YAnTQ": 0.6, "Z9Sw1hmjpz4": 0.4, "sLys8115YGo": 0.6, "Ta-fub2dbhI": 1.0, "zk5HsBQYUZw": 0.4, "NIB5fvxbWjg": 0.6, "pDISaoGsZZA": 0.6, "ViorVDgiiOg": 0.4, "0CXqEHMgiFg": 1.0, "F_-gmK5qRrY": 0.8, "xkt8L0NtSjA": 0.4, "y9LajlJjd4E": 0.6, "0gYBy1rECII": 0.6, "KbmJLVrFvuc": 0.8, "75F3CSZcCFs": 0.6, "Y7Q4uJ80fAY": 0.4, "fRtPDHtlf_A": 0.4, "E__fCHZkjKg": 0.8, "jA4DR4vEgrs": 0.4, "CPYUo0awFOc": 1.0, "YjzesjojNhA": 0.2, "5ukZqmjvAFA": 0.8, "kLOujBv-ZAI": 0.6, "p7pINSytVSc": 0.8, "A2VOu1UQeMM": 0.6, "GfUhExdNjK8": 0.6, "UIOdk3AhVA0": 0.8, "CupTwyj3JrI": 0.6, "C7WeZbRbxwg": 0.2, "bQ3nBSTpq4M": 0.8, "NpwdcmjBgNA": 0.2, "cXw2gm4yPEE": 1.0, "dJaLU0w5Do4": 0.2, "NcGhLcVqxf0": 0.4, "S3QH-ZriX7E": 0.4, "KyiV12WdJew": 0.0, "uba1Np4qhOo": 0.2, "IZrrEBD-KjY": 0.6, "Ao2PTDCiRxU": 0.4, "9gY0FB9qZJg": 0.2, "QCsd_reCiSI": 0.8, "rKUNJMrFeUs": 0.2, "xIJORBRpOPM": 0.2, "sxlyWieYZsE": 0.4, "OB6r2Wi0E98": 0.8, "E3Onos4Eq3Y": 0.2, "LPa_NGIIn0c": 1.0, "HKV0QuQsonk": 0.6, "dytCWrf92zc": 0.4, "lvBCvA1LE8o": 0.0, "udJtfSkRgbA": 0.4, "Nr-44GQ4_kA": 0.8, "eArp24v04tI": 0.6, "5lAf59TrJ4I": 0.6, "XxQyVD2dJYs": 0.8, "1Hi0skAwlHM": 0.4, "WNGSN_wDYw8": 0.8, "D1leFabPbPw": 0.4, "XaPXUR0rz_A": 0.8, "ryaUGJ9Oljg": 0.2, "90fRlMQTdSs": 0.2, "lRexthrDNi4": 1.0, "ApnyKv1GuNI": 1.0, "e4SQT8epHOc": 0.4, "47cAxRX3aDg": 0.6, "vONYT-5OVps": 0.2, "mqqFdXMySk4": 1.0, "lW_9SYaWAQg": 0.8, "hz8ul-gmLyA": 0.2, "7N9HoLhZGsU": 0.6, "_GBSwxyPuaE": 0.6, "OlAObmM8I2s": 0.4, "m97UWd2QuAI": 1.0, "4_IbqebS7hQ": 0.4, "n9tSN0178Us": 0.6, "8Ozc-h-29M0": 0.8, "_nufc37CHso": 0.8, "55BZ2gSsSmY": 0.8, "36CSS3UIzxk": 1.0, "1vtcf13zT08": 0.2, "z2vkIFMr2IE": 0.2, "a0BAU5rUQ-U": 0.6, "dUwUAWmA3rk": 0.8, "vfDXlgmKFyU": 0.8, "lk2B8988ws0": 0.4, "-U3LjDN8ErI": 1.0, "S71Jmw8FXm8": 0.6, "ThIrw_LpuRA": 0.4, "mJ-6clXHMEw": 0.4, "SILvPVVAhBo": 0.8, "DZRmcKX85so": 0.8, "QxafIhYFOr0": 0.6, "DJLDF6qZUX0": 0.4, "uVsTeLs4Tdo": 0.4, "lqmrQ6xPpHg": 0.8, "yfFs0o6pCxc": 0.4, "WypekECQUFE": 0.8, "FnJ645xph3o": 0.6, "WFNXwor69-U": 0.2, "AHEqtl6XtOc": 0.6, "AnUIod4tX98": 0.6, "rClJW9gnchc": 0.6, "woBi975eQs4": 0.4, "CXPgCq-EMk8": 0.4, "yjppalDAvOM": 0.6, "ZbUs0jeQATk": 0.2, "lVQsqs7xCb8": 0.4, "3pNGO5ppfQ8": 0.4, "QalnisJfHEw": 0.4, "b5HLsvwLPpQ": 0.4, "zl71eFcqBnQ": 0.6, "sjBPrJJ6qtU": 1.0, "njY94weLbJ8": 0.8, "_LmxXeKzbT8": 1.0, "jZ6HPyhlChw": 0.2, "qsueDj8nOM8": 0.6, "8VdG8eCxors": 0.8, "Bdegk_3T2K0": 0.6, "jZyzxpKY3EQ": 1.0, "0K8lrVjT6fM": 0.2, "9zFNmTwdjhc": 0.2, "Go9rf9GmYpM": 0.6, "BeougwoxuMg": 0.8, "xl3uLkAT_C8": 1.0, "lSYMX6PmT34": 0.4, "Ml54UuAoLSo": 0.8, "w0YjO1zVHgY": 0.8, "F0yNIR6IrCg": 0.4, "U5NMrprbsvY": 0.8, "d4rxwT7TwXg": 1.0, "onkxJLj0G7g": 0.2, "gerq4GpHpKw": 0.4, "7kxXVnAtnOQ": 0.4, "Xh9jAD1ofm4": 0.6, "J64QS4tE6ic": 1.0, "din6kkS5tgQ": 0.0, "rCzpKNwZAYo": 0.2, "40qofTTQJDU": 0.4, "J5MehrJECnA": 0.6, "tqYVWN0AUuo": 0.4, "pc9gcKjvzkE": 0.6, "xYA7AnVwejo": 0.6, "M5WhyVCEDN4": 0.4, "i2MhRCYkgbI": 0.4, "pg3zKfI-wqw": 0.4, "SaeJUCVEp2s": 0.4, "sNWrEsHw1tI": 0.8, "8-p0CxW87pg": 0.6, "c7nRTF2SowQ": 1.0, "82n1PX1hVEY": 0.8, "jPoM2o9kIBM": 0.4, "4u_Ed0Bh-s0": 0.8, "064ipuBiWDg": 0.4, "-gMjPezr8TY": 1.0, "_WJThbomts0": 0.6, "AtUBeFiWi8Q": 1.0, "4hnBp7x2QAE": 0.8, "BVWXKziczM8": 0.6, "fncOu6dp1IY": 1.0, "rHCLxSNz3P0": 0.4, "IOqTCaziZp0": 0.6, "8tEsxbCl21E": 1.0, "x09iroEd63Y": 0.8, "bE1EwcPQF8Q": 0.8, "SGxKhUuZ0Rc": 0.8, "jB_ZCX971aU": 0.4, "o3PI6HFK3Hk": 0.0, "rII8wTV7uy4": 0.0, "pM2OK_JaJ9I": 0.4, "snEIjWR4lQw": 0.4, "wcAXkD9DjD8": 0.8, "OAlyHUWjNjE": 0.8, "Sjl5_vDfiuM": 0.4, "b3Z5pAZe0E8": 0.6, "lvNmIZqU52g": 0.8, "jMqcA3wiKG0": 0.8, "h95-IL3C-Z8": 0.4, "YfkNEq1XioE": 0.4, "TusJ8HSLaUs": 0.4, "tudsOEsUYWU": 0.4, "vUF7ja9ehIs": 1.0, "3dnW8QJxHD0": 0.4, "xQd8KL87XqE": 0.4, "PcFtcoo0ic4": 0.4, "Ocd4NfC7Ltc": 1.0, "isPm79xTzM4": 0.6, "MNVqXKj-TrM": 0.4, "g4qWbtSCxtc": 0.2, "abLB7aTmnE4": 0.4, "5Oag8iBB7HE": 1.0, "u5kiz7GhJt0": 0.8, "1KPPtmE079M": 1.0, "DkcuzQRpVuE": 0.0, "PduXAn1cg1g": 0.4, "cCqaWIvJCpk": 0.0, "F0ZSXQCXX1A": 0.2, "hieKgQNQpMA": 0.8, "BwuzfOeYpBA": 0.6, "uLJhZEix5MY": 1.0, "rx4jEIZyTZU": 0.2, "wbtlv2cImxM": 0.6, "lCOcjWG6Ykc": 0.2, "JSd8CqBEbcY": 0.8, "JgaGXv1XnrA": 0.4, "vH2LsFcWOFY": 0.2, "ZUG9qYTJMsI": 0.6, "SzRUsI6Q25E": 0.6, "YLorRByRe0Q": 1.0, "iHwdQdwc_Tk": 0.6, "glPUjj0HIvw": 0.4, "10okyjMjlH8": 0.8, "aw0OZ7wZm6U": 0.6, "1Dp0aCWbQSE": 0.8, "uINFVM7TTdY": 0.2, "yA8b6286wMY": 0.8, "gEMUUL-Q7Io": 0.2, "M0LfLk9lLEg": 0.8, "kBX9-WUsMAg": 0.4, "_gXnfGIc1Tk": 0.2, "Vot3KDw2z3o": 0.8, "K44k9GTx6nc": 0.8, "Zpk2uauRdA8": 0.4, "1t1dgE25wEU": 0.4, "TeUcij3L9No": 0.2, "_WXDXoy9wrM": 0.6, "dgFsMuuX-NQ": 0.6, "O-9xmen--6k": 0.6, "WLU75lftzc8": 0.4, "GOhbZZy02lQ": 0.4, "bsdxZOsqG6U": 0.6, "gcbLmoYWMiU": 0.8, "yIkwq8keNBI": 0.2, "dmnR0XncYAU": 1.0, "fLCEd8xk1BE": 0.8, "g6vKa8Be3s8": 0.8, "2vWY-da-6wo": 0.4, "-2l-FdatcTI": 0.8, "HmZm8vNHBSU": 0.2, "U219eUIZ7Qo": 0.6, "9gspElv1yvc": 0.2, "2q_nYfSX8go": 0.4, "ML160wA9mME": 0.6, "WfTJL_h0XfY": 0.8, "WxG7LgQ2Sig": 0.2, "3_1LKqsFguE": 0.8, "aI20RX5j76w": 1.0, "_JQxLrPj1I4": 1.0, "dBVeiyPVWrU": 0.6, "v-S3iSqKs64": 0.8, "gQPN3UKQM-U": 0.4, "SXy6JElmgHU": 0.8, "j-QYIP7o2-A": 0.4, "wYj5o4kQsXs": 0.4, "yQxTNjQe0Xs": 0.4, "Rjbxuv62C7I": 0.4, "yRmiC-Y-b6g": 0.6, "vsrjiL1gV6I": 0.6, "xgO-u83Os_I": 0.4, "QweNsLesMrM": 1.0, "yICX_ZQ86Mw": 0.4, "Yu08_9FtfuE": 0.6, "GRKQJQIcn5o": 0.2, "2evNRe8LF_o": 0.6, "In5fvjwUi9k": 0.6, "V_gGAPOZbFA": 0.8, "JhmEARapxK4": 0.8, "IT_MbDpfOBE": 0.8, "c19HRM0x-lA": 0.8, "cvjQ_AduY0A": 0.8, "v7Q1giJOpxA": 0.4, "29GrCUTdu3A": 0.8, "VOv1IQCoBnQ": 0.4, "uwl_MuFbCXI": 0.2, "LHNvoqxPHKI": 0.4, "BGs8PDQmbLQ": 0.2, "cDzYgqkQ_lE": 0.4, "VPlxNhEc2lA": 0.4, "FHDKHKixKdY": 0.6, "mGs4CjeJiJQ": 0.6, "o_QWuyX8U18": 0.6, "BDj1fYlwR00": 0.6, "a3NQ7CA-8JY": 0.8, "68O0z6lssfE": 0.4, "HmRQvoMCfH4": 0.6, "2ULiauoHeeI": 0.2, "KmmGClZb8Mg": 0.8, "GdZxbmEHW7M": 0.6, "E_9N4hLL1lg": 0.4, "qRJl22anZkM": 1.0, "5hBqqxYcDN8": 0.6, "9woMDyfevso": 1.0, "bJZAvOefJiI": 0.6, "QDSL80ie8tc": 0.8, "FsofrMY5kbo": 0.2, "6ck7frxs-Uc": 0.6, "kfzqUsGMHE0": 0.6, "ZvEPYH7GRUM": 0.6, "oo5zwV6_yVs": 1.0, "HAIz-I58btE": 0.0, "xFnB0uK7PcQ": 0.6, "DLGac1KQbsU": 0.8, "JzaYcTPLWbE": 1.0, "v8DWf-rSHn0": 0.4, "B1Vcbm-XWtg": 0.6, "8EuTbKjanvQ": 0.6, "DV6X7POhdoo": 0.8, "u6Rhcv0APng": 0.4, "tSjkuMtiI28": 1.0, "H2EIsnr_cv4": 0.4, "2VgiVK_hOhM": 0.8, "ng8LHbaEsj8": 0.2, "rfTDkbIfMvA": 0.2, "06WUc7y8vak": 0.4, "E28I5oK9OHE": 0.4, "_KimnwIfhXc": 0.2, "uxieMOdo6IU": 0.6, "wY7Gvq0P4hc": 0.4, "5qUJhkQQaGE": 0.6, "FivFaqZrr4A": 0.4, "qrXvICGm-58": 0.4, "YKjnuR1ILfY": 0.8, "7Bbasf7qWxo": 1.0, "ALD72k9ZuJk": 0.8, "igqR7Pcxfmk": 0.6, "YC6YRjD3080": 0.8, "XkaWyrm8EQg": 0.8, "krhB_An8fT4": 0.6, "y5ejwRj9t1Q": 0.0, "uY3tZNrIstA": 0.2, "HAZ-wyCu8uE": 0.2, "Fr6FklMc6B0": 0.4, "5zjTJ4YPfDw": 0.8, "UWTDQ3nOT2c": 0.2, "80S3N-QnpZk": 0.6, "LjBIJGMum9A": 0.2, "qw6_5t8XfSk": 0.6, "cZTD62e566U": 0.4, "UKDWPYO0slE": 0.8, "nusZoYBbibo": 0.8, "Nfh92hKLO6c": 0.6, "NJEKqI1e714": 0.8, "1fqAvkpW5yY": 0.0, "lYKgRdBJ-vw": 0.4, "OL946vRUDJg": 0.6, "2vWIqW7Tnts": 0.6, "YVRVAZb4iHs": 1.0, "YoYF_RAm0nQ": 0.0, "w2DZN3NWefA": 0.4, "PIqEyF_t_QE": 0.2, "bEiXvISNID4": 0.2, "5DCow4J-pDE": 0.4, "Hs3Y5jQkuAk": 0.4, "uniqmkPeaZ4": 0.4, "kqinSvgeJQI": 0.4, "X96RjH8WC5o": 0.6, "TElqNU5ytVo": 0.4, "qRvAXsaHNkY": 0.6, "73wV6KlGm-A": 0.8, "l10LhdDwTZc": 0.8, "t_HrcY8AWhg": 0.6, "tDmBIYAVsos": 0.2, "ZMoO5eLmDBA": 0.6, "MHyRirkiazU": 0.0, "Nkk7SYkUbLQ": 0.4, "NWxwgL9_IdQ": 0.0, "2qS1ZSqwIgM": 0.8, "5hteeecX1oQ": 0.6, "uuZ1n7Kk0qM": 0.2, "17j5QzF3kqE": 0.4, "Svg-DvNARKE": 0.4, "o3AWcdWVqgk": 0.4, "_9rL1pPXblQ": 0.4, "ttw4abodSJE": 0.6, "l7HqwAleUQg": 0.0, "FVuNTiqHys0": 0.2, "_F0XLsyU1rY": 0.8, "WjBuFH4NPno": 0.6, "znzSrhKtPbc": 0.6, "ijtjoFaORy0": 0.6, "HHPzxa6znPU": 0.2, "K783SDTBKmg": 0.6, "OmrA8nOZF2Q": 0.2, "YWnUmpQhiOw": 0.4, "1XLyCDsKhGo": 0.8, "FVsgso273EE": 0.8, "88KNf0MtU14": 0.8, "ITyeI3YyYw8": 0.2, "39RQH0mpsVQ": 0.6, "aNN9nL2vppM": 0.6, "9kc6UYdC5nY": 0.2, "vukxkPTuVNI": 0.4, "psgJqcvkTuE": 0.0, "hNqwBTCslMw": 0.4, "O4OJoXKWTBk": 0.2, "TW9eDrgM3Xw": 0.2, "oh8-PifcIUQ": 0.6, "pQpQuGV_gMA": 0.6, "oVDf3PvWN04": 0.8, "yX-TZe8SeYk": 0.4, "V7g4e5m5aRc": 0.4, "6uhCxBk6cQE": 0.4, "d4m2LDCuADg": 0.8, "HpoEk8nlUyA": 0.2, "U7d1GJf2QJI": 0.2, "B0YOlACRlJM": 1.0, "19EW551nCS4": 0.6, "WLL67CN2hnw": 0.6, "jgC8y0ksrRg": 0.6, "GgiDBuBxl6w": 0.6, "yKY2O4KFmMU": 0.2, "qqpcBpSsj1A": 0.4, "ZJMGS7l0wT8": 0.4, "6PKAv5OPf40": 0.2, "xQkcQF8G-GM": 0.0, "pEoZbXB78NI": 0.6, "t06p60TPtjA": 0.4, "LJP1DphOWPs": 0.6, "Du1dnKppn-s": 0.4, "SlR_fwcU3MU": 0.2, "glzTAb58u2M": 0.6, "QHOaJSXr9HI": 0.4, "j_YJysHv3OM": 0.2, "2Md5lPyuvsk": 1.0, "X7ifDf6chNw": 1.0, "UNiGSf2Sy30": 0.8, "AR-Iz1fts5M": 0.4, "nOsdS5irjAo": 1.0, "0G7g9lw20l4": 0.8, "-F6tUN2j0Iw": 0.4, "EOyQfd7OqIY": 0.8, "QKXo9r6Kb5U": 0.4, "3mmu60CNl0Y": 0.8, "st7eMfykiVE": 0.8, "IvNkGm8mxiM": 0.8, "CTo5DfBtWkY": 1.0, "POGBdDSVybk": 1.0, "fwcYbo7pjto": 0.8, "7UjqLfjsfMk": 0.4, "Q3v-N8o3lc0": 1.0, "pvVNY2YC5zI": 0.6, "bGFyHV2vbwE": 1.0, "ASsZ-u9YV3c": 0.2, "eikcKu89fDs": 0.4, "rqp6S6qgVg8": 0.4, "tE9U4mMqKP4": 0.8, "z9Cym8YHP94": 0.8, "CNoivLvheUA": 0.4, "DG6fhub9HDQ": 0.8, "9qHdPhkSSNQ": 0.4, "tqn06X3AuFk": 0.8, "785YQKmgiTo": 0.8, "xtz2mdX0aEE": 0.4, "IdblOCGGeHM": 0.4, "7WbKzWdhx1o": 0.8, "ZDuxWGHA-Z4": 0.8, "p18n5FONuNI": 0.8, "5fq9iIxxA1s": 0.4, "lPDOh5ZifyM": 0.8, "IuUyMMXix8M": 0.6, "x5vtRQZmnwE": 0.8, "HHzchaDJJ70": 1.0, "0AgezPhuOdI": 0.4, "QuZ0kzdNWGo": 0.4, "NhsEmtSd8Mc": 0.6, "4ruCsnRmP4A": 0.8, "C0wsUlzMBro": 0.6, "DsjRBYJTGtw": 0.4, "R7JBDzuHVb4": 0.8, "Y3qYT60DSKQ": 0.8, "wZMZdQzoQgo": 0.8, "yYciCBZXg70": 0.2, "t9qdpPeqQfQ": 0.2, "78lnkMgee5k": 0.4, "d0uJxHWaq0k": 1.0, "nyOfJTi0jFw": 0.6, "qi6n_-wB154": 0.6, "14c5YOc0ZcU": 0.6, "uVzhtuuy0b8": 0.6, "bSyh4oPLXpU": 0.2, "43_vQdp2k_o": 0.6, "Qp6-A-t0LVM": 0.6, "O7jAhwbUfNE": 0.4, "yx5ZKZY8jX0": 0.6, "1shK-j_u6LI": 0.6, "r6GQEtUREWY": 0.8, "G9wSAb_EbkA": 0.2, "Unp24R9UdZE": 0.4, "_8enIDEKrzA": 0.4, "aNCk9O7FLwk": 0.4, "XvcdllFeFBY": 0.8, "bjBbFn6celE": 0.2, "SPCR1GBnSy8": 0.2, "yj9iEcOQDeo": 0.4, "OJVwWi9s4z4": 0.8, "cFPEoqZtbCY": 0.0, "kM-mQ1aTfs0": 0.6, "zN1id2dmH3o": 1.0, "w7cQRr5Yca8": 0.6, "Ry1X61Vf33U": 0.8, "2_Egqs-sYzg": 0.2, "I6COwgigJ-g": 1.0, "j2KZDg7giDk": 0.0, "Owywvqg5IOQ": 0.8, "WYsrlger-2A": 1.0, "3d5id_cwHUM": 0.6, "NwM0YG_uTS8": 0.4, "HAIWK9IXpHg": 0.2, "Lgitw016T44": 0.6, "1DHo8fYFsd0": 0.4, "BhYnz0JQKUo": 0.6, "B-xG3D8OMQk": 0.4, "M-XIMtd8ilM": 0.8, "w04xmH2SOLA": 0.8, "4Zv9vRz4QYM": 0.6, "oeYKFRV34kY": 0.6, "Kx48dmDB28U": 0.2, "JOJ01KXTw-A": 0.2, "PKvNCP76fvM": 0.6, "0ji_-OJlVbI": 0.6, "_XOa7zVqxA4": 0.4, "b2UUhm4edyc": 0.6, "Jg5--STf-iE": 0.2, "XLpQDBP20X0": 0.4, "dKj4PDldebc": 0.4, "sR7kyIxQ000": 0.8, "5Jfn-U6EGzU": 0.6, "mG4Di2nytAk": 0.4, "TCKVc-y3Uak": 0.4, "7QV-F7rlmtY": 0.2, "GXru4Q7Lgxo": 0.6, "aZSzMIFZT7Q": 0.8, "Bfd4wc4XChQ": 1.0, "Clu36dt2y88": 0.6, "KSRHLwYgLSM": 0.6, "ORHnJ1K6mGc": 0.4, "0lkHzmmSyAE": 0.8, "g4Verk1Bgow": 0.6, "p0LtpDFxHCQ": 0.8, "JK_NinOmFWw": 0.6, "26bw-hBiAAI": 0.6, "ZsFUqPYlYjQ": 0.6, "2S2VUCdbhg0": 0.4, "7DrFY3H-u8w": 0.8, "8iA2G4xlEpk": 0.4, "0ljPuSfPbSw": 0.8, "VhK5gJDmSc8": 0.0, "NnzBnGG8YRA": 0.0, "bRKqFFIw18w": 0.6, "fyakMTYNtns": 0.2, "MNjWQlr63i4": 0.2, "-V2r_9Um2Tw": 0.4, "gJGPsrTaGiw": 0.6, "dac6BZCv258": 0.6, "MWWTabHiV2E": 0.8, "kEhUA5OYm1M": 0.4, "AU1iq9rqYJ0": 0.4, "n4OAtMEXNfc": 0.8, "ieSzsh4hJWI": 0.8, "1lMxZNFripE": 1.0, "lN2fuKPDzHA": 0.4, "kQyAJv_Ordg": 0.4, "gEpfTicDVUE": 0.6, "eQL3EiJnXFU": 0.0, "brvGSr_BfQw": 0.2, "taW_SQIEeLk": 0.6, "ST0cR2-JcZ0": 0.4, "bzoE5dlxH2s": 0.6, "wKY4Qe1DjI0": 0.2, "nZH6YKmtQV8": 0.8, "YV8zGNe7Ebg": 0.6, "CDuxXjaJwbI": 0.4, "8qIS3rCrrE4": 0.4, "MWDwZWCfp64": 0.4, "tCl_yDquP9o": 0.8, "s2BwOMBlato": 0.6, "W7NgPvQZr7A": 0.2, "ItX7H66gsrQ": 0.6, "Pui78pskx24": 0.4, "PzYKsLch4GM": 0.8, "Y9yX02HwMVo": 0.4, "Fk6hyUyz0Ko": 0.2, "_IYJO-Ik7Pg": 0.8, "K5fn087Jk4I": 0.4, "7-OnEe-dauE": 0.6, "LMCGADFNDiQ": 0.4, "tpD4ZPamt68": 0.4, "sqxPcurgxUA": 0.4, "AvBKlBhfgPc": 0.0, "4Vn3mLIlqp4": 0.4, "jdpQir1sqiQ": 0.4, "o50_ZlMnjqY": 0.2, "solPCNc_0Ww": 0.4, "p9Y24MFOfFU": 0.2, "83_ceB0TsiY": 0.8, "Rh8GbPnoqCI": 0.0, "tpeEqt3kpKM": 1.0, "WGQdXUw2uSU": 0.4, "Z2ZxKWNbncE": 0.4, "g_AtNY0bYAA": 0.6, "9cLZQ_2ITLI": 0.4, "QLPyuFVKGak": 0.4, "x24tpUkfL5w": 0.4, "1SlSxuhLJVE": 0.6, "5DjgnckVwYE": 0.8, "W9yu66upJtE": 0.4, "axN-hs4slpY": 0.8, "iKdEbzF7xpk": 0.2, "36PqkY398U8": 0.8, "e-r7gp51KQU": 0.4, "KJXzkUH72cY": 0.4, "q1x2Df4yveo": 0.6, "AQ_XSHpIbZE": 0.6, "OvfU1NpCJQQ": 0.6, "WzTSE6kcLwY": 0.8, "TUftNzYgYrk": 0.0, "ycbHldRpo9k": 0.4, "4F-fzXW1xUM": 0.6, "rt_jK-veOs0": 0.8, "yD94CV7kLHE": 0.4, "qo9lEPZ_0ao": 1.0, "4FLEzXhWQ6g": 0.4, "XdA4OtR88bc": 0.8, "yVI7JelAzPc": 0.6, "4tA8wtLaui4": 0.4, "bg_zxsxyKyM": 0.8, "RZNFH-jH-eo": 0.4, "XqORbzbEfoM": 0.8, "sfluIhj8Ef4": 0.4, "OX98015fQFI": 0.4, "dxtVed45gVo": 0.2, "8uK-mCxVl84": 0.4, "82kYQ7j7X2s": 0.6, "_SsccRkLLzU": 0.8, "cTfmQht0AdE": 0.6, "MXCZVmQ74OA": 0.8, "wJukf4ifuKs": 0.2, "B4kwU1kjOV0": 0.4, "p5n2x0ox47w": 0.4, "r_dbSSQotZ0": 0.4, "b9zUN-9sNBI": 0.4, "MpTe49ha0lU": 1.0, "1pda__NOfts": 0.6, "4vGcH0Bk3hg": 0.8, "ftgxuNLVvVw": 0.4, "OowcDddCdwQ": 0.6, "9Qyb0fK6RJM": 0.0, "lzOe1J8pZB8": 0.2, "F-z_WSTjr7c": 0.6, "qV3PhvCf_Jg": 0.8, "fk3-cuv8q1M": 0.2, "kw03nalTAMQ": 0.6, "mqtY88BUi0M": 0.4, "z0nrVYvE0b8": 0.6, "n6sAGZ5F7Cc": 0.8, "Bqfow_TmNh4": 0.4, "fXT3Sma4-rg": 0.4, "pk2hJRVijm0": 0.6, "P0N5JcFqx4M": 0.4, "q8MLuni8rzc": 0.8, "KZMYWAW-5Js": 0.4, "dDTBnsqxZ3k": 0.4, "u-K6ymOtnzE": 0.4, "HIuSiteKQXA": 0.0, "BSaBDtpts4c": 0.8, "EtZWhm_5ojo": 0.8, "zcdDg30VBgo": 0.8, "cLqnbOhRovY": 0.6, "v8DZc2PUUq0": 0.4, "o3f8VgQ_dqk": 1.0, "_UU29bZjgz4": 0.6, "wICpMU9nvRo": 0.8, "syPqNTmupvY": 0.6, "o3MbbQhZfq4": 0.8, "W5N5Hlt7B2M": 1.0, "qnCnAwws_AQ": 0.2, "ivtk6VArFxc": 0.4, "xE7m2FRVmrM": 0.8, "_6n2tvHQHag": 0.6, "ew9cEATPzDE": 0.2, "kPtl2DGWzfc": 0.2, "A-taWymx1WI": 0.8, "dSEI_Iny_zc": 0.4, "rV9I-xX5AOg": 0.8, "wurSu_bJ97U": 0.8, "N55Xcid1eWg": 0.4, "x-2uWj8yv0M": 0.0, "_3tlUqHla3Y": 0.4, "4b9Ji7DvsjU": 0.8, "BrI7VRfqgo4": 0.8, "N6Ns-SpRQmU": 0.6, "ipdtwLlWNZQ": 0.2, "tKXxJ29HEiQ": 0.8, "plnNTqye4Qs": 0.2, "q5Mjz1RTfkU": 1.0, "S_JjGZYpy7I": 0.6, "BlfinjxFEYI": 0.4, "qpurHfNLY24": 1.0, "-B7oSp8hfF0": 0.8, "Rdz3fUiK4XY": 1.0, "xs9Qu7uiokw": 0.4, "AK88MQWsYj8": 0.8, "1De5_o_DXH0": 0.4, "0AHGLGQgAn8": 0.4, "wYCNYifjjgs": 0.4, "WlUvQkW4B1k": 0.6, "YAhMheigaZE": 0.2, "A8N1RZweP6U": 0.4, "e3hB3iOQKjY": 0.6, "kdr_8uvG9hM": 1.0, "tz25tcFSusc": 0.6, "pQCXMkfwZEw": 0.4, "TSRvY1kKebY": 0.6, "O7aSsaTqBCc": 0.6, "HjKRxa7ZyMs": 0.4, "U0Ezto8HG_8": 0.4, "-oHJDSE-MEU": 0.4, "JiOZ4Bz2d-Q": 0.4, "faTF8wpZ4gA": 0.2, "HdeX6CbeoKY": 0.0, "KyoBQk6Kp7o": 0.6, "INzp3nnp5P8": 0.8, "GmxUEy3pNCw": 0.2, "m9kAH2v9200": 0.8, "2j4RF6cx0SY": 0.2, "FxZ_Z-_j71I": 0.4, "TMN_cfCSFWw": 0.4, "X4GZfvXx9Js": 0.8, "6Zd6Z2-fjik": 1.0, "IL6UWPlf9EM": 0.6, "HJxkAcj9TKM": 0.8, "sM7MSXNmFpM": 0.4, "ZXXXTD2iKUU": 0.6, "HdG8LCHCGso": 0.4, "1MF4sCvkAAA": 0.0, "RNvmfmZqd9I": 0.2, "ckwJXpe7fQs": 1.0, "yw0UF606mqg": 1.0, "oYAbmJaztU4": 0.2, "Uj6G1C6c0uw": 0.4, "D0AoauuOY2w": 0.4, "XH3Xu1-cvII": 0.6, "7TxknbusTa8": 0.4, "kNP2lahOhvo": 0.8, "ZDVkPARmDkY": 0.4, "bB90Vkyqrts": 0.8, "IdL5stxwXws": 1.0, "HG8tqEUTlvs": 0.4, "sq9r50EYJh0": 0.8, "Sd4C8_FMdjA": 0.6, "bfBAf-Jg-aU": 0.4, "g2X9Q-Xre_Q": 0.4, "RpNLUFA34iw": 0.4, "dGcIUitNlGQ": 0.8, "z-zhHdk9dAU": 0.0, "IqhfGwnGNDg": 0.6, "CXO_zyozrHA": 0.6, "60ewmq3ui7A": 1.0, "oJbdSseA0C8": 0.6, "e4TXO49n0P8": 0.6, "B9oUpWCwiUc": 0.2, "zMIKBDwUcrQ": 1.0, "jJRQSsT34-8": 0.4, "bQRLVxZHKPs": 0.4, "tnJ8pPSEW6k": 0.6, "U3jgo5ea_zc": 0.4, "Ao0jaXRAarQ": 0.8, "BqjKUubsohs": 0.8, "oYcGSeXiUI8": 0.6, "7Ol2HYCnVbs": 1.0, "796KD4SNzwE": 0.2, "4sw1N05KW2I": 0.2, "NeXMxuNNlE8": 0.8, "WAeepKLHuF8": 0.4, "i3Nkujj45pk": 0.4, "UucLMljiDHg": 1.0, "3yieFIhdeJQ": 0.2, "tcYc33ughfQ": 0.4, "6jyAEqhfHTE": 0.2, "AEMK1O0BDqA": 0.8, "JkBNmBQb5qY": 0.8, "jRCTcUh-XOc": 0.4, "7iSA4FPLPv0": 0.8, "rw5arTc26-0": 0.2, "Ar7Fj1LzFp8": 0.6, "f1ZK7T5dezI": 0.8, "oAYn2lwc3Yo": 0.8, "W6gfvDxLlOQ": 0.6, "zKaIlT_lK1s": 0.8, "kKtDqM1H82w": 0.2, "Sw3tEcz2PK0": 0.6, "0P3A6V_sDSI": 0.4, "KKKOpKvk9Ok": 0.6, "KSZ4tSoumNk": 1.0, "L8HLt6ogZsg": 0.0, "jlT4kr0TmHY": 0.0, "4YHfAIdmIXw": 0.0, "Z_hwMtG2xCs": 0.6, "Sm_cJiDLQ74": 0.4, "jR7RYKPJBdo": 0.4, "um2ro-3T8A0": 0.8, "owZLdJIfPw4": 0.4, "Cclzg9ZiUG4": 0.6, "u91BucJ4MKE": 0.2, "ccWrbGEFgI8": 0.8, "G1cVbfyFdf0": 0.2, "rEtXkFmpsRk": 0.6, "oddWuCHBmzA": 0.6, "gbDtpeS0iaU": 0.8, "sQqCzJjev_8": 0.2, "jmNrvlQ73pU": 0.4, "7oWOTN4YyYc": 0.4, "jhFqSlvbKAM": 1.0, "aYNaRnZtYug": 0.4, "qc5dR5_QKo4": 0.8, "CYxU4ao-9WQ": 0.8, "LTunhRVyREU": 0.6, "i88Nmkosodc": 0.2, "4oxd-x44YYI": 0.4, "2IRWtukPJag": 0.6, "TM0uO6z3zsQ": 0.6, "wNjQishYOy0": 1.0, "LJ2iH57Fs3M": 0.8, "gHFqqIv8aqQ": 0.6, "zhdZcBsa-dk": 0.8, "u1PbLQ8nE5s": 1.0, "VueSBzrIh1o": 0.0, "aAYw69hU2Yc": 0.5, "P-boL9Olh-k": 0.0, "8g1K1iJb6MA": 0.0, "juDuVT2goxs": 0.4, "dX9GTUMh490": 0.8, "mP-Pb4L_hBc": 0.4, "9HppFNyqVOI": 0.6, "aTi6i0FZCfI": 0.4, "dI-xHMM8wXE": 0.6, "RZSkUTWZyeA": 0.6, "0hySFt8O11A": 0.2, "bRP1QMmfg-A": 1.0, "A0rP5UI0w24": 0.4, "TiWbtpX4jsI": 0.6, "9Lw-2ZGvyLw": 0.6, "HJJvbDeByGk": 0.4, "EKjWRiNXV00": 1.0, "czYixQFLbd4": 0.2, "VK4xZiHDXPI": 0.4, "Yowkv9zyaF4": 0.4, "SxgcPuY58Js": 0.4, "d8AEoNHSJZ0": 0.8, "T9BlI9nhqTE": 0.4, "O6NCUmac3aY": 0.2, "LI3KRcGEkZg": 0.6, "UVQIIyfUC-M": 0.2, "aAVFCH9x7Og": 0.8, "q1L60jfPgBM": 0.8, "6XRXBrcdtWg": 0.6, "pI_zfyJn5QU": 0.6, "fq9mw8wR-1Q": 0.4, "cDkZqT9IvYE": 0.4, "URwgy0J1ObI": 0.6, "7ifmgu23ofk": 0.8, "FfezfZPw-qk": 0.8, "7ClI2bp__Bs": 0.8, "RfCubGgMkms": 0.2, "xw1NIDFUdJI": 0.4, "v8vneqAgaRw": 0.2, "tLtschJxRy8": 0.6, "MeF134YMoS0": 0.4, "lCuLxqGd0go": 0.4, "GG_eFXMdX3Y": 0.8, "CPtRohwHMB4": 0.8, "9sz6xhPkGJ4": 0.2, "yf39vt0MKug": 0.2, "dlcbYh3IKVM": 0.4, "a05SWVIPdb8": 0.8, "4W6VxtNZjok": 0.6, "IRsUvDENjcY": 0.8, "4dpMzSTI4UM": 0.4, "BUpky0h5_PE": 1.0, "4FlwJwL6kdo": 0.6, "dcNrh8FL3vE": 0.4, "zgDqAfSvWEA": 0.6, "kj-SjwVsBDs": 0.6, "_8hk6XVNr_Y": 0.4, "lPdD8NvVfw0": 0.2, "56b09ZyLaWk": 0.4, "BemkXyTc81w": 1.0, "Bnb5iX9aunc": 0.6, "KTJ7BPvw-Co": 0.6, "RvUIbqKyppY": 1.0, "Z6JAg0zzI_A": 0.6, "Dz28sQc-1Mk": 0.4, "HgwvNhQ_YzQ": 0.6, "gclcnemDpZU": 1.0, "K1HaaiNUTCM": 0.6, "xqbebWU-0TI": 0.8, "jwTIa_2A9ZU": 0.6, "vJGh-7EKXhE": 0.4, "g0jv6M6rW7w": 0.4, "oLUPlTA9gsY": 0.8, "AmjUGJwu810": 0.2, "PDbTC-ZyE6M": 1.0, "Tuj8gy2ICU4": 0.2, "gMZM8MG6X1o": 0.6, "p111hxJYsVo": 0.8, "F4dQ0RchtJw": 0.4, "CFHpEF261Eg": 0.6, "M0mXUC0cUPg": 0.8, "ZD-de7HR3MA": 0.6, "Wwza_J8qCU8": 0.4, "CIXE0Mr3rBg": 0.8, "R98sgmllCEg": 0.4, "fyxJwYV1a6s": 0.6, "uCd6-MZqPZg": 0.2, "ypS0543V_UA": 0.2, "YyRtlIddnmo": 0.8, "fOUilxJWm24": 0.4, "eZgD89VYkVc": 0.8, "fo4hyKfDJgY": 0.6, "UTYPim-9XWw": 0.8, "as_SyfYC5UM": 0.6, "1j6YA03hm4k": 0.2, "-UyVgaFE8-s": 0.8, "WoYf3DQv6_Y": 0.4, "uxtNrVVVWVo": 0.6, "mrh9tPkQwCY": 0.0, "W5W_i8oa9cE": 0.6, "pCOeEIcldgc": 0.0, "NP4mgObDeUU": 0.6, "jUnG9FOmbqo": 0.4, "cc-ClutaN_I": 1.0, "KY82nmR7U4o": 1.0, "RS3iB47nQ6E": 0.6, "-NmjyP-Oqz0": 1.0, "Rv3niQ-w3y0": 0.6, "Hr-4Aln1Il8": 0.8, "STqFXr5N5AI": 0.6, "vX6FXRgcKQc": 0.2, "zXU9Ur9QznE": 0.4, "2msbfN81Gm0": 0.4, "u51OxZF1ltI": 0.4, "PxE3lJDQnC8": 0.2, "EC9j6Wfdq3o": 0.2, "FD9UTBWo51w": 0.6, "jcC3xM8Wa1w": 0.6, "bwMqup0CERc": 0.6, "h7kAzhDDBOw": 1.0, "Nlw1YnVW58c": 0.6, "HTOP6TOJwOI": 1.0, "iTXN9uCd0mw": 0.6, "CYSOVMVWxro": 0.8, "V9epMG_zeYw": 0.8, "erbbAcIfbrY": 0.8, "jsP0W7-tEOc": 1.0, "EYEHUOpwNvE": 0.8, "nmwXdGm89Tk": 0.4, "S6D7uS5GGOQ": 0.2, "4nIUcRJX9-o": 0.4, "ujqpkmaFvmU": 0.4, "j4tXCs4KgmU": 0.4, "XP3cyRRAfX0": 0.6, "we1c5uzYsTI": 0.6, "FJurUjmDs_k": 0.6, "BZkyGJ_SFqQ": 0.6, "bK4ks_2CxxU": 0.6, "GTYUpomg4xI": 0.0, "Z2CrW3ntd4I": 0.2, "7MclW0Srs8g": 0.8, "_r7yKaDxGvc": 0.6, "jutQL0DNstM": 0.4, "1qB0lb401ZU": 0.6, "_AQl4lUrov0": 0.0, "ejEBSeddCg8": 0.4, "VK03aVJekGg": 1.0, "0WUF3yjgGf4": 0.2, "zv750BWrUhY": 0.8, "Pj_mSZYeLrU": 0.0, "PjquJ5hi6zE": 0.6, "pXy5gt2R5mQ": 0.6, "ALaqqMY2m0k": 0.4, "TF-NuE-U6No": 0.8, "VWPayR39awI": 0.6, "yCCwnCxDv5Q": 0.2, "UoWsCNqMiOg": 0.6, "qN-qliCpTmg": 1.0, "PPqKOfCzN20": 0.8, "y5pzhmGX1sk": 0.8, "WGsch35hQHM": 0.6, "rFdhGh8eG3U": 0.6, "n8E6kPJT0tU": 0.2, "JDk3GQkTyN4": 0.4, "2_M0SDk3ZaM": 0.2, "RdCs2K_ZEpU": 0.6, "m0vQOnHW0Kc": 0.2, "O8B1ZNv9m4s": 0.4, "t4_dZPVg8KI": 0.2, "kM8l40QKddE": 0.2, "5W4MYJt8c4w": 0.6, "_HckRLrBXQM": 0.6, "AEAJrT8PeOo": 0.2, "qIVDxL2lgN4": 1.0, "XFsZ6BO4LU0": 0.4, "HOYnOeo42ko": 0.6, "vL6v9lLf1_c": 0.8, "PewCSYS6a6s": 0.2, "fNgkNVKeKPs": 0.6, "hInnyzLGS2I": 0.4, "JnP2bVBZ9O8": 0.4, "WO15VbjYv54": 0.6, "__C7sd_UDU0": 0.4, "i0IJqIzO_YM": 1.0, "NSvnw3tvPSk": 0.6, "zAQa8YWyXTA": 0.8, "qAY_o36paQ0": 0.4, "xM_VQ3NZsf8": 0.0, "5VPFKnBYOSI": 0.6, "-7ERMwnoxSI": 0.4, "xkrLWjNxYbY": 0.6, "spCknVcaSHg": 0.8, "w03OE6SaL8Q": 0.4, "YM-th85hRUU": 0.6, "7X_6k8CjdVI": 0.6, "8nG_wVxO7EM": 0.6, "RLsXfrDwf9Y": 0.8, "iB5txqIl8jQ": 0.6, "4HGR2_uN-f0": 0.2, "ApqQW5Nx1qI": 0.8, "VX32RKuqIVs": 0.6, "g9qIjULYtkk": 0.0, "qriNbVCIsow": 0.6, "315bcBoZoLw": 0.2, "rZx0iJVAN7U": 0.4, "pS9sUm5Y0sg": 0.4, "y6XSIY9Vs-o": 0.8, "CdKcjxUib4Q": 0.2, "px6TQ0ZMIsw": 0.2, "vQfmpXsLV_4": 0.8, "XCibiAnJ6Ts": 0.0, "5Y7rDOogcU0": 1.0, "uRQjkM_iD4s": 0.4, "4k0AGQyMbFE": 0.2, "Avez0XmOkNY": 0.6, "NmCKcaAlWZI": 0.6, "sIgv3tTYYqQ": 0.2, "1Fki1SJ17kQ": 0.6, "Rm5HibK7qso": 0.8, "8mnFRw-6mUo": 0.6, "RhY_pQm0wYM": 0.4, "dJy8MUESM3k": 0.8, "tzY7qQFij_M": 0.4, "0jBFyck8J5A": 0.4, "hMa1yH5QCxk": 1.0, "t9cmoT_wb0A": 0.4, "RaEeX4J_TyQ": 0.6, "ClKMIr3WpjY": 0.8, "GI4QhYrDQjQ": 1.0, "wO8-L-7SF5E": 0.4, "L_ycAXqOYr8": 0.6, "XoVVLtkDWq4": 0.0, "WrE6iE7xnN0": 0.8, "qGkDqfdgVEQ": 0.2, "S2nBBMbjS8w": 1.0, "le8En3oKY_c": 0.6, "GcVF5wR0kUw": 0.2, "kwcL-VP3FYc": 0.4, "hJW5_iZNdFY": 1.0, "hBVq3NElVTE": 0.2, "yZ15vCGuvH0": 0.6, "pnISZdg_3lw": 0.6, "tsBrlDMRGGI": 0.2, "uLTIowBF0kE": 0.6, "sbKBvrEr2wE": 0.2, "HK958YS_YNA": 0.6, "i7mmXeRvgLo": 0.8, "u4hlzRNu3uE": 0.8, "h1HQxcTYTho": 0.6, "TBXe-XerqRI": 0.4, "Cs6A-FCUPdw": 1.0, "9Ac-PGCfxFE": 1.0, "nVtWGS1bAtU": 0.6, "XgUJP6xGHOs": 0.4, "vTbG8OQcE1o": 0.2, "QeVy6TnjKZg": 0.2, "ZYpqxlkaenk": 0.6, "p94O9UZ5Qzc": 0.4, "m8AdoQI_QE0": 0.6, "1TS0yS0sUaM": 0.0, "UuavPx0peFc": 0.6, "i3bR8PrziS4": 0.2, "AWp297iE6Iw": 0.8, "9l2FeI5GMg0": 0.8, "vQt2NRT5yP4": 0.6, "Kk6Bi23Q7-E": 0.6, "g_dFf9mWxPI": 1.0, "LlZz3WNbOkw": 0.4, "69MpLiYhsXw": 0.4, "t9AV9szGAG4": 0.0, "N-rgqDhnLoU": 0.4, "OtsVUdEfrQI": 0.8, "d5kW4pI_VQw": 0.8, "DH7hqFMxsTw": 1.0, "ezNqB0tsIF4": 0.2, "rrxE_KCnO44": 0.6, "rA2JuxRdlmA": 0.0, "onbZV52GWpk": 1.0, "qeEC4BDyhNs": 0.6, "T1kPrrUuueE": 0.8, "XKR1ScQUpcA": 0.6, "iUdQhl05fKQ": 0.6, "C6hKQ2YW23c": 0.6, "gNBRxgr9zZc": 0.6, "wqiw_E4tyuQ": 0.0, "dWspEgdrUdM": 0.8, "KuNcSp2T4Lw": 0.6, "mzj9mzcKEGk": 0.0, "Zz-E8AexUjc": 0.8, "kWSIFh8ICaA": 0.4, "TJKftD6fTj0": 0.8, "D4jc9xxikuE": 0.6, "kf7lTlqb-qo": 0.4, "UI_nj4NXpoQ": 1.0, "r0lwusMxiHc": 0.2, "rPf0CCG9mTQ": 0.8, "bxcX-aJG-4k": 1.0, "tcoFNsTzx0s": 0.4, "fI6LQSoH37Q": 0.2, "zvq5rMEbNbw": 0.6, "Y_EeZ90dG48": 0.0, "g7trxwtUgVg": 0.6, "5Z_zWIVRIWk": 0.4, "2yLmrcQLNUY": 0.6, "7_dgiNoBWio": 0.4, "czcb5dXjlZA": 0.4, "913xrM9FYpI": 0.6, "k6SVsf0k2i0": 0.4, "MyD1lK8qr14": 0.2, "o6afGyzyrVE": 0.2, "ybdoIj5y_XE": 0.4, "t7kxPYzigCQ": 0.4, "Htbo1yW6qeU": 0.2, "FEMAEdYryJ4": 0.2, "v6OEChj-UiI": 0.6, "1dF9t_xQGks": 0.6, "wq25qD44hC0": 0.6, "afS5ks54tms": 0.8, "PE1CuvlqlmE": 0.6, "J7QKeV2-ghk": 0.0, "fMuw1guPdts": 0.0, "6yVMik5Mfwk": 0.4, "eoCNG4yP3Tc": 1.0, "CgxYSbtp9JE": 0.4, "LO6TpbqTTxI": 0.8, "evApapdysp0": 0.6, "g5YOLVrVHGg": 0.6, "teWcTS31dts": 0.8, "MDni5wUNiuU": 1.0, "oTS1RIZboqU": 0.0, "TypQ-iYqiLg": 0.8, "tfcoOFmZbVw": 0.6, "82-H6MZnT44": 0.4, "u94i5CWENzI": 0.6, "4XQ7x7c2hkQ": 0.6, "KQCbke3pps8": 0.4, "nnsSUqgkDwU": 0.6, "jc5XQSVeQ2c": 0.0, "5AaacAMljG8": 0.8, "fNZf5shOq5k": 1.0, "FyVjesaMg1E": 0.8, "eW_0aYguJ_E": 0.6, "0glSaIGRrhI": 0.8, "v_C9mKEPG-k": 0.4, "9ypxRGSrS-k": 0.8, "jtO_MN-m5r8": 0.6, "7ZOKDqjqbX0": 0.8, "z_Wah7jp0Jw": 0.4, "Bl17Mwl8Mno": 0.6, "MbJ5t5YWYpY": 0.0, "zrIe6n-ZK_E": 0.4, "VjGU3I9degQ": 0.6, "7sVGB2_zARY": 0.6, "jssITlGSR4w": 0.4, "PE73KDDn658": 0.8, "HbJHkwHZCCM": 0.6, "o31szjNyh4Q": 0.4, "w9R6K1mecEE": 0.6, "ZN6NYpSZa0w": 0.2, "vUAPQ-zAUTE": 0.6, "pw6JRuItcus": 0.4, "Vp8fcHI0-BI": 0.8, "Q26s_zWTykQ": 0.8, "nojWJ6-XmeQ": 0.6, "Xr4SYrOzYps": 0.8, "4h0Qvc6_MfQ": 0.8, "i7NPb5lmQpY": 0.4, "4VwxRqT3qRY": 0.4, "0V4UyjEyeOA": 0.8, "ctemZdDG7YA": 0.8, "MP-p9i85sNc": 0.2, "uNvmSvmNvQM": 0.4, "rWfqkrAM8IY": 0.4, "giGkt5oAhT0": 0.4, "-5zYYZpuTbU": 0.6, "tPZQkkbuD2c": 0.2, "IwpHyWwPWC8": 0.6, "U9gBE9g_iZY": 0.2, "6e_JbxJijn0": 0.2, "DPM3ejkd3fw": 0.6, "zuzaxlddWbk": 1.0, "0XSNrKgA94g": 0.6, "VdonoCCQF9o": 0.6, "sOjOznUVlKs": 0.4, "NG0MKXxdhrw": 0.4, "RBQ-IoHfimQ": 0.8, "CLzi3okueM8": 0.8, "350tD8E7htM": 0.4, "EgmNEgIFBTQ": 0.2, "RQ_GiVoT1M0": 0.8, "L0KmvWL6Dfw": 0.6, "tjaJgMDgBuA": 0.6, "_Gpx07V3GFM": 0.6, "dOZjgXEAsAA": 0.0, "12sqXKF6Zv4": 0.6, "PJKAr1r5zlA": 0.4, "verzNYAOQ7s": 1.0, "67jh16fASvI": 0.4, "KKNUrASDloE": 0.4, "WhF7dQl4Ico": 0.6, "5-t6AIMSCdw": 0.6, "BDan7ClvO3Y": 0.4, "7X2m2WueNcU": 0.2, "2IEZNte5ADg": 0.6, "oZCRAxCmar0": 0.8, "2Dq2-98HliQ": 0.4, "JndtG8Y7yfw": 0.8, "iaUcLzxMFq4": 0.6, "f_mJmL5B47c": 0.8, "w9Sx34swEG0": 0.4, "ug64FCgrQl4": 1.0, "u9FEg5qur14": 0.8, "XZn4opyPfEI": 0.4, "wxPU_xDgECk": 0.4, "OufDn0KKAH0": 0.4, "XbLZe1r0DJk": 0.6, "k1OTQQ9u7XI": 1.0, "JvjmH9w8_GU": 0.8, "DujoTffyUvI": 0.4, "eyzWlMZ1Y54": 0.6, "dLchejnnjEI": 0.4, "BgZluCEBS6w": 0.8, "DhOIJBk7KaU": 0.8, "Bgqxt-kfYIY": 0.4, "yjjb_Dy7tXg": 0.8, "UKmhK8G--7c": 0.2, "YQs0OxlF9bY": 1.0, "bZIzRqDOSZo": 0.4, "q9fms5He5bM": 1.0, "iVHy8MG2CQU": 0.4, "G2ZqvClReZQ": 0.4, "4hN0ai9WzBQ": 0.0, "nz3qGgt7b2s": 0.4, "HjD7Z36wX5I": 0.6, "GzmuQehRy3A": 0.2, "6-2L4PTV14A": 0.4, "LRgqD7JgF-U": 0.6, "rfpAkNyHAtQ": 0.4, "47LCLoidJh4": 0.8, "YxyrZN1ETgE": 0.8, "o2P5E7cFt9s": 1.0, "YY5KxPI6ApI": 1.0, "WIlPFRsseQ8": 0.2, "bltuzqFTaiw": 0.2, "tviPLpD8VG8": 0.6, "08ySTcxh_cU": 0.4, "XXwV6lUfMqw": 1.0, "8fs2Yh1PFwM": 0.8, "JdN1t1lMVxU": 0.0, "2Jhrr4RRywE": 0.6, "Ws-yd9YPfdE": 0.6, "jVs5tTEuA-g": 0.6, "QoqWo3SJ73c": 0.6, "0DuFujGCswU": 0.8, "TULVRlpsNWo": 0.6, "c9THt-uJRTU": 0.6, "_HS0UOQjU5w": 0.0, "vYEXzx-TINc": 0.4, "KbgKbMk5Q3o": 0.6, "l1vnsqbnAkk": 0.6, "bvLaTupw-hk": 0.0, "54WiJFln6I0": 0.6, "gg8P9fM3G8k": 0.6, "HZu1cTg-xUM": 0.8, "-44_igsZtgU": 1.0, "l1vvlpJ8BEE": 0.4, "kj4vboULD4s": 0.8, "WdKHNZS3cy0": 0.0, "E3h-T3KQNxU": 0.4, "xRtVNIqwUS4": 0.4, "-zXKJMml0s8": 0.0, "FXP9jlpcRaI": 1.0, "Lhozndg5VSE": 0.2, "1Sy-fftmGeI": 0.8, "uQeh2G161Bo": 0.4, "8ZO-7pL_MrM": 1.0, "uvMvIVd3S7A": 0.6, "5HoQ-HblRG8": 0.4, "PTXV1QRAsko": 0.4, "Ypcm9B6o7pA": 0.6, "ZjNRXfRXnoc": 0.6, "UlRWeauFduc": 1.0, "VYp1s6AwuRQ": 0.8, "H02iwWCrXew": 0.2, "W3-9CKP-PhY": 0.2, "fylVXsXr5Jk": 0.2, "wToxrHzVpxU": 0.0, "xLhJIFC8xkY": 0.8, "t8APOFub0Pc": 0.8, "iuubaXDeXh0": 0.6, "cLTgxDkJRN0": 0.4, "cN9OKXtzHtE": 0.2, "O3ax2tmczi8": 0.4, "qfZ7o3dIJYE": 1.0, "lnuCDXMoZd4": 1.0, "YjMgUanz6h0": 0.6, "-7rgfoEEFmk": 0.8, "nosXM4KdAac": 0.6, "y5LAwk4cVjU": 0.4, "ysgwcKNdWg0": 0.4, "bGJSEEx2pXc": 0.8, "Dd_GSSQQGNY": 0.6, "Dk9s3SlM2Rs": 0.2, "2fQUYCPe3Cs": 0.6, "I4kNl7cQdcU": 0.0, "3DYUUdkFQl0": 0.0, "ohRN3yG4TEI": 0.4, "tWDprSdH2xQ": 1.0, "oSFnotAmcoA": 0.4, "nMzdAZ3TjCA": 0.6, "bATzbhGbjiM": 0.0, "axAmED7lqe4": 0.6, "nkBBsOEY8PU": 0.4, "Jr4gOCh_4Pw": 0.6, "ZBLkTALi1CI": 0.6, "K_-GdDx2TzE": 0.0, "2ywv_JCyolU": 0.4, "6bJOIqVAD-s": 0.4, "kF89VnRrWr0": 0.2, "WF_HqZrrx0c": 0.8, "Ak4hpFbIbfo": 0.6, "yQUN7QAnMp0": 0.4, "9Sn8H42FZcI": 0.6, "kcrO-lf345o": 0.6, "zSM6sAtyvyg": 0.2, "tIG0kB9lOxo": 0.6, "bJafiCKliA8": 0.2, "FlWfmhyulg4": 0.4, "wEKFJWdJ5jg": 1.0, "O9sgllm_Bhc": 0.6, "pR236CYNZfg": 0.6, "E71sKFD-spQ": 0.6, "SqtxzgFpP6U": 0.8, "0xyNNlU4ct8": 0.4, "XG0_olXLkKg": 0.6, "FV7ee0Cyzwg": 0.6, "l1gZkf_-UyI": 0.4, "VMjRSnokms8": 0.2, "DyO-z_7Ip9c": 0.2, "vxlUCIqbD8M": 0.2, "7scG09FPwKM": 0.4, "v1HMR9nRmlY": 0.4, "jVADtFaZgQE": 0.6, "7JUExZaSNKA": 0.6, "HbTs3TLo414": 0.8, "-iwCVXD_lA4": 0.6, "NoOqyH03p3Q": 1.0, "7b5CKSqlz60": 0.6, "-cSFPIwMEq4": 0.6, "FqhFUbtpiB4": 0.4, "MrXtSMzjhMQ": 0.4, "jpldOdMH2w0": 0.0, "qLY8arYdr_k": 0.6, "aaZnRfrrunA": 0.2, "4KKgR5YWmYg": 0.4, "BWeGCT7vS-g": 0.4, "ohp_nmI_TFA": 0.8, "9dgQ6AUYWCU": 0.6, "yZ1XM9LwS64": 0.6, "0yA98MujNeM": 0.6, "FhfcdqMTtU4": 0.6, "eySoKn9U5s4": 0.4, "KE9bc5KskM8": 0.4, "jqQbiJy1Ys0": 0.2, "NTYtw7NDm9o": 0.2, "CDM1FPFxbVk": 0.8, "g0ha6Mb5_YQ": 0.6, "ZEKqLxtjwDQ": 0.8, "_UKLncvGxQ8": 0.4, "Jn4B1gjHug0": 0.6, "64KZVm0kWnc": 0.4, "cw6x80Qdzak": 1.0, "up-FKa0aEuI": 0.6, "mz0N-jVrRWU": 0.2, "rt7JZSrDJA8": 0.4, "wvWHNkLSDkg": 0.8, "R-hl57xTLE8": 0.8, "LagGSTiSnto": 0.6, "LxK743gc0PI": 0.4, "7is6r6zXFDc": 0.6, "ZZUyZmYbfbY": 1.0, "sAhHHpzXOI8": 0.2, "pSe40tX-oTA": 0.6, "D5MLutafypY": 0.2, "bCxiuuJVT-8": 0.2, "s6rrXuFM9TI": 0.4, "XVLBEsG0MH4": 0.6, "NQhwNtY3N2k": 0.6, "_hnOCUkbix0": 0.8, "excxIZ4wUvg": 0.0, "lOGdCg61QoE": 1.0, "FCOlOcMk8XI": 1.0, "xwNe5Kqi3Ho": 0.6, "3k3HkjXcduA": 0.6, "zFubzSu2AOE": 1.0, "AZ56zUxpXes": 0.6, "hi5TfqXrplM": 0.2, "owGykVbfgUE": 0.6, "4okCm_f1YMs": 0.4, "UC9qnjOUjss": 1.0, "urkrB7gNwMI": 0.6, "CtWirGxV7Q8": 0.6, "8uO5PAD_CYA": 0.2, "VyLXZ2GQS7Y": 0.6, "4pcO7_S2WQs": 0.2, "Ti6saRaKJYM": 0.4, "UTGaYkbvse0": 0.0, "3JsyhaGHq_E": 0.6, "ZcgzoGU141o": 0.4, "U-knPQ9H_pg": 0.0, "JqfCxPdrv1U": 0.8, "a2RY14Zqdvw": 0.6, "I9Bv1J0wK3k": 0.6, "EHu2hoc9ulE": 0.0, "PHLxK2QKZ4Q": 0.6, "PqyiFtLnKkc": 0.4, "wrIZnC8q7RQ": 0.6, "zAGRVQG2dyc": 0.6, "F_M7zOew2Pc": 0.4, "MQfikxbS4zE": 0.6, "a05vigJA4SY": 0.6, "WA1h9h7-_Z4": 0.2, "4JhzwNuo75M": 0.8, "W-dbAzEERb8": 0.2, "sgG6uztmhA0": 0.4, "WTHkY42X8FI": 0.8, "aYnA8TCzUvc": 0.6, "86IpU3g-S8Q": 0.2, "1z-36uCr9XI": 1.0, "_U_4J_e6tQM": 1.0, "dZmuTGFusIs": 0.2, "Iy5jiYWuNKo": 0.2, "gMa5xYEMyls": 0.4, "sV6ITSt4jzM": 1.0, "rUFnH7KYMFE": 0.2, "aSdqsA3fzLA": 0.2, "laot_Eomr3s": 0.4, "qAGVilt3Rls": 1.0, "Kjmq-ADfcGw": 0.4, "1zPYW6Ipgok": 0.6, "5WQWX81M8R8": 0.8, "G1FV7dND0NY": 0.2, "pwF74hxbs6o": 0.4, "XIDHrWQe5FQ": 0.4, "VyM9ok6Z3PY": 1.0, "jOd3dJUKJFI": 0.4, "gvEvRBeYO2M": 0.6, "1sElYG7LmUU": 0.6, "UQtqa5F88LM": 0.4, "QT8AiihKFR0": 0.6, "vJIwQtUZYy0": 0.4, "8QzYlBM30NA": 0.6, "8iHEQxJXq9I": 0.0, "EmzgkMsf_GQ": 0.4, "EbnWbdR9wSY": 0.8, "J2pIvg-2vEY": 0.8, "d6gJ6dACtqc": 0.6, "Ug75diEyiA0": 0.4, "XHSoS4p9688": 1.0, "btu1hCc5F_U": 0.0, "6_WAmt3cMdk": 0.4, "x7AIfMpyHtA": 0.4, "MTx9-ohAeWo": 1.0, "_NJKQkQu3NI": 1.0, "uDCsU5wUvdQ": 0.6, "ZjFK3L4cvQs": 0.4, "yXE_p_1Squg": 0.8, "6iQ7ZDUutU4": 0.6, "TnBHGpp0pVU": 0.2, "7-kSZsvBY-A": 0.2, "NX0i5rLzAP4": 0.4, "2f_kavukuKI": 0.0, "jEZMSF2jNYg": 0.4, "Avsp_UJ3mrY": 0.0, "-5X2kzIDroA": 0.6, "lvVOtwezkXU": 0.4, "uNMRTsGR2IE": 0.8, "c4LCP48QYl0": 0.6, "WpByXzdMQfk": 0.4, "BJQfT9C5Adc": 0.4, "7gMZ62PsvRM": 0.6, "0O1OrTcfqBI": 1.0, "8UqZzZWZd-Y": 0.6, "t0EFibqP-7w": 0.6, "v8J1y8o3TRg": 0.6, "DxDsx8HfXEk": 0.6, "zt3Gvdu9mtM": 0.4, "mVPku-xItv8": 0.8, "kjc8kOCB3_k": 0.8, "zv0ZPyj7S6M": 0.6, "n_FN7pu-huU": 0.8, "Zov6yho65G0": 0.6, "jr2gdPY-88w": 0.8, "SvvLsAMsOJM": 0.2, "UNEHhUC4UJc": 0.6, "fF0ZmIf7H9k": 0.6, "RKwaILk_VYI": 0.4, "ty7Fu2kIfPI": 0.4, "Bja2_Qclk9Q": 0.8, "uHskC7JRL9M": 0.8, "dlEbGH9HeVg": 0.8, "V6F2szDteSI": 0.6, "Wo6BkRgvYF8": 0.6, "Wecenw1IWHY": 1.0, "LD1NnIZocrM": 1.0, "i1JccYQFDWw": 0.6, "0b98BFCqOvQ": 0.6, "FmlzOh-1KJA": 0.2, "AgdqKj85jVk": 0.2, "zSi2QvSWkVA": 0.4, "64G5FfG2Xpg": 0.0, "USD2QsP-Rzw": 0.4, "Ju-ETwtYuT8": 1.0, "ILxjxfB4zNk": 0.8, "orc5fBf14vs": 0.4, "IDAr48u3BB0": 0.6, "wqT2IdFyQ5M": 0.0, "1Pahqq-1hp0": 0.4, "UDTZCgsZGeA": 0.6, "JJmqCKtJnxM": 0.6, "qeefSTrkvrk": 0.4, "FxZNhjkMtFE": 0.4, "BbdfppY2ldQ": 0.2, "jtXLAKwssPQ": 0.8, "OON2bZdqVzs": 0.6, "WHdYDNs0qq4": 0.6, "mrX3Ql31URA": 0.4, "KLlOTAE1CZM": 0.8, "ejMqe1WBtEQ": 0.8, "d8E2pHgxnsU": 0.2, "R2PhoBA8qKY": 0.4, "Ed3vswxJKgI": 0.2, "lCg7cL8PFKY": 0.4, "dlNnjtEXyi0": 0.4, "rmPRHJd3uHI": 0.4, "r8cDvm26VYI": 0.6, "SPyoiOTdHio": 0.2, "z1zeaOK2atg": 0.4, "7gPc6027rb8": 0.6, "B0raS3U4RK0": 0.4, "wgBz_WD-jYA": 0.4, "SwGrUMlagk0": 0.6, "dTcv5q4WfMM": 0.4, "TmnY_Q0YBVE": 0.8, "UUNIeOB0whI": 0.4, "kdFh8P8Ijng": 0.0, "OEQzJRRIXKs": 0.4, "goZODLC7fao": 0.8, "PC2N3EYngns": 0.4, "_G-PTQ2OWe4": 0.4, "X2cs8gnb42A": 0.6, "Pblj3JHF-Jo": 0.8, "x4amZnI_1dE": 0.8, "tOpsnNf9Wj0": 0.8, "jmCwWbAWyZ8": 0.6, "84lAxh2AfE8": 0.4, "dSi0fJq0wKI": 0.8, "g8qLBtTnALs": 0.2, "1Yq6W7YAHM4": 0.6, "2OCkgMrY0U8": 0.0, "N60utqXf5HQ": 0.6, "A4fMRDP1d6w": 0.4, "stZFVrvPJ2Q": 0.6, "iNfChrsWlPM": 0.4, "APAcU3YBhYc": 1.0, "E3pMBPFUPFM": 0.6, "nyhfJTFJHu8": 0.4, "v_bNTCeju-A": 0.2, "XvjhIbEvA_w": 0.6, "noy9lF9Xu68": 0.0, "DOIQ5i87-Kg": 0.8, "WQk6A7eDE5w": 0.2, "R41NNPBqRCk": 0.8, "8QRs0ejxjEc": 0.8, "htEtTra7rdw": 0.2, "1vf3U4aPiMk": 0.4, "AUc4wJRa9-g": 0.8, "KSQcPOicGiI": 0.8, "nfzWl8dDqwc": 0.6, "ty6MhpnOXC4": 0.2, "nI9_BTm41MI": 0.6, "3RucyZiPfjw": 0.8, "v_AMEYsBxZA": 0.2, "FsiEfbIaEQU": 0.6, "fqXm8MCWfbA": 0.2, "LT6n1HcJOio": 1.0, "23kdGfzDaCs": 0.6, "0UoJyED73bQ": 0.6, "dX_YU9zCqqA": 0.6, "klDDHU8HZp4": 1.0, "UNabu9daJUc": 0.8, "e60aAnThrvU": 0.6, "GTaUku9cy-8": 0.4, "bHwLgwBd6k0": 0.4, "ojqMGlqYHPg": 0.4, "jt32In8YzZ0": 0.8, "fk_YSO0py7s": 0.4, "qPIj0KJc7kI": 0.4, "6i-nMWgBUp0": 0.8, "yP4A6r34Vd8": 0.8, "MTgeUVOxl8E": 0.6, "lTerDhlAEMI": 0.8, "ZTUt7kpM_LA": 0.8, "LUOJSnR9z3k": 0.6, "HtUeBaOzBKs": 0.2, "en4muUSIRT4": 0.8, "QPc9LhKA5C4": 1.0, "Jze_zGYTGxY": 0.4, "nWJut7KQhI4": 0.4, "4kvHbFmj38w": 1.0, "sMnNjTARUEk": 0.8, "IwrstxuicZk": 0.6, "K8dGb3-ZCHM": 0.2, "8JAhnmtotIM": 0.4, "PkWUuTlXq2w": 0.2, "VF-8WR38bq4": 0.2, "7b8zeykara0": 0.4, "AEMuSvSiFNU": 0.4, "O6rHeD5x2tI": 0.6, "29VGZtnCD30": 0.4, "jgKyFA5i9Ng": 0.4, "PAjWzgYjG0M": 0.8, "ZE72ilXg0jQ": 0.6, "oDdZP2Ge6TY": 0.8, "BoKUmFuV7iQ": 1.0, "z6Pj5oJzYLM": 0.6, "c0BCoeOf-Ys": 0.4, "0Vxjh6KJi8E": 1.0, "QfwhI5N95y8": 0.6, "C_8TGTKdrlY": 0.4, "giJxJdSuq74": 1.0, "AEIS7UJJFAA": 0.0, "bivaifVTQME": 0.8, "0eN9KP6lOZs": 0.6, "xTpv9lc_qMw": 0.8, "N2muWKtHCnc": 0.8, "FqvLcVBOhP4": 0.0, "intua_p4kE0": 1.0, "GURvHJNmGrc": 1.0, "9CRH-ocpJLI": 0.4, "PD8p6KzcL2w": 0.6, "LeJVNum2zwY": 0.8, "MX9qu69-NiM": 0.6, "1t7rSZT_77E": 0.8, "BZ1Y2-KV1kg": 0.6, "_TBd-UCwVAY": 0.4, "sWVKynMQTTI": 0.4, "6FNITWjpbLM": 0.6, "eBDXxtnRp4Y": 0.0, "TYIeVjKlPTw": 0.8, "31pEZWaIhr0": 0.4, "0etzTTWyISw": 0.6, "kcftkEN3vmg": 0.2, "m8Ihwi_w_xQ": 0.4, "x4nH_YW2F1s": 1.0, "NmannAYiwh0": 0.4, "377kVIgBOJQ": 0.6, "xPY7jrcEj5Y": 0.4, "kqT_5f08Nxs": 0.4, "_oACRt-Qp-s": 0.8, "ie621R03ZcU": 0.8, "ZY0cdXr_1MA": 0.8, "H6JzeAHCd98": 0.8, "X1Uj9SPvSaQ": 0.0, "83nS4EGKU04": 0.8, "MBToS72o8gM": 0.2, "1I4Dpq1PQjA": 1.0, "2qdW7ramMr4": 0.8, "Hs6AebdPhSU": 0.2, "TSF8EKPxPVU": 0.2, "PdBQS8lp4xY": 0.6, "-g8vTq06KUI": 0.4, "uQereoIxioI": 0.8, "Es_uivijpek": 0.8, "SCNB1z360A0": 0.8, "Y-Elr5K2Vuo": 0.4, "2zfqw8nhUwA": 0.8, "sXAlpHSI-d0": 0.2, "vPETP7-UfuI": 0.6, "SxAqnB0NbEI": 1.0, "ryaGZETR97s": 0.8, "R4vkVHijdQk": 0.6, "H50wW4eAFKo": 1.0, "DwhTYFwfACA": 1.0, "psmD1DVPIrU": 0.6, "LfdiClhlLZk": 0.8, "TNCJh9WwU6w": 0.2, "__CTejhHZSU": 1.0, "V1-qbHbuNBU": 0.6, "Hzgzim5m7oU": 0.6, "_Kmh4BbJPz8": 0.4, "8ciagGASro0": 0.6, "o1BiFTk5Acw": 0.6, "TnXArm-NViI": 0.2, "GTkpq85sFO4": 0.6, "ULJBEQ6-NLE": 0.2, "qXndoRUKAhM": 0.0, "iqEEQpleFJQ": 0.2, "T4tOvkvCvwQ": 0.8, "5r_KVwao1aU": 0.0, "nX9P6skzZNU": 0.6, "-c7Ca2CY6x8": 0.2, "p916yeFa2Xk": 0.2, "ThgaRoMvgXs": 0.6, "7pOoSe2K5DU": 1.0, "cvnqS95cEJ8": 0.4, "VMxyZQfMmM4": 0.4, "qyNs577d400": 0.0, "48zAauZBi58": 0.4, "jtwh3nQP5Uo": 0.4, "NQp0z1sbtxo": 0.2, "xfBo1wwM3eI": 0.2, "oAa2O202avc": 0.4, "Qg0pO9VG1J8": 0.4, "dBRdzeC7kz4": 0.6, "ganRbr-WBiI": 0.2, "y9ajRIgTJNA": 0.8, "RsKcfsTznYE": 0.4, "oINYoy98JJo": 0.2, "5JLBU-QQpoo": 0.4, "7ae0tzVo8Fw": 0.2, "tZGNqFGIpiw": 1.0, "zSAh2YJhMNE": 0.6, "ENau7AkayN8": 0.6, "BBTtQwipT4k": 0.8, "oBIeme32Xwk": 0.0, "Y_56BQmY_e8": 0.6, "TRmgMe2STL0": 0.8, "VrtCpjXDyqM": 0.6, "C1QLMHgX_VU": 0.4, "mxr83Vkrh00": 0.4, "lNNDr1vH83Y": 0.4, "HZChlynmtgc": 0.6, "JvcH3kpEP8E": 0.0, "lsCvzwgNL3A": 1.0, "3t6bLugtJkQ": 0.6, "r-2Hq9QNmVE": 0.4, "TX8AAUOGKSg": 0.2, "xm4RaDWsRgE": 0.8, "DKAPJyFAzs8": 0.4, "GMovhjpIegg": 0.4, "cO7iCbtlcIc": 0.8, "eHh0bqD78b0": 0.4, "irUYwVN_AQ4": 0.2, "XyZtMfMWONI": 0.4, "uLg4kDAGZuw": 0.6, "b9zjwmDHE3Y": 1.0, "s2DTEADGSpw": 0.8, "bL2qqJOSw0c": 0.8, "2xwUuSM06xQ": 0.4, "NFFLEN90aeI": 0.6, "wKB9HRgkKRA": 0.2, "WIdu34kekJk": 0.2, "UvDs7RDKCag": 0.6, "hYyMMs-WO4U": 0.2, "L7bHdo2DJHY": 0.6, "KObDkEBwuTc": 0.8, "0PgjcgqFYP4": 0.2, "RwvuckZDpB0": 0.8, "RM2JAlPRYKE": 0.8, "0Awzkw_73D8": 0.6, "KHx0_NFuGb4": 0.4, "IDumJG4RXt8": 1.0, "dqxBrcgtX-A": 0.8, "brq5oJFIKJ0": 0.6, "jlWwjUZUROA": 0.8, "Hv7t_zFUDBk": 1.0, "TosjG0E191U": 0.6, "RsCoPb43TUk": 0.6, "HAmI1MJECZ4": 0.4, "O1Z91YkPatw": 0.8, "mqdj-MFAhi8": 0.2, "2BXRGzjo1_Q": 0.8, "cnIYtqPUlFs": 0.4, "_uQOchrK7NA": 0.6, "3FtNm9CgA6U": 0.4, "Bxaq80Hp5bY": 0.2, "M9uxiTWZLwg": 0.4, "1dcPHVFHCRY": 0.4, "-35m_mkcHnI": 0.4, "heV0CNzC9OI": 0.6, "Ue-TqmP6I_g": 0.8, "m58Bp6PfXss": 0.6, "aURA4lJSP5w": 0.0, "kjBGSC1ond8": 0.4, "zqlVUFL9hlQ": 0.6, "odI7pQFyjso": 0.4, "wt9VctrBOZY": 0.6, "6e3z2H1O5zE": 0.6, "O5G4fVe1LUA": 0.6, "UJVlHwpS6Nw": 0.4, "HNo-_DEEm54": 0.6, "79uA-gHvw18": 0.6, "Ug_iluxQ1IQ": 0.8, "ecV5FhZEvi4": 0.6, "XBXlh4E9HhU": 0.5, "7AuhjzxAudY": 0.8, "jGldy-ABbsw": 0.8, "pwh1INne97Q": 0.4, "KSv45XgmH4U": 1.0, "z62vD5BDDUE": 0.6, "bBLd07rz5mU": 0.4, "UgEEcM-jYHY": 0.4, "n0r3USJnZnA": 0.2, "rG8nXUY9UP4": 0.2, "AAs2hd9AJoE": 0.8, "t4Xt_XS9BJA": 0.4, "c2ZSZrGc-O8": 0.6, "aF5Ipu0DIyw": 0.6, "a7w7CTL8VaE": 0.4, "CD8wwepuGas": 0.2, "Ghl19lJJ_mA": 0.6, "HQQs3nl0LcY": 0.4, "t6MCn8wPR1I": 0.6, "pv4WZkppmTU": 0.2, "7ZbLntTvV8o": 0.6, "hPxZiCha6pM": 0.8, "I886RBjiODg": 0.4, "uhHMWLjL77U": 0.4, "6CbQOLqZ8IA": 0.6, "M4dTKckmLwE": 0.6, "xlowDDEXpWw": 1.0, "AR-dXdnjljc": 0.4, "mJPYPE335KI": 0.4, "IKPtNDYezLY": 0.8, "5sXwEoeurSo": 0.8, "Iyf5b3uglUc": 0.0, "-xK80YG33q0": 0.4, "UrEPJkajMSE": 0.8, "UmwQjuJttwk": 0.8, "IPme5GPdiCs": 1.0, "TKL_cn8vhjo": 0.6, "8pmw5CAc3rk": 0.4, "zWzsOZMrbVs": 0.4, "b6EBK0ujV3o": 0.4, "KsdD1MJXOpk": 0.4, "cDS53Y8q9lE": 1.0, "oDcb3eAAK1s": 0.8, "_3sLwG1ZSBA": 1.0, "BqCXsGCggWw": 0.6, "BOZywMwhEIM": 1.0, "Yh0V68c1ybw": 0.8, "4c43WKFcn4c": 0.6, "5U9I7QrpSkk": 0.6, "c-PfqVlBUuQ": 0.8, "MKv8XsP3huI": 0.8, "7w_AT2sHBss": 0.4, "kZnBpmZXBms": 0.6, "PjcNjEFtUSg": 1.0, "_rnKWUHi7_A": 0.4, "Cqs2F-lpGrA": 1.0, "EPOcxNMzNhc": 1.0, "drjhfrRFoeA": 0.4, "-IqXOsikgVg": 0.6, "xEYInUvLalQ": 0.6, "Oph4fcJmPBk": 0.6, "44e-Y08_B-0": 0.4, "uxJyPsmEask": 0.2, "mBbjL3Ktn_c": 0.0, "RyeDBZaxFa8": 0.6, "694TX2lQ7Uo": 0.2, "7geyX1Er1zs": 1.0, "l9b5jym0ig8": 0.6, "iZVWAfmRELE": 0.4, "HHA0HRjDgc8": 0.2, "qFTcch4BOgg": 0.0, "vAO47Lz9kxQ": 0.6, "38eCsBwh344": 0.6, "r-m27SZUFj0": 0.2, "2j65DpagyhI": 0.6, "qq0ar8_9FSM": 0.2, "XEEU1nQeGNA": 0.6, "1dc1eKHgy_o": 0.6, "3RnT8kVXbHA": 0.6, "6uLBrg6ai0c": 0.2, "u06rDf-kUt0": 0.4, "e8374g64kCE": 0.6, "YGmX6m78zDM": 0.6, "SaENQKoFHiQ": 0.6, "k7KgP_jPDwU": 0.8, "3Es9d1aYEHY": 0.6, "rCwn1NTK-50": 1.0, "UwY67LYzH7Q": 0.6, "5YB748GUPIc": 0.2, "LLrTPrp-fW8": 0.6, "4X4MwbVf5OA": 0.6, "T1Scd0rNt-s": 0.6, "G7kYu0U-O9g": 1.0, "XWzNExv2nA0": 1.0, "lPuWWADcUbY": 1.0, "V44DI0ZP8Cg": 0.2, "iKQH9wQaviw": 0.4, "ue5tV4SDldU": 1.0, "Ejf8lk9nYH4": 0.0, "F0WaSy5jNLg": 1.0, "UVYUCU8XSLE": 0.8, "B3NGN4t4hm4": 0.6, "YKD1XHDTJNs": 0.2, "8Z9hWVZ_BiM": 0.4, "7pi6BtYXD1w": 0.8, "Ytz3ljpYwIo": 0.4, "D5GBWernLHE": 0.0, "r1D1jI61ckY": 0.2, "aySEdLaEDc8": 0.6, "Ol7x46IpMTQ": 0.8, "hQmqe4Esq_A": 0.4, "r0m0tP0nR_0": 0.6, "2RHEjneBRak": 0.4, "bdHSIquSHMw": 0.8, "0sNFdX66Pyo": 0.6, "Bl6PZDkaT1I": 0.4, "lsmmgFxI0Jc": 0.6, "dA_aAcfA9Es": 1.0, "JCHm9BeCSlo": 0.4, "ud8p5t2sXOo": 0.2, "ofTqo8j-k8s": 0.8, "moPBR6os8Z0": 1.0, "Vz5DXIezqr4": 1.0, "ZUJudM0jSPA": 0.8, "7bzk_XrXroI": 0.8, "Ei6JvK0W60I": 0.2, "-2L1zQkJ8UA": 0.6, "WxgBXJM6zJ8": 0.4, "miC1VZ9UVCQ": 0.8, "uAgxZ-l5pY8": 0.2, "sdzPp7V21fI": 0.2, "teHGVlPT3qA": 0.4, "pbdzMLk9wHQ": 0.4, "W6nouIb9BnQ": 0.8, "Pu5JppruFGI": 0.4, "uykVxooNL70": 0.6, "-0wp-TLmP0A": 0.8, "C7kmm16PoDY": 1.0, "KT_155-ROy0": 0.2, "Gd3RBgp0CLU": 0.2, "alOOJiRRuz8": 0.0, "RGQf9dn0pDk": 0.8, "nVa4mlFZEmM": 0.8, "WREXBUZBrS8": 0.8, "vWv-RMV2nOE": 0.0, "iYhCn0jf46U": 0.2, "l6i-gYRAwM0": 0.8, "Uq3NsDX4Clo": 0.2, "7vMVNA8PY7A": 0.6, "0xYchV3KaVg": 0.2, "hyPKPXZvJ2E": 0.2, "_6rj5jisB7g": 0.8, "kHFnc_eV4Lg": 0.2, "WfMVC2BOFSw": 1.0, "vVaSYcRnxRQ": 0.2, "M2IpET_ydUg": 0.8, "msMehuZo3x8": 0.4, "sSVsUsbs1eE": 0.0, "-1yXdOufzKE": 1.0, "1CxQW3bzIss": 0.4, "z1rCMzkbhmc": 0.4, "OkT_d2OTgv0": 0.8, "YW-XHa3Q2cs": 0.6, "KwSurazWkh4": 0.0, "sbFmK4zZ9Ys": 0.8, "rZMkBHI0uR0": 0.4, "0yQK36sOlgk": 0.6, "Vxd9W0RVgFY": 1.0, "hHxE2wdegms": 0.4, "qQYz0I5dE_A": 0.8, "n-XABtUQFNw": 0.2, "OgzDWlmyyYA": 0.6, "iMfTHHLbj5g": 0.8, "51t7y5UyVaE": 0.4, "7VCYBtx6h4g": 0.8, "bTwWShYxcoU": 0.4, "MXiJBp7HK5o": 0.8, "UUJd2Ptfr4A": 0.2, "jHbCL__KKw4": 0.4, "UTQinvFuX3M": 0.4, "rHaRhKOcr2M": 0.2, "8N9gSS_HRcE": 0.2, "w-lOJDXt7ag": 0.8, "Z8yW5cyXXRc": 0.4, "Tx4SBSV9KVY": 0.8, "5I7VtzGcgtk": 0.4, "dMgiG6EmTfE": 0.4, "-KSKkmypTZM": 0.6, "K4wLg5g1xPw": 0.6, "isvfvNmoPYU": 0.4, "v4gitDm3byQ": 0.6, "womx9GYLVD0": 0.6, "8795zWhHjJs": 0.4, "pTdXVmgC3us": 0.2, "33D5iccLDK0": 1.0, "8sjUcp0UQI0": 0.6, "WSDvRkmTNA4": 0.4, "oirB6r0PySE": 0.0, "Vq8LsV8heLc": 0.6, "LOjETlSufwo": 0.4, "MOBdTP9ZB-I": 0.6, "qLIW8JWk1RI": 0.2, "RxqXF9ePllU": 1.0, "o1tZ2QN33SI": 0.6, "Dip_ThFvjKI": 0.8, "vYGvoUNw-Rk": 0.6, "YlKDu_XtG_I": 0.6, "F8bXFTHPK_0": 0.4, "vPcjTefW_Ao": 0.8, "P-i6PlKdMug": 0.2, "C6d4o6hxZOY": 0.6, "tkxpzXqE5ZU": 0.0, "Y_7WgXAlLFg": 0.8, "VXyA7bZLoCw": 0.6, "N-nfMbFKC0s": 0.4, "EwrgDhck57E": 0.8, "Spb0bo3IT0I": 0.6, "-XzQcpcgCKY": 0.8, "fvc2to0bQLc": 0.2, "ZnbMEkpBs48": 0.4, "By0S8NpLPH4": 0.6, "9n0w7F5hGYM": 0.6, "JbsJPO-ZreM": 0.6, "A01uRcmyuWc": 0.4, "OFYSUPlZmcg": 0.4, "oF--p4Dkv_Q": 0.6, "CkF1rck0hIc": 0.4, "YqKMI05XHFk": 0.4, "MfzNEmqeIWo": 0.6, "BtKw7V7hGok": 0.6, "sXlmF3eI9R0": 0.8, "dpzu3HM2CIo": 0.8, "2uT9fjUmm-M": 0.2, "Y5Io2bdZP1A": 0.6, "P1T_Kk0cWLk": 0.6, "j70ha1PUlqk": 0.6, "FxoNbut0vqQ": 0.8, "ArTzPA5AsTg": 0.6, "95QcBNJN984": 0.6, "WX3N0Rr-q-E": 1.0, "iYpxxHQrP_Y": 0.6, "DRQJ7_TXAPE": 0.75, "ujEqAi6-VGo": 0.6, "CxvChSSLXVk": 0.2, "D3J7R6WBJJc": 0.4, "FZA37-7bw6o": 0.8, "mcEV4TeUxRY": 0.8, "yH7BaQEguYs": 0.4, "sRv9_Q3HOmg": 1.0, "-AmKP9VE2Ms": 0.2, "tE2JZ5eQnUE": 0.4, "u1OmpTPffQc": 0.4, "IQovoot_ZUM": 0.6, "JqNjeNeJzuA": 0.6, "iTUUWOV4Vns": 0.6, "Cx_5i5rWVE0": 0.6, "R50jeoI8K0w": 1.0, "TdrE1VMxzoE": 0.8, "3wC7XjH-pTQ": 0.6, "nQCDPCKoKhw": 0.2, "HyRMsv3aEkM": 0.0, "r_X5C6e3ZeY": 0.8, "Lvd5gy1Xqps": 0.6, "iyi67AJhB74": 0.4, "WEJJUGJZxpU": 0.6, "5fHG8U96EZA": 0.8, "wrAiclq3dw8": 0.8, "zvydETA5cYw": 1.0, "VbHw6bnVc5Y": 0.2, "ROmhkfzXNko": 0.4, "1xGroEzJgYs": 0.2, "HssUnxcw9wQ": 0.6, "G7BQHahjL3U": 0.4, "yeL--HO5-EM": 0.2, "bwz98athxQ8": 0.8, "zx_cmAIyaDQ": 0.4, "PccOSTr-qvA": 0.4, "1GvKSd5g8eA": 0.0, "qdHd735ZGg4": 0.4, "HEb04FxT0sg": 0.0, "fqiqW-QiySk": 0.6, "_ZILy1qRZTU": 0.6, "-ijH3cRJ1BY": 0.6, "eH4DkWxoVT0": 1.0, "8oE5guoix3w": 0.2, "pzJCbdgf6hs": 0.6, "TnHydQ94Z_Y": 0.8, "3LJvV4dHtHA": 0.0, "qGVleYQkSyM": 0.2, "MhWRyh6ymiM": 0.8, "ck14LKBI9GM": 0.4, "rZNiP2ufp_Q": 0.6, "htCL8zVxvQI": 0.0, "eCSBRIkS2mI": 0.6, "YD7ya_NssNM": 0.8, "zFSs4LlRW9E": 0.8, "-VmCOAGhHkM": 0.4, "HaYFeUhyQ9M": 0.8, "aumsEbfWnjk": 0.6, "JinBKqSCSac": 0.6, "0-U4Yr9UNBo": 0.8, "GZ3x1tMre50": 0.8, "mMM3Yhro508": 0.4, "rOc16tTA0sw": 0.6, "G01psD8GU-M": 0.8, "Dzu_bpCcfuA": 0.4, "XwvKXU8Tnx0": 0.8, "DMA4o6zqw58": 0.8, "PoUfNATA7R8": 1.0, "6HF7pSdZaNE": 1.0, "mQDit9-z1Xw": 0.4, "vVkFT2yjk0A": 0.6, "OfTObl7qgjM": 0.8, "U7pdH1cVbyY": 1.0, "_krbxXawoAU": 0.2, "HNbyvCB3ncI": 0.4, "wN0G9qdMDYI": 0.4, "6xy_lt-Z5b0": 1.0, "Rzu6zeLSWq8": 0.4, "OsN3-29ijIQ": 0.6, "D93S3UVU8pk": 0.8, "wJhU1BLVezw": 0.4, "bAImHu2qNEM": 1.0, "ujpmTe8PZUs": 0.4, "ks9vBiL4SkA": 0.8, "b8TC7zxvWBs": 0.4, "j1U3s8TVACA": 0.4, "zuX6Qknahkg": 0.4, "iN9hRCxwxBQ": 0.6, "5JuVHCJVYf4": 0.6, "EkMtaZ6coK4": 0.6, "VT9XM1SSkv0": 0.2, "58ldzvk0t50": 0.4, "eWHF6rmt1WE": 0.8, "h8Ek3v1RBEU": 0.8, "-rYZwYEpCds": 0.0, "Mkq_1O2iNHg": 0.8, "FvQ26Ik11JE": 0.6, "kRyEpJaHn8U": 0.6, "sWS0GVOQPs0": 0.2, "aEK37MBTUPk": 0.6, "GHJrXqAKR78": 0.6, "0A_35Z4eQfg": 1.0, "-lmw0d6S6jU": 0.6, "cyVzjoj96vs": 0.6, "AhZo0QfFO9E": 0.4, "FsW2QM2oLy4": 0.8, "tAnlcW_ILyw": 0.8, "7fF8uIRdfYE": 0.0, "DyMtcblMXfM": 0.2, "eke4s0erdgs": 0.8, "gKqqoQ0ug-Y": 0.0, "29dlGyKAySY": 0.6, "fiMdhT67xqA": 0.2, "8KuQ3nhpctA": 0.6, "e3_OV5oODj8": 1.0, "IvwkyXwn8vY": 0.8, "TszuuF7cbac": 0.8, "wIdpxZnD_eA": 0.4, "X72GUu9V0aw": 0.6, "-NGPwtXywLk": 0.4, "Oh4COhEGRCU": 0.6, "ZN_sDtN9wH8": 0.4, "bggFBWn7YoI": 0.6, "K8ddz3Bu4KI": 0.8, "yu9sWjnJFHU": 0.4, "NgMr2lyh4k8": 0.4, "FDwlgxqaOiU": 0.4, "jnvgq8STMGM": 0.4, "7T3J4n_PJaI": 0.4, "HLbNXOJ9nN4": 0.6, "gXlDStpJVhM": 0.8, "doSdHnKNtRc": 0.0, "FFsL8JBVWm4": 0.8, "ltqssfzVyrw": 0.4, "-W3yiAPR6g4": 0.8, "VEmQEFCBp2c": 0.8, "Sia6jCXUraM": 0.2, "Vn2ZyRUZ4-s": 0.2, "t_3oIy5jAG0": 0.8, "1bRja3o3Sro": 0.8, "6HNKqffU3Cc": 0.4, "L8RP9Hxw34Q": 0.6, "pNTu9RjThRM": 0.8, "6kkeGgRG-uE": 0.6, "7DZao4kN73M": 0.8, "nZjQ0H_jpsU": 0.2, "0rFt8QE4lkQ": 0.4, "XHPamIfsT7k": 1.0, "YN_eu8Jk50o": 0.8, "dWgLVUmW0Cc": 0.2, "6AOvnPY_d-U": 0.2, "GvzEX7uBXKY": 0.4, "vQYStgWhejA": 0.4, "-GXvYexMoZY": 1.0, "taMDXh7yBIA": 1.0, "vyeTdmBn_x0": 0.8, "BEoqmJ_6DVE": 0.6, "E7QpcewlSqI": 0.4, "6Obj5eoSpu8": 1.0, "Bw0KIjIfprU": 0.0, "dHyPPvksUTs": 0.2, "Evnaic2jP7E": 0.6, "FlzMcscSa4A": 0.6, "xlb4SfKhsdM": 0.2, "AJYN5rdrZXo": 0.8, "3biYBKLNBe8": 1.0, "OJ0x_X0xXgU": 0.4, "naUzg6XAjM4": 0.0, "3UOGKO7tM34": 0.4, "2MwarUSvaLM": 0.2, "6xYCsZW07o4": 1.0, "5CaMUfxVJVQ": 0.4, "XYxUzUzCpqo": 0.6, "N2oL_gXECtg": 0.6, "IM-QYuzrXC0": 0.2, "8hDtBVP3U4Q": 0.4, "ohIH_EchYWU": 0.0, "FhjX5ld3_v0": 0.6, "vmfBkVQCd-M": 0.6, "VSdxqIBfEAw": 0.4, "omjMG1JU21s": 1.0, "_Zgi2KNtWVY": 0.4, "L90XMfzURqg": 0.8, "r3-JcET_Rzw": 0.8, "G3fXdPM0OrY": 0.4, "OhIEt5IN6GI": 0.4, "6tqO8iiP_70": 0.6, "Hi2RE2Em6Cw": 1.0, "hzkuTNxrqAM": 0.2, "sh6vqhOUX8Q": 0.8, "14xmGANmavI": 0.6, "5NYMRt59d78": 0.2, "yH3YLcQxxmA": 0.6, "Gw_a4iutD1Q": 0.4, "kZCbvpJ4O6c": 0.6, "QCk54X1xYVg": 0.0, "yr78_7Kip3Q": 0.0, "M7cUYVviK50": 0.6, "9dxua41fAgo": 0.6, "krxgYqVdOG0": 0.6, "RzDr18UYO18": 0.2, "92RWz0gr1z0": 0.0, "ewcsazvpxT0": 0.4, "VIfRqrSjJis": 0.4, "RH2clfEPxAU": 0.8, "KsLb51xLivk": 0.2, "UKn_7fyB5fw": 0.6, "Qq7c7hBXlek": 0.6, "50DKFO15np4": 1.0, "F6Q_47Odm1A": 1.0, "A1W6Ku5bJR4": 0.6, "zE9wNkE820w": 0.8, "QZVAX69ujEU": 0.4, "6uFQAqwbwSg": 1.0, "Plh9sAFEZJw": 0.4, "g6krjPi4Osc": 0.8, "WlNH9bzju8U": 0.8, "puDC_XSKRes": 0.6, "z2q7y50zxNU": 1.0, "wcIhCTi_HHY": 0.4, "OobrfR125uc": 0.8, "obHjzVSAJQY": 0.6, "SXQY3A2eJc8": 1.0, "H_WSu29W1CQ": 0.4, "yhkkrkgCNkI": 0.6, "pkpX7tU3vuo": 0.4, "fMxb-f3uTis": 0.4, "m82OKNwOeaU": 0.6, "mByznNYCWTY": 1.0, "OqiJOPXpksc": 0.0, "zryW3mGUsa0": 0.6, "BRMQ08cG4Xg": 0.6, "PmrTDZy3f2M": 0.8, "Hsufiso4mLo": 0.6, "Nmgice3ieZ4": 0.2, "-DFuMqROFCQ": 0.6, "RAxElNM-Dmg": 0.6, "4a5fS0F6LLA": 0.8, "lxlmA8Pr_iY": 0.4, "rkqehuUTQ_4": 1.0, "dvWGLcdI8o8": 0.6, "stbtl2Arkag": 1.0, "erhsuXTyDww": 0.4, "l7IP5SV6GqQ": 0.2, "3mqscqDcoEY": 0.2, "Jv5StAv77Dg": 0.2, "CO0qwl5k9R4": 0.2, "hX1S4U33IgI": 0.0, "oUMo1il7me4": 0.6, "JrOCJMcs7Z0": 0.0, "47ZZjEXcJ-U": 0.6, "kNLwH8AEa7Q": 0.4, "yEH4Yum4nN4": 1.0, "1QA9pvLiu_s": 0.6, "G2Sn8z6hkT0": 0.8, "sqLNG9VYUcY": 0.4, "_BZsIY6PUPU": 1.0, "N6h1SMjQEog": 0.8, "V68UXteyuFg": 0.6, "dx6z-vDgz_Y": 0.2, "v-gwjJ_NXKU": 0.8, "iQuTPEYg2ow": 0.0, "Fiyy3Gc5Mes": 0.4, "UEVa2swtC10": 0.4, "0OOz0ixr9MQ": 0.8, "XjfH8wJ0zqM": 0.6, "tbTHevlbdqQ": 0.2, "LnoumTpLMfk": 0.6, "YydYJoz36UU": 0.0, "XftGMT8qDtQ": 0.2, "PFbeP6YqHzg": 0.6, "VDut1RkQP_s": 0.4, "eEgMjH9bVgQ": 0.8, "KJfX0FuB1Dg": 0.4, "Z4FH6w_srFQ": 0.8, "6oJXL398aBU": 1.0, "dskwrtTt2wI": 0.6, "bWUIugV3AGc": 0.4, "jAF2hZxdFRE": 0.6, "8luSJxVswFw": 1.0, "R9ixmH48CF8": 0.4, "BnQMq5wtZcg": 0.2, "E-MRp96TgbQ": 0.2, "SYF_EP4tmaY": 0.2, "kHCDajKs17E": 0.6, "KjpVMX3wcJQ": 0.6, "cbtf1oyNg-8": 0.6, "TVETIivaXlU": 0.6, "u1QdH6ZgJ3M": 0.6, "-iJAbi92xeM": 0.4, "O8TgVKtRB28": 0.4, "m9j8v2jhGqk": 0.0, "e52TSXwj774": 0.4, "WkYnX_VCMP0": 0.8, "osB_PSneUik": 0.8, "csrPT9ClVUc": 0.6, "D5l-H3fj8Rw": 0.2, "dXJ8AzlsX8w": 0.4, "kCvF0GmiHq4": 1.0, "jIPE9QM6FeM": 1.0, "eX4MdXF3OWI": 0.2, "a9WB_PXjTBo": 0.2, "VicXmrGCnYA": 0.6, "dcTjsBMIRU0": 1.0, "bL6aaatfWQU": 0.4, "QR8A3T6sPzU": 0.2, "893HhPM_0ks": 0.6, "7aUTdYsZda8": 0.4, "z7CnMN3xi9w": 0.2, "GXhXsex8y9c": 0.6, "F9_Vz_xVjAU": 1.0, "MF12L_uIAzU": 1.0, "we3aNazTODs": 0.4, "F7hwvWIK1eM": 0.4, "sSPP0wQslQo": 0.4, "cbfDGMfXimA": 0.4, "opNPUpLEJic": 0.6, "Mq0K8Q1lMgo": 0.8, "SfAxUpeVhCg": 0.2, "UzNcixxdnZs": 0.8, "113mRmchumY": 0.4, "XwdUXS94yNk": 0.4, "Im77qklKzm0": 0.8, "qoxRKfaG36Y": 0.4, "peUxhH5TKtY": 0.8, "mucuLrWHGqc": 0.6, "OlZqBR3yTiw": 0.8, "mcpgGmo8_4o": 0.8, "MVLzkTuVmrw": 0.4, "axsqWbxZJGc": 0.4, "X9dyADHwK74": 0.8, "kxTo6d34mUM": 0.2, "vQgbLkJVgAU": 0.6, "fDoDUC9M0Sg": 0.8, "a_FEhbdChkI": 0.8, "RMqv_GlnyR4": 1.0, "7LF0CNb6-KA": 0.4, "LVeBHwRbXB0": 0.4, "FOiY8YMJ4Q0": 0.0, "KdRrP1Kh9TU": 0.6, "W3U_Vxmqn9Q": 0.6, "QFsXJGlShTo": 0.2, "_OEijvTi0NE": 0.2, "tqVrAFFovNM": 0.4, "v3m8zkjquYI": 0.2, "pM3gfiregSQ": 0.0, "3bY7aOx8WHk": 0.8, "IlN82YoEpNo": 0.4, "gm6TV-sg3zc": 1.0, "jTNrakZWppM": 0.4, "7jeYZCzg8uk": 0.0, "7LQpRQh2KSQ": 0.8, "R_sX8DNJHJg": 1.0, "2IJtQvaK9GE": 0.8, "YcD3HHmKT4I": 0.6, "wvmnRLFYIIU": 0.6, "zSWES5qtht8": 0.8, "3iOO3uerUJY": 1.0, "__kJ7HsL10Y": 0.2, "DZ0x58a_L4s": 1.0, "zftD8q7SnJg": 0.4, "vn6E0boDX3g": 0.0, "G9ZvxYcPJk8": 0.4, "YCejo7c6pBs": 0.2, "qzilmXQ0ReQ": 0.8, "8nMOcw70RX8": 0.8, "wM75ulDRkhI": 1.0, "UJFDaEE799M": 0.4, "2wNW481Y39A": 0.6, "wVheMazNeM4": 0.6, "WJiz3SD5g1M": 0.2, "dgTrzCMFg9c": 0.8, "rY8MhKBZadk": 0.2, "utjtqCgUDnE": 0.0, "eFYH9kMHiIg": 0.4, "XCrhZswcukk": 0.6, "e3fv8IbnhXw": 0.8, "pgheNRqftos": 0.6, "yjno-e4WMtE": 0.2, "Q81bsGI-JcY": 0.4, "xTCrs-wSacg": 0.0, "xgk4J8eLRSo": 0.0, "TEsp-IYQaOk": 0.0, "1jy3Ow_edZM": 0.4, "Fobc_Jnx0Zs": 1.0, "XJdi689BqKA": 0.6, "WfV45T0PXQA": 0.6, "Tt4odad9p8c": 0.8, "fsE0g-8CDQo": 0.2, "64RHWvy_SoI": 0.4, "_th7oVWjrXM": 0.4, "O2vBJt1iG60": 0.2, "qSvb7o7xrxg": 0.6, "_6MAkLJ79LE": 0.0, "skedzvviBWM": 1.0, "CzcxM6u7ey0": 0.4, "I0ZqXv8KsJc": 0.2, "HzFdDFhenk8": 1.0, "9qQAn-wmUDM": 0.8, "hmT0WGVjT4M": 0.6, "9iL8pGHgBjU": 0.8, "wiixrRgysks": 0.8, "8zTDbpxT8ZI": 0.4, "LmSmrSm235A": 0.6, "moWeryJjRNM": 1.0, "4Or2Tanfrtk": 0.6, "dhwKGg4mhiY": 0.8, "zXhfwbjSovs": 1.0, "mR9UgTWUELo": 0.0, "uEZBoUdS7f4": 1.0, "F02kgBHjBms": 0.6, "SswMzUWOiJg": 0.6, "3jx_NcuZXac": 0.8, "TyDl1yEVQ_I": 0.2, "HexTZbSIEII": 0.6, "LhGJvGhIzaw": 0.4, "prqaLhnNYIo": 0.6, "qPdSUywxbR8": 0.4, "9go38MgZ4w8": 0.4, "H-V7cOestUs": 0.6, "wF_LJfwFsE4": 0.6, "3nKGrlVvabQ": 0.2, "8AsihR-MCig": 0.4, "ib-Qiyklq-Q": 0.6, "WhfntLl6xx0": 0.2, "OfY4PyFM3uY": 0.6, "zeeBp2uqcKc": 0.2, "HnL-7x4n4d8": 0.6, "eob532iEpqk": 0.6, "qWr8_tsG0Oo": 0.8, "D3KsGTIeO7A": 0.0, "faAZo970RA4": 0.4, "qi7RgBU1nlE": 1.0, "Sfy8UYRhmpA": 0.6, "TfOumoFSs0k": 0.4, "GEVMkdScUZc": 0.8, "j28GvX5sFHg": 0.0, "yZdWPqpVbEk": 0.4, "08bkLusdaOQ": 0.4, "PXTagE7BtRU": 1.0, "NWug8UKCZxo": 0.2, "uVqSmJW7JFg": 0.0, "kI-e19z0Og8": 0.0, "vShYYeWlgbU": 0.8, "QqScHid0h-c": 0.6, "ENp3y6Sk8pk": 0.8, "1AIDh3-sGW0": 0.8, "1krJqn3smbI": 0.8, "tRnp4UPI-Qk": 0.8, "HRu7W935dyk": 0.6, "YfFlaavmqSU": 0.4, "3quMz-EAThw": 0.2, "Ht3HsVs9alo": 0.8, "8Bc0WjTT0Ps": 0.6, "yGVaArcV9BE": 0.2, "z4-O-tLsCDo": 0.4, "tevkM-vPqLY": 0.2, "NteAPGprDJk": 0.8, "xDrHWtN2-C0": 0.4, "hmXp5nrGSwQ": 0.4, "dQmK1CnwOUI": 0.4, "2-_qRS4Li7A": 0.8, "oal-vBFmnRk": 0.6, "uIVfcqanGEU": 0.2, "Ggg0bsUfLBk": 0.8, "SZ59-omEYgc": 0.4, "6FSOKnW9BLI": 0.4, "GINmvzOpfvc": 0.6, "tYysQOHTimo": 0.8, "cwRSIRBzg-c": 0.6, "Vuw5g1tBrvk": 1.0, "_T5FcBB9GIw": 1.0, "cp1DMQ-x33k": 0.8, "9PrskhcKEXs": 0.2, "L4t-fCKQCP4": 0.4, "d4gb13p2Vao": 0.2, "ckXUcAULF6Q": 0.8, "qjKMAolOf6E": 0.6, "Bkcz98qXUPo": 1.0, "28pbk_cQx-w": 0.2, "vEEWxUHKUZA": 0.4, "EEfdypNxAVU": 0.8, "_lDncgUwor4": 0.4, "bp67DsgTqSA": 0.4, "ut5qa3B9GEk": 0.4, "Bh3b6M4g8BA": 0.6, "vSROQRmdZJU": 0.4, "4IaDS9MpzH0": 0.2, "LQqyDj7RX6Y": 0.4, "nlpZRK2Yfd0": 1.0, "jjV91ZRqu-o": 0.6, "2k88FGifTFI": 0.4, "kH3JycOMCR0": 0.4, "8j2wmtOrzy0": 0.8, "C39GKOf9clo": 0.6, "Zk1LRs39xGE": 0.4, "Q5qZedMTkkE": 0.2, "111MTs7MGuw": 0.6, "dGfQgat7KiU": 0.2, "DED1fp04298": 0.0, "1QEYO2f77Qk": 0.2, "3zCtPnz-Bxk": 0.2, "z7HGLN8r84E": 0.2, "nfGldW3PnE8": 0.6, "EkcRPhF2gO0": 0.4, "0dwNyxycNqQ": 0.4, "QI3x6pEwmHk": 0.2, "vnOyMSEWNTs": 0.4, "8SVnrNaNv7A": 0.8, "T1rZ_GuLZ6s": 0.6, "oVngo_slWJ4": 0.6, "uww_MqZD1Tw": 1.0, "BEgmHJj7D2I": 0.2, "ROzC0-LD1P8": 0.6, "NvEC1qZuehI": 0.2, "YkruVmCZoJ8": 0.2, "FoGGDKV88Fg": 0.2, "e6o8PbAsGKA": 0.8, "LVZy1FIua2M": 0.8, "M5A2a56ALMc": 0.4, "RtETcsKfVo0": 1.0, "uqToVzu0iTc": 0.2, "SNgjU783Y8s": 0.6, "wnwEntgHyFI": 0.6, "IqlrxA2Atdg": 0.6, "KDLIl7eP1w8": 0.2, "QMqVijLB4z0": 0.4, "pDGxehBp3Ug": 0.0, "wJl8sIAZV-M": 0.8, "21ivbtgqJkg": 0.8, "b_L3jgr97FM": 0.8, "WikU5oIkL8c": 0.6, "MLk_dCtwJsY": 0.6, "Co1oj3o4tbE": 0.8, "V5JEThKxsc4": 0.4, "dY1ecfWT3GQ": 0.8, "eI6mIlHKrVY": 0.4, "oFGA1IFGMU4": 0.4, "CUCC8D0Pq_o": 0.6, "zB3JekAH9rc": 0.4, "DvpKouRTCx0": 1.0, "MTUyMzR6ucQ": 1.0, "EQobIUE1zTU": 0.4, "2UHi7m-oWgk": 0.8, "SEkGHaD7ldk": 0.0, "sgMl-iZ3tZM": 0.8, "iUP3PMLdoOs": 0.6, "Q4uSKvXEuZc": 0.75, "eI8YZdejPKg": 0.6, "j0BDwzN4viw": 0.8, "gSUMLpmLV4A": 0.6, "rn0lwGk4u9o": 0.8, "dZfkSAQWz9E": 0.8, "CRiC9iTnlNk": 1.0, "3wdaADBIoH8": 0.4, "RaFcbOBw8bI": 0.4, "hlDFpwZPWJY": 0.8, "1u28Z6RM-FY": 0.2, "obC8w93I5HA": 0.6, "U-VzZQGWOqA": 0.2, "_yl7YfEyK4Y": 0.2, "J5I_qRADxIo": 0.6, "tll-4WONtg0": 0.8, "TcOOfpf_YBk": 0.4, "NENrMgUl8JM": 0.8, "F_ivP4xqeZo": 0.4, "VU8k5iTim-I": 0.4, "Z76fSElJu8o": 0.8, "kC43BDxrNhI": 0.2, "apN1ptgguzg": 0.2, "O8vZjrvYIsI": 1.0, "lJu7oFtAeZs": 1.0, "azDtIqe-zzE": 0.4, "N_r349riLEE": 1.0, "Af1OxkFOK18": 0.4, "3LB9sKseRGg": 0.2, "EJxibzQfeBA": 0.4, "py5J2ucsK9Q": 0.4, "rFq7M1vUIgU": 0.2, "Y96zjf5AXUg": 0.6, "_RuQrkMzvf8": 1.0, "Owq4457dtXE": 0.2, "Snoxw4F6xp0": 0.4, "-D-jpc741rw": 0.4, "o3GksS6WGgY": 0.2, "fKTTV-E-aLs": 0.6, "NIsvor0ID_U": 0.8, "uhhcaN03tXs": 0.6, "idQhux3kqTw": 1.0, "1w1myYavVsE": 0.0, "rnBAIJ1mzqQ": 1.0, "EIv10asX7cc": 0.6, "8iXdsvgpwc8": 0.4, "2o1TA0PG6pA": 0.8, "2idFHFN1J9Y": 1.0, "tDIEpusrQyE": 0.8, "qbKXo9K59ZE": 0.6, "CjaChfeguhk": 0.6, "DdD89s1Xjtw": 0.8, "wKn5K5V7tRo": 0.4, "D0cyg74awpI": 0.2, "mSzGpC5Xihc": 1.0, "DFM4DSJHs5w": 0.8, "J0HKpQyhmcA": 0.2, "Pm4_Sj1L4b8": 0.6, "q8Zc3ilbkWE": 0.8, "WzQ6a2UKlGM": 0.4, "YG2nGaRCWjo": 0.6, "T8y7uf2LmkA": 0.6, "yZaOUpzq4Kw": 0.0, "zeGT4UArCdc": 0.6, "d_XTFjvvcnQ": 0.8, "NFg3HBMJyV4": 0.6, "U6xmeqm8k7Q": 0.2, "1iAzpTqRIgY": 0.8, "w5NH6qXvB9c": 0.6, "vtP-S9OS0o0": 0.2, "lNfPcMGneb0": 0.6, "zP3DcpSSH34": 0.2, "tWeE2-X7wn0": 0.2, "DYYy8_GCdn4": 0.4, "Rr6qaG8RlUk": 0.4, "2yO4-Oh-JP4": 0.8, "MQLMeywyy7g": 0.8, "h5LR-IZbbc0": 0.4, "wO7HQ4fNrpA": 0.4, "7vCet60rr_s": 0.6, "XE9DaSxwEr4": 0.6, "ffQf0ztguzs": 0.6, "g0MdXNmwxdo": 0.4, "Yr5ZWYRaAyw": 0.8, "QdwsaqwfK8s": 0.6, "9MepHcKOYeU": 0.6, "KtkfE_OWSzo": 0.8, "zR_-YIPP49U": 0.2, "ZbTCfuCnWCE": 0.8, "a0YTHkqtzOI": 0.0, "VoP0tAvHcGY": 0.2, "07i6PO1gP10": 0.0, "efstterUes4": 0.6, "DiZdqp85EfI": 0.8, "P03flnwV__0": 0.8, "VFYiqDh0UxE": 0.2, "rSTGOyDFPrU": 0.2, "XUDLLRI_jXo": 0.2, "e6Qhmdk4VNs": 0.2, "zeArvKw2Y-c": 0.2, "h61AVRe_Dd4": 0.0, "VZ9HkICDuOI": 0.8, "eJvwxDTlue8": 0.8, "cv157ZIInUk": 0.8, "uDBJ2ktSZpI": 0.2, "oSHtuXXbig4": 0.4, "idJvKQr7LWk": 0.4, "uGlYpkQfk_0": 1.0, "_I1UfeCH3SY": 1.0, "Om5zrGo1n6c": 0.8, "ql7uY36-LwA": 0.2, "DH2yYPyH0VY": 0.8, "98BIu9dpwHU": 0.8, "-UGQp9pfU_Q": 0.2, "5J58i_qbQxY": 0.6, "AhlpVjZxutw": 0.4, "w10a7OCsjzE": 0.2, "_VX6IOJtn7U": 0.0, "v3nD2ySQugQ": 0.4, "mkLjjgxy7hQ": 0.8, "zKQbsrRutvE": 0.2, "h7k2uwJmwxo": 0.4, "Q9aJBgPpgYY": 0.8, "MpiJtAgb918": 0.6, "7qRIx5t31zo": 0.4, "x8JRZDVq-Ho": 0.0, "MX3P_fcgtHM": 0.6, "CwpNQWrD8PY": 0.4, "Rbrea2OXbRo": 1.0, "Dlf1_vuIR4I": 0.8, "kte8Eij3TPQ": 0.4, "EjQ5Yw72xtA": 0.4, "rZBxVuTClUc": 0.6, "KDuLZeVfYcg": 0.2, "tsZUuI2bSG4": 0.6, "KGr_KFiCX4s": 0.6, "GhFGH3Rj_94": 0.6, "Hk2kUKrrxtE": 0.8, "V-GgoHaHz6s": 0.0, "MYSmij0407A": 0.6, "STVn3BmZXw0": 0.2, "u0DTlkN_E9c": 0.4, "CpnYLvVrA0g": 0.2, "y5trB-JyC54": 0.4, "lyknI5_Wcqs": 0.6, "a1gpOAYth8k": 0.4, "Ogf5gG3ORPk": 0.0, "oWdZEJW1vWY": 0.4, "Fj7kFvk-T7g": 0.8, "qCoReA4dNV0": 0.8, "fB9ERHjCzfI": 0.4, "uM0XeDzbULs": 0.8, "7iCXk67TIB0": 0.4, "elDrMzkUbHQ": 0.8, "l0fJnbuc1ig": 0.6, "daIrc6uBRkc": 0.8, "5tisdEErLHA": 0.4, "V_3H_Y5QUWw": 1.0, "tw-6rkZ1Cmw": 0.2, "99iAONlvpbw": 0.8, "mmePn5kPfh0": 0.4, "bqeGxMgVOHI": 0.4, "Cu-qFrFMc_w": 0.4, "S_bVfu9zpHw": 0.4, "vft5RNJ-U_4": 0.0, "7IcGYHU8WBo": 0.8, "TR7JApjgIGw": 0.6, "7T5jX_BNnb4": 0.4, "agI77DDECkY": 0.8, "hQokYC2-b2A": 0.4, "mm2lAWZ9Y5k": 0.2, "U9y9McTwNKE": 1.0, "mCVaLGPHqOI": 1.0, "Yh0nkoJgDM8": 0.6, "-usbQDfTIqE": 0.4, "D-ie_aFsfb8": 0.8, "4va3G-CNNUo": 0.6, "SDwxwvQEdPo": 0.0, "cLkiyNte_U8": 0.6, "vRYfouuHPvs": 0.4, "fdB79Gb1aVE": 0.6, "ZlCVwarmwJM": 1.0, "ivLmx6ixRRc": 0.6, "a5abtmwuo1s": 1.0, "Tbxq0IDqD04": 0.8, "HT666XwJR2s": 0.8, "kkiz1_d1GsA": 0.2, "iJgnAHEHBYI": 0.4, "15nAJorLmHY": 0.4, "UW4K0hKqLX8": 0.4, "f6cvgN0j_CY": 0.4, "iQnmoquHwaA": 0.6, "xzv8YzbhM98": 0.8, "Ih4VYnbm6Sw": 0.6, "KaxwXegbgug": 0.2, "3KyvlMJefR4": 0.6, "KVgijMlXMps": 0.8, "d6hllDE7VJg": 0.6, "l5tcxmnv8c8": 1.0, "iFNi5-hppUE": 0.6, "qiFQsxGUQOI": 0.6, "62Pitv-cm3s": 0.6, "FuKGC1djld0": 0.6, "xaZlPaj5SAg": 0.4, "eeVelhH-aIU": 0.2, "7ZvOqYVs2ao": 0.2, "KJegaxpGBQ0": 0.4, "yEnxF4sPmpA": 0.6, "tBxMpuiBO7Q": 0.4, "1q8ihgBaYog": 0.6, "i0NloNxh4xE": 0.4, "JY02BTJrrOc": 0.4, "P3IjDZWcsTE": 0.4, "hE3XQXd99iw": 0.6, "cBoD_zRfz_4": 0.4, "meW77mdWU7g": 0.8, "Lu8To4CwPfg": 0.4, "DEmA_QF30GI": 0.4, "Hy409bgKcgE": 0.8, "qBRG4RkE51Q": 0.4, "byPCI7Y4paw": 1.0, "yq17qH-zxKg": 0.2, "5hp2YS0GzCY": 0.8, "VHz30rlNHCc": 1.0, "6BB9MI_8bsE": 0.6, "YJeaO0trUoQ": 0.8, "BWTmYKKCmZk": 0.2, "FT7lLnd_DYE": 0.8, "L4zQ_q0fbmw": 0.6, "M7-KYW_FgqM": 0.2, "3vaDzDzRH_c": 0.6, "tTJDZ4Fl4sg": 0.4, "BDumsN1NCGg": 0.4, "rK4Bh_arF-E": 0.6, "lT8bG7XqnBw": 0.8, "JbxLsqJIdsk": 0.4, "9Id_r6pNsus": 0.4, "sRzh8uLA1tM": 0.4, "JTRJBpNTcHA": 0.2, "KfjQTkEVy3U": 0.8, "khDdRExFF-k": 0.6, "wuzlcAKPoDg": 0.6, "b_u5C749aKQ": 0.4, "RdPDrilMi_k": 0.4, "6ThU8dS1ItQ": 1.0, "KfUCkewOiBQ": 0.4, "YK2VZgJ4AoM": 0.2, "tSJXjRkCKvI": 0.4, "F-OgKyUuFfI": 0.8, "pV7-cwgRjL0": 0.8, "BpOvzGiheOM": 0.6, "0LcHFkXmCb8": 0.4, "8FYJKrHNeqI": 0.8, "hnI9nAIsSeA": 0.8, "EOxCl1P5r4k": 1.0, "SPc70pG-7tY": 0.6, "0xQ-HyzAgRk": 0.4, "YRpzk1oQ5jQ": 0.6, "6-BPFPwv8RQ": 0.6, "P_o1_li9FCI": 0.4, "KpqEGS7asds": 0.2, "jO3K0B3kLZs": 0.6, "enJbXlb4zqo": 0.4, "Q2TtdM4iI5k": 0.8, "IJKXCEXByp8": 0.8, "otR8V7rlnjA": 0.2, "dB2UJ5nV1VY": 0.2, "DPEJB-FCItk": 0.8, "6VEHt9cmtzI": 0.6, "-NGN4J6F_vI": 0.6, "CCBnUx5uMqE": 0.4, "92_2HbPjFdU": 0.8, "9VYLCP0JeIU": 0.8, "ZJXRdce_INo": 0.4, "Bw1Iwzst2bc": 0.6, "KnwxN24E2yY": 0.6, "Tjnddp_pOac": 0.8, "pcodyFKKdVM": 0.2, "Lt_OS54FFFE": 0.6, "U-AjA5VOZjc": 0.8, "XdOiF_qdQLI": 0.6, "eU17_kd-e4w": 1.0, "LSZPNwZex9s": 0.6, "jgnUqYSxflg": 0.8, "uA-_HGiV6eM": 1.0, "ueDjWG29Kwc": 0.4, "XVTo4y5e08k": 0.8, "iLsDZjIH7sE": 0.4, "TXKGIAdv0sE": 0.2, "R2QRUN_gO74": 0.8, "s0sbTLCLpgY": 0.4, "N0TY3_9-Oe4": 0.6, "jzj7STruKgQ": 0.2, "cYIN-b8qjmo": 0.6, "qKiQA5e-fPg": 0.4, "js6VqTldWi4": 0.4, "Q-0MP0Ql4II": 0.8, "hxW2qrzciIA": 0.6, "QhOXx3JRlMM": 0.2, "JWMM7HPeTHQ": 0.4, "uw08j-yOfcE": 0.8, "l0GS1EQ2470": 0.0, "GqKXkKplELU": 0.6, "8eA24a6ohjs": 0.6, "qaOvHKG0Tio": 0.8, "be8E-_ZR2-I": 0.2, "iyNQr8k622c": 0.4, "KFQXuCexTZs": 0.0, "Rk9a6BodzdM": 0.0, "dn7u5XvupSU": 0.8, "PJ-JBFXh2IU": 0.4, "97z8WZXrCCo": 0.8, "WLb8AwuZ7N8": 0.6, "OXD8gB2OkAg": 0.6, "sNBdU0PwWKU": 0.8, "JpVULjoF7uI": 0.8, "XLBfHyfSD5Q": 0.6, "LMPKVWN8NQk": 0.8, "I7CZuPiY-4o": 0.2, "awq90APEVgw": 0.4, "ctVKoj2jZLU": 0.2, "MixNh9L7G5M": 0.8, "Nu5VJMv8l3k": 0.0, "-kVhurg5b9U": 0.6, "Ln8_AUCIkAw": 0.8, "tCAY8YH0X7w": 0.0, "YdB4DJArCns": 0.8, "OGqfFQdSbIw": 0.6, "QUOqFV_v5po": 0.8, "E1GrfYVfxpY": 0.8, "YxhJD40NaMs": 0.8, "eOhRcauf7tU": 0.8, "GF1RZ2A1cq4": 0.2, "a3LUeeDwLXI": 0.4, "GvMbfC-Z8mc": 0.6, "Xu25lUDJZgY": 0.8, "RMEEpw0oh10": 0.6, "rskFaiDIEwA": 0.6, "79GTD0Q3-yI": 1.0, "CvZ3WwEEtPQ": 0.4, "OqHDg-DGWsM": 0.4, "b3F-20ld720": 0.2, "uoABty_zE00": 0.4, "xxYjJ341_Fg": 0.8, "i7GxI9aiiYE": 0.8, "rTJT3fVv1vU": 0.4, "f8T8eWBmls0": 0.4, "-UP6DuhIc4s": 1.0, "BR07oZC0QHU": 1.0, "9HzLLF64F3U": 0.6, "YkyTQP27H6s": 0.8, "DM58BGhJ6oo": 0.6, "TVqe8ieqz10": 0.8, "OWZ6xtVLmzA": 0.6, "0pGgRgTnMTA": 0.6, "tMe3WDmxBEI": 0.2, "7AVmI73va4g": 0.8, "0KIqDAijbS8": 0.6, "6mpS6V6Ucrk": 0.4, "5QLUr7zVBeY": 0.6, "rBPmG2lK1uY": 0.2, "42f8stXuFPQ": 0.2, "XXCvPwgx320": 0.8, "KS_6HHQ7jOA": 0.8, "MV-_bqt_ePM": 0.0, "VcaT_wRwmuw": 0.6, "e58Lr9oRHc4": 0.8, "8Suu84khNGY": 0.4, "KYd5XMs-nVM": 0.6, "lDUOmY80GhU": 0.6, "PbA1F8z_ppY": 0.4, "V32xhSMhCXE": 0.0, "ULL6DqJfdoE": 0.6, "jwM5_-2Z1JA": 0.2, "qfSVlybYNho": 0.4, "T_y3HfRGRek": 0.2, "mBwhdjaMfBA": 1.0, "Nv5eL4onluo": 0.2, "TLHP_DXmBcE": 0.8, "9mRCi5vxrA4": 0.2, "zl4lAX-hoqQ": 0.6, "FtnESCiZRnw": 0.2, "fQYvkhlhH4Q": 0.8, "Ccj7qX_NdJw": 0.6, "Zpa6ttwYENs": 0.2, "iZQbY4sVGDs": 0.8, "NySN_plfiNI": 0.6, "S_US6re0sHM": 0.2, "thNmEKUBG5g": 0.8, "UYy1GmJgFXA": 0.8, "SHdV_a_QAa8": 0.0, "5Ea5lKyWxGc": 0.6, "Tb-OVhtKsyA": 0.2, "TkHA2pf1gvc": 0.8, "qADLeOv4UfM": 1.0, "LEc-35QNaoM": 0.2, "zlulSyBI2aY": 1.0, "bKWTB682GdA": 0.2, "v9ilXA1bHg8": 0.8, "GM2C0fiZcp8": 0.2, "4ArXuQwjj7Q": 0.4, "dGef5vWiUow": 0.0, "QSgnWYlUtj4": 0.6, "3iHP5bBWFrw": 0.6, "NWlOtBV5zO0": 1.0, "b95oyhSd5ls": 0.8, "ou9AabR6_1w": 0.4, "h7y6iE0aB5s": 0.4, "iSsRWJdTlFw": 0.8, "qoWIPOXnGtM": 0.0, "fbiru-km-Ps": 0.4, "rIzbZndT79s": 0.0, "W-2MXzendwA": 0.8, "Q49CQwAmPIk": 0.8, "KE1myHdqlWM": 0.8, "q0rSbR80GQk": 0.4, "OYolmh5LDbU": 0.4, "4Krky4i6Xk8": 0.8, "nVyYWy4dgc8": 0.8, "FcVno8saeZY": 0.4, "3iH2jJLfR0o": 0.4, "dt8WKBM6Tjs": 0.4, "bYluhQEhyeE": 1.0, "tkUHLrFyaEk": 0.8, "q-xkGEW0dVA": 0.8, "KZEZ4-KxuL0": 0.2, "287EUNf3yAk": 0.8, "6dwjoUYvHs8": 0.0, "P8LARnyyJKI": 0.6, "-kwRrnS5vV4": 0.6, "6T2olgjnDWY": 0.4, "RErvLXHsKmg": 1.0, "iQ1-jSvxMJ0": 1.0, "pfxB5ut-KTs": 0.6, "LpjojQea7Lw": 0.8, "IiYRIhGnLiY": 0.4, "7Guufs3mdgg": 0.4, "yY7VmNv6ud8": 0.6, "UK9VU1aJvTI": 0.4, "hBwjS_4ow1Q": 0.8, "QKt7A_wsq_8": 0.2, "C6Ds54kVdlQ": 1.0, "yTLQBOlgkTg": 1.0, "BzNhTGHgdeo": 0.2, "3iv2NnAxVmM": 0.6, "WEv1DrfntZ4": 0.8, "E1KVn_XQlqA": 0.8, "c32CSBdhb-M": 0.6, "WExHEUYou8Y": 0.2, "IhdJkFH7K38": 0.8, "GqrhVFrDTd8": 0.4, "g0u0oEUcasU": 0.8, "VbVa0cPAJ1g": 0.4, "HypgcCT1r68": 0.6, "6kYqjTA_VEg": 0.4, "9y5CFRb0FyA": 0.0, "mfrZmzP2ZTU": 0.8, "wT4DR_ae_4o": 0.6, "EzW4d4QknOs": 0.0, "7Kb3rDbBWEI": 0.0, "_8n3VwG1xWA": 0.6, "jJ2yGIYMWwo": 0.4, "7QBgCfKfXqQ": 0.4, "SQNmOC7W7-A": 0.4, "bNGtPI3AQLo": 0.4, "8M-sAPobpfY": 0.6, "kPiC_fTPIbc": 0.6, "ljH1f7ESmUU": 0.0, "DkJ2tyCzyiA": 0.8, "sF0M_Rpv4Os": 0.8, "QtznmBe_T8w": 0.8, "qTz5jAn-XX8": 0.8, "4tqM0RSzQvM": 0.0, "fz5IRdFIpvA": 0.8, "KShkhIXdf1Y": 0.8, "a2E5J157hEo": 0.2, "H61Iw9OGQ-c": 0.4, "v5LjcaN0kuU": 0.6, "sjgLb0HJ3VE": 0.4, "Gn18qz-iVJI": 0.6, "0cP-qr1JUBI": 0.8, "pieK7b4KLL4": 0.2, "lVt0ZyO9ft4": 1.0, "LwDyMlfcxwM": 0.0, "hNhSBhJHBls": 0.8, "K_PWFs6tMpM": 0.6, "1USbTGYv9ZM": 0.8, "9u9tDUHwCio": 0.8, "jlXRengzZoc": 0.4, "Jy36yeOO4ts": 1.0, "3hb1pYdEuLE": 0.2, "Dv_yS_90D3k": 0.6, "m4ZEEaPyeG0": 0.8, "PUEI7mm8M7Q": 0.6, "d_MreRQ7_-w": 1.0, "e0vyx9sa99E": 0.6, "wczdECcwRw0": 0.8, "9WoM2bHfr48": 0.8, "_anNRzbAQQ8": 0.6, "AZMSAzZ76EU": 0.4, "2gHeBVyqJRo": 0.6, "pQO2VtV1PNg": 0.6, "y5Aj3mEvCa4": 0.8, "fHV2iN0TmMA": 0.6, "8EtGkNVD320": 1.0, "B8--HRraGck": 0.8, "LHt7msyiLsY": 0.8, "p0qYO0ZbdUo": 0.8, "CGb4s-Hix90": 1.0, "NK-oRUR3EY4": 0.8, "DoXRMooXv0c": 0.4, "2eXbSwaVcVs": 0.6, "K45m79fEyz8": 0.4, "XQ-NXWecM94": 0.4, "ttvHDYgEs94": 0.6, "14X98i8psts": 0.0, "rdcLg35QMs0": 0.2, "u_R5j1B_jOg": 0.2, "8BCIOFSym9s": 0.8, "9NYu9STVm-I": 0.0, "4tZKhJBLu_A": 0.6, "4hScgyXu_9c": 0.8, "JYu3LjgnT9s": 0.8, "m064aD_kH40": 0.8, "UTjDWkaR6ZQ": 0.2, "hIqC9IYMUOU": 0.8, "D5H1A7-6E_U": 0.4}