{"KONL05sae4E": 0.0, "VZ9lXgcYL50": 0.2, "Pzl86IjTpHI": 1.0, "XutXCTwwmYc": 0.0, "h6CcxJQq1x8": 1.0, "w22oOw3RIAk": 0.0, "XkgGZobFUq0": 0.0, "1KkVdbUr250": 0.0, "D-Q5mUes_8k": 0.0, "bqmzpwxDJ9s": 0.0, "mcP_f1UEQVo": 0.2, "-nYhixp7bXI": 1.0, "xtJqw--DGl8": 0.2, "qhbliUq0_r4": 0.2, "EIUSkKTUftU": 0.6, "QEDRDrV55q8": 0.6, "5AP5zQrJRIg": 0.0, "DlB4hFTAxOo": 0.4, "PsH4uuRT2w8": 0.4, "sPneQzqhh4g": 0.4, "G2wBnjtmmg8": 0.4, "TL4LEfRr1TI": 0.6, "QNh18bRw_0k": 0.6, "MX145Tu4MHY": 0.8, "i6O98o2FRHw": 0.4, "9IZ4CN-CTCM": 1.0, "5AuLkMBAFZg": 0.0, "-rMrkyMn-sY": 0.4, "iZIHSn1ILxs": 1.0, "w4kHmbZTvyI": 0.6, "e8iwjnN8j3A": 0.2, "-S0Azz85mlA": 0.6, "gm_n76Dsl0c": 1.0, "BhHONpmlxPc": 0.8, "g7xSwrdkOMM": 0.2, "dNjIpip6e3A": 0.2, "B-XHdkCsc5U": 0.8, "-wXjs6DXoeY": 1.0, "QXAYIYdvnys": 0.0, "hFYCjZvv8y4": 0.4, "7GKuZu9xkj0": 0.2, "r3idOGxm3FA": 0.6, "n1ClxdeiIUg": 0.0, "lfABnAS5i9Q": 0.8, "X6pyDwa3nGw": 0.0, "rBey5TrvoDw": 0.6, "mulAi7cno2Y": 0.8, "1jP4O7rEHQ8": 0.25, "-iKqr230U9M": 0.2, "wTfBWIJ8xQo": 0.6, "0tteHhYh9rU": 0.2, "z01w7kSkDbg": 0.4, "baicgyq5UQo": 0.8, "3zQ1lFaQBVc": 0.0, "P9LHzVEPodg": 0.2, "7jXUWe3MV_c": 0.2, "-u8ejR98KRE": 0.4, "xeo9mVnuuWo": 0.4, "LL0s6qOIGr8": 0.8, "-XidtaAetyQ": 0.0, "hy2rGDWgOu8": 0.2, "8zOgbkg6Akw": 0.2, "_wZSB0b9OCA": 1.0, "azJEx1URHsI": 0.2, "biEjueDCnqM": 0.0, "mh6vHoyBs58": 0.4, "ghex3MkcoJw": 1.0, "dUig9IAwggM": 0.8, "c6PPa6sg20E": 0.6, "HtYOm59fys8": 0.8, "2Zr7lY4WsFA": 1.0, "7nr-irGW9bw": 0.6, "xK9KHSYmDRQ": 0.0, "7oHsDGnZTcw": 0.2, "UU0SP91D9Js": 0.2, "DXvW6i1U_uc": 0.0, "1WlRcXIO5ik": 0.6, "onPZIVemXKQ": 0.0, "MTtCV_XSMi0": 0.0, "Pc5gHm8Po20": 0.4, "0A43tb18T8Y": 1.0, "VRrMu7B1L2I": 1.0, "7MJu_aWn1nI": 0.4, "QrnoERrXXAQ": 0.2, "NjFnoU0IJrE": 0.0, "Jtakqt3Jygk": 0.2, "-T7zyezBkuY": 0.6, "4jpmWTqKeW0": 0.2, "tr3dFSzh1yU": 0.6, "e01a4-ClcTs": 0.6, "VX5au0LOJp8": 1.0, "MsmxhpjYa5o": 0.0, "5ecTR_nQzkg": 0.0, "Gz-sC-vSIXk": 0.4, "ObdSno1uoQs": 0.2, "E4_ygnUilm4": 1.0, "7ks-zhWCA_Q": 0.0, "kfrZnIx2VFE": 0.8, "fi7G0RgqcxQ": 0.6, "GqnjzONrPiA": 0.25, "kTaCT8ZmdJA": 0.8, "bbEy98llGRU": 0.6, "YF5O6tHcxQU": 0.0, "jcH8WPds_qU": 0.6, "r5vgDdzJ_So": 1.0, "JuHMQ0QpH44": 0.8, "J3POpdFlxWE": 0.8, "zwY6acYYO3o": 0.8, "nazd-KgCjVI": 0.8, "V8YkHR9sOoA": 0.4, "7t2mi19DcmE": 0.0, "gm1uNgHw6Xo": 0.2, "PGkHLhnHEb0": 1.0, "xqbxlE1c3DY": 0.6, "_E3VBQa-nAU": 0.4, "PIi_RQU3skw": 0.8, "BRKbcWGkw1I": 0.4, "1ZnlWOojI3M": 0.8, "YRRBs71p7II": 0.4, "pnyo92tqh3g": 0.2, "UYTrnuXHces": 0.8, "RzFMm6I--zc": 0.0, "lrMD_z_FnNk": 0.2, "JOOfRE4m7PE": 1.0, "5doFzYPjl2U": 1.0, "6AR0xq6g5Uo": 0.0, "pXI340MQ2-o": 0.8, "X5vjQQXauD0": 0.6, "2v7lsnPvgtI": 0.0, "tjgtLSHhTPg": 0.4, "6IweE9qcQZ4": 0.0, "L4mP9pR-mzU": 1.0, "xhH2r3mKFeI": 1.0, "tLzfc7Ba12k": 0.0, "ub_a2t0ZfTs": 0.2, "Hqhn3eiNTr0": 0.6, "Bf_z_7B4Ifw": 0.8, "kUJjvwkcWcg": 1.0, "jqDrvC3E9kw": 0.6, "5Xwg7tQjXsk": 0.0, "q-dGW2ataZ8": 0.8, "wi-SZOU1S-s": 0.6, "0gjRzLqXijQ": 0.8, "D4pZN0wNuCI": 0.4, "Bp4tUXc5wZo": 0.2, "g0qawngQi6Q": 0.6, "6YEoYGArMas": 0.0, "-HWd3Nqu8_0": 0.2, "uHsLu6X1vys": 0.2, "ptbJZ9HBw2k": 0.0, "KKbRAazkiWc": 0.4, "qU5SVyxmW-k": 1.0, "iNDaTA3u6-g": 0.0, "Bp1KfEGUzZo": 0.8, "F-n-2itvI6M": 1.0, "BjWVEQGcjsU": 0.2, "5u95Zc7AbDM": 0.2, "jlLJR4xj9p0": 0.0, "9grrfloJCgc": 0.6, "3T_xq0U5D5Y": 0.2, "qbBLDBohgrY": 0.8, "gugjMmXQrDo": 0.2, "6GNGfse9ZK8": 0.2, "pLWpyBVx-Go": 0.0, "3KHSWaEamQc": 0.0, "kpjbhe5HJaE": 0.0, "iZW04_BdyG8": 0.0, "ILQq5hQhHYY": 0.2, "RpnCkBZVI6o": 0.2, "6h3G-lMZxjo": 0.0, "sch_WMjd6go": 0.6, "vLQGXHy5m6Y": 0.2, "eLhLqDUwPok": 0.6, "LwabxgoSGZY": 0.8, "9xGRii6IA1M": 0.2, "zkd5dJIVjgM": 1.0, "o3zD6HbcblA": 0.2, "ulECncwlNMQ": 1.0, "9Mj3mvkIyg8": 0.0, "7Ac2cZPOD00": 0.6, "PaXPMCoC6zA": 0.0, "vh_EwI8pjQU": 0.0, "hro4AdTYiTA": 0.6, "797j7LY1eb4": 0.6, "uS4e1_gW6Es": 0.6, "__uCQMKry3w": 0.0, "xM0rsYbAO_k": 0.4, "F7viKAPDmT0": 0.5, "kOSsIIxQ_dE": 0.2, "pkRfPx--R44": 1.0, "oRdpoJFPQjI": 0.0, "QN_UqvcynYw": 0.2, "EQtwo0xPvK4": 0.6, "KCmOB2L_djk": 0.6, "tojTf7I5H14": 0.2, "Gu6vmNz-PhE": 0.0, "MkpUGyWQlV0": 0.4, "D9_WzE28IwE": 0.0, "8IkS1oXvhVM": 0.4, "EZ5MxR80uYw": 0.2, "f_SwD7RveNE": 0.2, "VJwFUNHtCJQ": 0.8, "487-TyrRkfE": 0.8, "TCFnaU88FZM": 0.8, "bXL8QPWLbBo": 1.0, "B7g63DAr_i0": 0.2, "f1PNQwHZuJc": 0.4, "d2QNuDUTocE": 1.0, "QDCwAJ87CKU": 0.0, "VWPlZSL9ZMc": 0.6, "OWOBAD4OKwA": 0.0, "HxznTayRCYQ": 1.0, "t5UjmHOl4pU": 0.6, "25x_OMYCYSg": 1.0, "qO2AXQXyb-E": 0.0, "4naT8ckkj5Y": 0.2, "y7ROJjWS2L0": 0.2, "oRValgHDvxE": 0.0, "BJDPKBNuqzE": 0.2, "MBpIkIyxdJ8": 0.0, "b-CJNGx_Q0A": 0.6, "wFl4N4PXlkU": 0.6, "G1kkx2m-JSg": 0.0, "tO0L-7lkhPM": 0.0, "qQYe6KGAJ5E": 0.0, "gqkNPcUMffU": 0.2, "obdd31Q9PqA": 0.8, "2nwRiuh1Cug": 0.0, "D_Uhig7L22c": 0.0, "b-j7H71q3jE": 0.0, "4oVEQgP0MZc": 0.6, "ZzdpNfkh8_0": 0.6, "gJHxTUHrgdw": 0.2, "UzPq0hDdDhs": 0.8, "453ei_1PbPE": 0.0, "rm6d2oy8GRk": 1.0, "ws3PcFqBLdQ": 0.2, "geMg2QxNml8": 0.8, "DWUE-aWnL8Y": 0.4, "pOEAvEklvNA": 1.0, "TYWMe7cTsRs": 0.2, "ZOJCmPKaYN8": 1.0, "ZVrXyDjHaWI": 0.2, "g6QJybQBjyM": 0.6, "Cq96VAnp7r8": 0.6, "yfp2Bg6iUdY": 0.6, "LVrQmgihkQI": 0.8, "pLKxTSqCVUo": 0.8, "aKtMe8nFFq8": 1.0, "LkD1bNmp0ew": 0.4, "CJERLygAda0": 0.0, "0B79RkBxSgU": 0.6, "TsQXQGaasUg": 1.0, "YbKLOybMb30": 0.6, "2T-AxWMZBfU": 0.6, "esLy0y01fAc": 0.8, "yR0lWICH3rY": 1.0, "lLblbGzXQGY": 0.2, "YR5YJ3qzIx4": 0.6, "gYQbQmtA6IU": 0.8, "sm9uHf9sm6c": 0.8, "i02LUMkc268": 1.0, "EJtZiGb5nEU": 0.2, "_u0WOqjJTcg": 0.2, "oIFlHYXjcIU": 1.0, "2jaOd1v1B0Q": 0.6, "J-QipXhQM5M": 0.2, "7Cqz-S8Phv8": 0.4, "hm0BD1pP4gc": 0.0, "oLLbt0jyqDA": 1.0, "BntPVmeo7ro": 0.8, "Q4rR0BbTBPk": 0.8, "0QkZL3l1t-w": 0.0, "7XZKEK92JT4": 0.0, "I0dq4sTLcIc": 0.0, "SP8E6ouSiC0": 0.8, "81ymFnvpfDc": 0.0, "i9vXSX4htCk": 1.0, "YrtMUonPErU": 0.8, "j7OHG7tHrNM": 0.0, "kZV01QAcl20": 0.6, "INyo5ctzmGo": 0.2, "bfs8hVNvVik": 0.6, "KxmtYdEWVzo": 0.6, "nzHihXOiNqk": 1.0, "h6Hq_MOFJDA": 1.0, "Vjn2JKrlkcU": 0.4, "uwDDvP8Yssc": 0.4, "WZElUMthBPI": 0.2, "ZyGL6B7OH5A": 0.0, "XV-1XpGxhgo": 0.4, "XeK3VLmwatU": 0.6, "PySuLH7NAQg": 0.6, "zmI_uwjTuY0": 0.8, "EY4c2mh15Yk": 0.4, "2G0loI0Jn5M": 1.0, "56D1U2G_ueg": 0.0, "Yqz3eT_fzVY": 0.0, "RNBfP7ynZOo": 0.0, "qa3edsMzHkA": 0.4, "i8vDt5GUb-8": 0.4, "n_ERe9-EDSM": 0.0, "LS9Qt8pRSr0": 0.0, "gt0QF8-dTNw": 0.2, "5UzfYJ-mkzc": 0.0, "ngUrBm4G1aM": 0.4, "CceSRMmhv3w": 0.8, "Q285dYl2mZI": 0.4, "SpSMGxnpCmo": 0.0, "USggQ0Zv4yw": 0.2, "lDypBPyWiak": 0.6, "SJT2o0W9I00": 1.0, "3CJ-7R2g3NE": 0.0, "Muc87KlFb7I": 1.0, "wtaXjzQQGE8": 0.4, "xhVCOdS9mXo": 0.0, "I_WGI3y2jqM": 0.4, "5gKjLV2wKmg": 0.4, "QRmPD2nMnBc": 0.2, "XhoGR8emqE8": 0.0, "T36fK0A8ByI": 0.0, "othEK43gJHQ": 0.0, "brnHS-lmvyU": 0.0, "B9Tx6olI3l8": 0.4, "F6CGI3XkAiQ": 0.2, "hsvAj6qfmFQ": 0.8, "SsL9v1vuzAI": 0.4, "5o9Dp6D91fI": 0.2, "yl98-LC3fsU": 1.0, "znGQlB_e9KA": 0.8, "6L92MuJTJOk": 0.2, "em040d_x7xI": 0.0, "A5Rnnwk9jOA": 0.0, "BqS_gtuGPGQ": 0.0, "oYjwXjwvAv0": 1.0, "-aR3Gpsn4v4": 0.0, "V_DT-mg_3IA": 0.2, "NQFhPsQ_81U": 0.4, "Vf2rlIqGlqM": 0.6, "5R8euGTHBR8": 0.0, "bWKgzgGNi0E": 0.6, "VcSBO8YAnTQ": 0.6, "Z9Sw1hmjpz4": 0.2, "sLys8115YGo": 0.2, "Ta-fub2dbhI": 0.2, "zk5HsBQYUZw": 0.6, "NIB5fvxbWjg": 0.8, "pDISaoGsZZA": 0.8, "ViorVDgiiOg": 0.6, "0CXqEHMgiFg": 0.0, "F_-gmK5qRrY": 0.2, "xkt8L0NtSjA": 0.2, "y9LajlJjd4E": 0.4, "0gYBy1rECII": 0.0, "KbmJLVrFvuc": 0.0, "75F3CSZcCFs": 0.8, "Y7Q4uJ80fAY": 0.0, "fRtPDHtlf_A": 0.2, "E__fCHZkjKg": 0.6, "jA4DR4vEgrs": 0.2, "CPYUo0awFOc": 0.4, "YjzesjojNhA": 1.0, "5ukZqmjvAFA": 0.4, "kLOujBv-ZAI": 0.4, "p7pINSytVSc": 0.6, "A2VOu1UQeMM": 1.0, "GfUhExdNjK8": 1.0, "UIOdk3AhVA0": 0.0, "CupTwyj3JrI": 0.2, "C7WeZbRbxwg": 0.6, "bQ3nBSTpq4M": 0.6, "NpwdcmjBgNA": 0.4, "cXw2gm4yPEE": 0.8, "dJaLU0w5Do4": 0.6, "NcGhLcVqxf0": 0.2, "S3QH-ZriX7E": 0.0, "KyiV12WdJew": 1.0, "uba1Np4qhOo": 0.2, "IZrrEBD-KjY": 0.2, "Ao2PTDCiRxU": 0.2, "9gY0FB9qZJg": 0.0, "QCsd_reCiSI": 0.0, "rKUNJMrFeUs": 0.2, "xIJORBRpOPM": 0.2, "sxlyWieYZsE": 0.8, "OB6r2Wi0E98": 0.8, "E3Onos4Eq3Y": 0.0, "LPa_NGIIn0c": 0.8, "HKV0QuQsonk": 0.8, "dytCWrf92zc": 0.2, "lvBCvA1LE8o": 0.6, "udJtfSkRgbA": 0.2, "Nr-44GQ4_kA": 0.4, "eArp24v04tI": 0.2, "5lAf59TrJ4I": 0.8, "XxQyVD2dJYs": 1.0, "1Hi0skAwlHM": 0.4, "WNGSN_wDYw8": 0.4, "D1leFabPbPw": 0.4, "XaPXUR0rz_A": 0.2, "ryaUGJ9Oljg": 0.6, "90fRlMQTdSs": 0.8, "lRexthrDNi4": 0.6, "ApnyKv1GuNI": 0.2, "e4SQT8epHOc": 0.6, "47cAxRX3aDg": 1.0, "vONYT-5OVps": 0.2, "mqqFdXMySk4": 0.4, "lW_9SYaWAQg": 0.2, "hz8ul-gmLyA": 0.2, "7N9HoLhZGsU": 0.2, "_GBSwxyPuaE": 0.4, "OlAObmM8I2s": 0.8, "m97UWd2QuAI": 0.2, "4_IbqebS7hQ": 0.2, "n9tSN0178Us": 1.0, "8Ozc-h-29M0": 0.4, "_nufc37CHso": 0.2, "55BZ2gSsSmY": 0.2, "36CSS3UIzxk": 0.0, "1vtcf13zT08": 0.6, "z2vkIFMr2IE": 0.4, "a0BAU5rUQ-U": 1.0, "dUwUAWmA3rk": 0.8, "vfDXlgmKFyU": 0.8, "lk2B8988ws0": 0.6, "-U3LjDN8ErI": 0.6, "S71Jmw8FXm8": 0.6, "ThIrw_LpuRA": 0.4, "mJ-6clXHMEw": 0.8, "SILvPVVAhBo": 1.0, "DZRmcKX85so": 0.6, "QxafIhYFOr0": 0.8, "DJLDF6qZUX0": 0.8, "uVsTeLs4Tdo": 0.8, "lqmrQ6xPpHg": 0.4, "yfFs0o6pCxc": 0.2, "WypekECQUFE": 1.0, "FnJ645xph3o": 0.6, "WFNXwor69-U": 1.0, "AHEqtl6XtOc": 1.0, "AnUIod4tX98": 0.2, "rClJW9gnchc": 0.2, "woBi975eQs4": 0.0, "CXPgCq-EMk8": 0.0, "yjppalDAvOM": 0.2, "ZbUs0jeQATk": 1.0, "lVQsqs7xCb8": 0.0, "3pNGO5ppfQ8": 0.2, "QalnisJfHEw": 0.2, "b5HLsvwLPpQ": 0.6, "zl71eFcqBnQ": 0.0, "sjBPrJJ6qtU": 0.0, "njY94weLbJ8": 0.8, "_LmxXeKzbT8": 0.8, "jZ6HPyhlChw": 0.0, "qsueDj8nOM8": 0.6, "8VdG8eCxors": 0.4, "Bdegk_3T2K0": 0.2, "jZyzxpKY3EQ": 0.6, "0K8lrVjT6fM": 0.4, "9zFNmTwdjhc": 0.0, "Go9rf9GmYpM": 0.8, "BeougwoxuMg": 1.0, "xl3uLkAT_C8": 0.4, "lSYMX6PmT34": 0.6, "Ml54UuAoLSo": 0.8, "w0YjO1zVHgY": 0.6, "F0yNIR6IrCg": 0.8, "U5NMrprbsvY": 0.4, "d4rxwT7TwXg": 0.0, "onkxJLj0G7g": 0.0, "gerq4GpHpKw": 0.6, "7kxXVnAtnOQ": 0.4, "Xh9jAD1ofm4": 0.2, "J64QS4tE6ic": 1.0, "din6kkS5tgQ": 1.0, "rCzpKNwZAYo": 0.0, "40qofTTQJDU": 1.0, "J5MehrJECnA": 0.4, "tqYVWN0AUuo": 0.4, "pc9gcKjvzkE": 0.4, "xYA7AnVwejo": 1.0, "M5WhyVCEDN4": 0.6, "i2MhRCYkgbI": 0.2, "pg3zKfI-wqw": 0.8, "SaeJUCVEp2s": 0.2, "sNWrEsHw1tI": 0.0, "8-p0CxW87pg": 0.8, "c7nRTF2SowQ": 0.4, "82n1PX1hVEY": 0.6, "jPoM2o9kIBM": 0.0, "4u_Ed0Bh-s0": 0.8, "064ipuBiWDg": 0.2, "-gMjPezr8TY": 0.0, "_WJThbomts0": 0.4, "AtUBeFiWi8Q": 0.4, "4hnBp7x2QAE": 1.0, "BVWXKziczM8": 0.6, "fncOu6dp1IY": 0.4, "rHCLxSNz3P0": 0.0, "IOqTCaziZp0": 0.0, "8tEsxbCl21E": 0.8, "x09iroEd63Y": 0.4, "bE1EwcPQF8Q": 1.0, "SGxKhUuZ0Rc": 0.8, "jB_ZCX971aU": 0.4, "o3PI6HFK3Hk": 0.0, "rII8wTV7uy4": 1.0, "pM2OK_JaJ9I": 0.8, "snEIjWR4lQw": 0.2, "wcAXkD9DjD8": 0.8, "OAlyHUWjNjE": 0.2, "Sjl5_vDfiuM": 0.6, "b3Z5pAZe0E8": 0.2, "lvNmIZqU52g": 1.0, "jMqcA3wiKG0": 0.8, "h95-IL3C-Z8": 0.0, "YfkNEq1XioE": 0.0, "TusJ8HSLaUs": 1.0, "tudsOEsUYWU": 1.0, "vUF7ja9ehIs": 0.2, "3dnW8QJxHD0": 0.8, "xQd8KL87XqE": 1.0, "PcFtcoo0ic4": 0.8, "Ocd4NfC7Ltc": 0.4, "isPm79xTzM4": 0.6, "MNVqXKj-TrM": 0.2, "g4qWbtSCxtc": 0.2, "abLB7aTmnE4": 0.6, "5Oag8iBB7HE": 0.6, "u5kiz7GhJt0": 0.2, "1KPPtmE079M": 0.2, "DkcuzQRpVuE": 0.0, "PduXAn1cg1g": 0.4, "cCqaWIvJCpk": 0.2, "F0ZSXQCXX1A": 0.4, "hieKgQNQpMA": 0.6, "BwuzfOeYpBA": 0.0, "uLJhZEix5MY": 0.4, "rx4jEIZyTZU": 0.4, "wbtlv2cImxM": 0.8, "lCOcjWG6Ykc": 0.2, "JSd8CqBEbcY": 0.6, "JgaGXv1XnrA": 0.2, "vH2LsFcWOFY": 1.0, "ZUG9qYTJMsI": 1.0, "SzRUsI6Q25E": 1.0, "YLorRByRe0Q": 0.0, "iHwdQdwc_Tk": 1.0, "glPUjj0HIvw": 0.6, "10okyjMjlH8": 0.8, "aw0OZ7wZm6U": 0.6, "1Dp0aCWbQSE": 0.6, "uINFVM7TTdY": 0.4, "yA8b6286wMY": 0.6, "gEMUUL-Q7Io": 0.8, "M0LfLk9lLEg": 1.0, "kBX9-WUsMAg": 1.0, "_gXnfGIc1Tk": 0.6, "Vot3KDw2z3o": 0.6, "K44k9GTx6nc": 0.2, "Zpk2uauRdA8": 0.6, "1t1dgE25wEU": 0.0, "TeUcij3L9No": 0.0, "_WXDXoy9wrM": 0.0, "dgFsMuuX-NQ": 0.8, "O-9xmen--6k": 0.0, "WLU75lftzc8": 0.6, "GOhbZZy02lQ": 0.0, "bsdxZOsqG6U": 0.0, "gcbLmoYWMiU": 0.2, "yIkwq8keNBI": 0.4, "dmnR0XncYAU": 0.8, "fLCEd8xk1BE": 0.6, "g6vKa8Be3s8": 0.4, "2vWY-da-6wo": 0.8, "-2l-FdatcTI": 0.2, "HmZm8vNHBSU": 0.2, "U219eUIZ7Qo": 0.2, "9gspElv1yvc": 0.2, "2q_nYfSX8go": 0.8, "ML160wA9mME": 0.6, "WfTJL_h0XfY": 0.2, "WxG7LgQ2Sig": 0.8, "3_1LKqsFguE": 1.0, "aI20RX5j76w": 0.2, "_JQxLrPj1I4": 0.8, "dBVeiyPVWrU": 0.4, "v-S3iSqKs64": 0.2, "gQPN3UKQM-U": 0.2, "SXy6JElmgHU": 1.0, "j-QYIP7o2-A": 0.2, "wYj5o4kQsXs": 0.6, "yQxTNjQe0Xs": 0.8, "Rjbxuv62C7I": 0.6, "yRmiC-Y-b6g": 0.0, "vsrjiL1gV6I": 0.8, "xgO-u83Os_I": 0.6, "QweNsLesMrM": 0.2, "yICX_ZQ86Mw": 0.4, "Yu08_9FtfuE": 0.4, "GRKQJQIcn5o": 0.2, "2evNRe8LF_o": 0.8, "In5fvjwUi9k": 0.6, "V_gGAPOZbFA": 0.2, "JhmEARapxK4": 1.0, "IT_MbDpfOBE": 0.4, "c19HRM0x-lA": 1.0, "cvjQ_AduY0A": 0.0, "v7Q1giJOpxA": 0.6, "29GrCUTdu3A": 0.8, "VOv1IQCoBnQ": 0.6, "uwl_MuFbCXI": 0.2, "LHNvoqxPHKI": 0.4, "BGs8PDQmbLQ": 0.0, "cDzYgqkQ_lE": 0.8, "VPlxNhEc2lA": 0.8, "FHDKHKixKdY": 0.2, "mGs4CjeJiJQ": 0.2, "o_QWuyX8U18": 0.6, "BDj1fYlwR00": 1.0, "a3NQ7CA-8JY": 0.0, "68O0z6lssfE": 0.0, "HmRQvoMCfH4": 0.8, "2ULiauoHeeI": 1.0, "KmmGClZb8Mg": 0.2, "GdZxbmEHW7M": 0.2, "E_9N4hLL1lg": 1.0, "qRJl22anZkM": 0.8, "5hBqqxYcDN8": 0.8, "9woMDyfevso": 0.6, "bJZAvOefJiI": 0.8, "QDSL80ie8tc": 0.6, "FsofrMY5kbo": 0.2, "6ck7frxs-Uc": 0.2, "kfzqUsGMHE0": 0.2, "ZvEPYH7GRUM": 0.8, "oo5zwV6_yVs": 1.0, "HAIz-I58btE": 0.0, "xFnB0uK7PcQ": 0.0, "DLGac1KQbsU": 0.2, "JzaYcTPLWbE": 0.6, "v8DWf-rSHn0": 0.6, "B1Vcbm-XWtg": 1.0, "8EuTbKjanvQ": 0.4, "DV6X7POhdoo": 0.8, "u6Rhcv0APng": 0.6, "tSjkuMtiI28": 0.0, "H2EIsnr_cv4": 0.4, "2VgiVK_hOhM": 0.0, "ng8LHbaEsj8": 1.0, "rfTDkbIfMvA": 0.0, "06WUc7y8vak": 0.4, "E28I5oK9OHE": 0.8, "_KimnwIfhXc": 0.6, "uxieMOdo6IU": 0.4, "wY7Gvq0P4hc": 0.2, "5qUJhkQQaGE": 0.2, "FivFaqZrr4A": 0.6, "qrXvICGm-58": 1.0, "YKjnuR1ILfY": 0.0, "7Bbasf7qWxo": 1.0, "ALD72k9ZuJk": 0.4, "igqR7Pcxfmk": 0.4, "YC6YRjD3080": 0.0, "XkaWyrm8EQg": 0.0, "krhB_An8fT4": 0.6, "y5ejwRj9t1Q": 0.6, "uY3tZNrIstA": 0.4, "HAZ-wyCu8uE": 0.0, "Fr6FklMc6B0": 0.2, "5zjTJ4YPfDw": 1.0, "UWTDQ3nOT2c": 0.8, "80S3N-QnpZk": 0.6, "LjBIJGMum9A": 0.4, "qw6_5t8XfSk": 0.8, "cZTD62e566U": 0.2, "UKDWPYO0slE": 0.2, "nusZoYBbibo": 0.8, "Nfh92hKLO6c": 0.8, "NJEKqI1e714": 0.4, "1fqAvkpW5yY": 0.0, "lYKgRdBJ-vw": 0.6, "OL946vRUDJg": 0.6, "2vWIqW7Tnts": 0.4, "YVRVAZb4iHs": 0.0, "YoYF_RAm0nQ": 0.2, "w2DZN3NWefA": 0.4, "PIqEyF_t_QE": 0.0, "bEiXvISNID4": 0.8, "5DCow4J-pDE": 0.4, "Hs3Y5jQkuAk": 0.2, "uniqmkPeaZ4": 0.2, "kqinSvgeJQI": 0.6, "X96RjH8WC5o": 0.8, "TElqNU5ytVo": 0.4, "qRvAXsaHNkY": 0.2, "73wV6KlGm-A": 0.0, "l10LhdDwTZc": 0.6, "t_HrcY8AWhg": 0.6, "tDmBIYAVsos": 0.2, "ZMoO5eLmDBA": 0.6, "MHyRirkiazU": 0.2, "Nkk7SYkUbLQ": 0.6, "NWxwgL9_IdQ": 0.0, "2qS1ZSqwIgM": 0.8, "5hteeecX1oQ": 0.8, "uuZ1n7Kk0qM": 1.0, "17j5QzF3kqE": 0.2, "Svg-DvNARKE": 1.0, "o3AWcdWVqgk": 0.4, "_9rL1pPXblQ": 0.0, "ttw4abodSJE": 0.2, "l7HqwAleUQg": 0.0, "FVuNTiqHys0": 0.2, "_F0XLsyU1rY": 0.6, "WjBuFH4NPno": 0.0, "znzSrhKtPbc": 0.0, "ijtjoFaORy0": 0.6, "HHPzxa6znPU": 0.4, "K783SDTBKmg": 0.6, "OmrA8nOZF2Q": 0.0, "YWnUmpQhiOw": 0.8, "1XLyCDsKhGo": 0.2, "FVsgso273EE": 0.8, "88KNf0MtU14": 0.6, "ITyeI3YyYw8": 0.8, "39RQH0mpsVQ": 0.6, "aNN9nL2vppM": 0.8, "9kc6UYdC5nY": 0.0, "vukxkPTuVNI": 0.6, "psgJqcvkTuE": 0.0, "hNqwBTCslMw": 0.2, "O4OJoXKWTBk": 0.8, "TW9eDrgM3Xw": 0.0, "oh8-PifcIUQ": 0.8, "pQpQuGV_gMA": 0.4, "oVDf3PvWN04": 1.0, "yX-TZe8SeYk": 1.0, "V7g4e5m5aRc": 0.8, "6uhCxBk6cQE": 0.2, "d4m2LDCuADg": 0.4, "HpoEk8nlUyA": 0.4, "U7d1GJf2QJI": 0.4, "B0YOlACRlJM": 0.0, "19EW551nCS4": 0.8, "WLL67CN2hnw": 0.2, "jgC8y0ksrRg": 0.8, "GgiDBuBxl6w": 0.8, "yKY2O4KFmMU": 0.2, "qqpcBpSsj1A": 0.4, "ZJMGS7l0wT8": 1.0, "6PKAv5OPf40": 0.4, "xQkcQF8G-GM": 0.0, "pEoZbXB78NI": 0.6, "t06p60TPtjA": 0.0, "LJP1DphOWPs": 1.0, "Du1dnKppn-s": 0.0, "SlR_fwcU3MU": 0.8, "glzTAb58u2M": 0.8, "QHOaJSXr9HI": 0.4, "j_YJysHv3OM": 0.0, "2Md5lPyuvsk": 0.2, "X7ifDf6chNw": 0.0, "UNiGSf2Sy30": 0.2, "AR-Iz1fts5M": 0.6, "nOsdS5irjAo": 0.8, "0G7g9lw20l4": 0.4, "-F6tUN2j0Iw": 0.8, "EOyQfd7OqIY": 1.0, "QKXo9r6Kb5U": 0.6, "3mmu60CNl0Y": 0.8, "st7eMfykiVE": 0.4, "IvNkGm8mxiM": 0.2, "CTo5DfBtWkY": 0.4, "POGBdDSVybk": 1.0, "fwcYbo7pjto": 0.8, "7UjqLfjsfMk": 0.8, "Q3v-N8o3lc0": 1.0, "pvVNY2YC5zI": 1.0, "bGFyHV2vbwE": 0.6, "ASsZ-u9YV3c": 0.2, "eikcKu89fDs": 0.2, "rqp6S6qgVg8": 0.0, "tE9U4mMqKP4": 0.6, "z9Cym8YHP94": 0.8, "CNoivLvheUA": 0.0, "DG6fhub9HDQ": 1.0, "9qHdPhkSSNQ": 1.0, "tqn06X3AuFk": 0.6, "785YQKmgiTo": 0.4, "xtz2mdX0aEE": 0.6, "IdblOCGGeHM": 0.8, "7WbKzWdhx1o": 0.0, "ZDuxWGHA-Z4": 0.2, "p18n5FONuNI": 0.8, "5fq9iIxxA1s": 0.4, "lPDOh5ZifyM": 0.2, "IuUyMMXix8M": 0.6, "x5vtRQZmnwE": 0.2, "HHzchaDJJ70": 0.0, "0AgezPhuOdI": 0.2, "QuZ0kzdNWGo": 0.2, "NhsEmtSd8Mc": 0.4, "4ruCsnRmP4A": 0.6, "C0wsUlzMBro": 0.0, "DsjRBYJTGtw": 1.0, "R7JBDzuHVb4": 1.0, "Y3qYT60DSKQ": 1.0, "wZMZdQzoQgo": 0.8, "yYciCBZXg70": 0.0, "t9qdpPeqQfQ": 0.6, "78lnkMgee5k": 0.8, "d0uJxHWaq0k": 0.0, "nyOfJTi0jFw": 0.4, "qi6n_-wB154": 0.4, "14c5YOc0ZcU": 0.6, "uVzhtuuy0b8": 0.0, "bSyh4oPLXpU": 0.8, "43_vQdp2k_o": 0.4, "Qp6-A-t0LVM": 0.4, "O7jAhwbUfNE": 0.2, "yx5ZKZY8jX0": 0.8, "1shK-j_u6LI": 0.8, "r6GQEtUREWY": 0.2, "G9wSAb_EbkA": 0.0, "Unp24R9UdZE": 0.2, "_8enIDEKrzA": 0.8, "aNCk9O7FLwk": 0.0, "XvcdllFeFBY": 0.8, "bjBbFn6celE": 0.2, "SPCR1GBnSy8": 0.2, "yj9iEcOQDeo": 1.0, "OJVwWi9s4z4": 0.2, "cFPEoqZtbCY": 0.6, "kM-mQ1aTfs0": 0.2, "zN1id2dmH3o": 0.6, "w7cQRr5Yca8": 0.0, "Ry1X61Vf33U": 1.0, "2_Egqs-sYzg": 0.0, "I6COwgigJ-g": 0.2, "j2KZDg7giDk": 0.2, "Owywvqg5IOQ": 0.8, "WYsrlger-2A": 0.6, "3d5id_cwHUM": 0.2, "NwM0YG_uTS8": 0.0, "HAIWK9IXpHg": 0.0, "Lgitw016T44": 0.2, "1DHo8fYFsd0": 1.0, "BhYnz0JQKUo": 1.0, "B-xG3D8OMQk": 1.0, "M-XIMtd8ilM": 0.0, "w04xmH2SOLA": 0.6, "4Zv9vRz4QYM": 0.8, "oeYKFRV34kY": 0.2, "Kx48dmDB28U": 0.4, "JOJ01KXTw-A": 0.2, "PKvNCP76fvM": 0.2, "0ji_-OJlVbI": 0.8, "_XOa7zVqxA4": 0.2, "b2UUhm4edyc": 0.0, "Jg5--STf-iE": 0.2, "XLpQDBP20X0": 0.2, "dKj4PDldebc": 0.6, "sR7kyIxQ000": 0.6, "5Jfn-U6EGzU": 0.2, "mG4Di2nytAk": 0.2, "TCKVc-y3Uak": 0.2, "7QV-F7rlmtY": 0.0, "GXru4Q7Lgxo": 0.6, "aZSzMIFZT7Q": 0.8, "Bfd4wc4XChQ": 0.4, "Clu36dt2y88": 0.8, "KSRHLwYgLSM": 0.2, "ORHnJ1K6mGc": 0.6, "0lkHzmmSyAE": 0.8, "g4Verk1Bgow": 0.2, "p0LtpDFxHCQ": 0.2, "JK_NinOmFWw": 0.4, "26bw-hBiAAI": 0.2, "ZsFUqPYlYjQ": 0.2, "2S2VUCdbhg0": 0.8, "7DrFY3H-u8w": 0.4, "8iA2G4xlEpk": 0.6, "0ljPuSfPbSw": 0.8, "VhK5gJDmSc8": 0.0, "NnzBnGG8YRA": 0.0, "bRKqFFIw18w": 0.2, "fyakMTYNtns": 0.8, "MNjWQlr63i4": 0.0, "-V2r_9Um2Tw": 0.2, "gJGPsrTaGiw": 1.0, "dac6BZCv258": 0.8, "MWWTabHiV2E": 0.0, "kEhUA5OYm1M": 0.8, "AU1iq9rqYJ0": 0.8, "n4OAtMEXNfc": 0.4, "ieSzsh4hJWI": 0.8, "1lMxZNFripE": 0.4, "lN2fuKPDzHA": 0.4, "kQyAJv_Ordg": 0.4, "gEpfTicDVUE": 0.8, "eQL3EiJnXFU": 0.4, "brvGSr_BfQw": 0.0, "taW_SQIEeLk": 0.6, "ST0cR2-JcZ0": 0.8, "bzoE5dlxH2s": 0.6, "wKY4Qe1DjI0": 0.4, "nZH6YKmtQV8": 0.4, "YV8zGNe7Ebg": 0.8, "CDuxXjaJwbI": 0.6, "8qIS3rCrrE4": 1.0, "MWDwZWCfp64": 0.8, "tCl_yDquP9o": 0.8, "s2BwOMBlato": 0.8, "W7NgPvQZr7A": 0.2, "ItX7H66gsrQ": 0.8, "Pui78pskx24": 0.8, "PzYKsLch4GM": 0.8, "Y9yX02HwMVo": 0.0, "Fk6hyUyz0Ko": 0.8, "_IYJO-Ik7Pg": 1.0, "K5fn087Jk4I": 0.8, "7-OnEe-dauE": 1.0, "LMCGADFNDiQ": 0.8, "tpD4ZPamt68": 0.2, "sqxPcurgxUA": 0.6, "AvBKlBhfgPc": 0.0, "4Vn3mLIlqp4": 1.0, "jdpQir1sqiQ": 0.6, "o50_ZlMnjqY": 0.4, "solPCNc_0Ww": 0.0, "p9Y24MFOfFU": 0.4, "83_ceB0TsiY": 0.8, "Rh8GbPnoqCI": 0.4, "tpeEqt3kpKM": 0.4, "WGQdXUw2uSU": 0.0, "Z2ZxKWNbncE": 0.8, "g_AtNY0bYAA": 0.4, "9cLZQ_2ITLI": 0.2, "QLPyuFVKGak": 0.8, "x24tpUkfL5w": 0.0, "1SlSxuhLJVE": 0.8, "5DjgnckVwYE": 0.6, "W9yu66upJtE": 0.6, "axN-hs4slpY": 0.4, "iKdEbzF7xpk": 0.0, "36PqkY398U8": 0.2, "e-r7gp51KQU": 0.0, "KJXzkUH72cY": 0.2, "q1x2Df4yveo": 0.0, "AQ_XSHpIbZE": 0.2, "OvfU1NpCJQQ": 0.8, "WzTSE6kcLwY": 0.8, "TUftNzYgYrk": 0.0, "ycbHldRpo9k": 0.6, "4F-fzXW1xUM": 0.6, "rt_jK-veOs0": 0.6, "yD94CV7kLHE": 0.6, "qo9lEPZ_0ao": 0.0, "4FLEzXhWQ6g": 0.2, "XdA4OtR88bc": 0.6, "yVI7JelAzPc": 0.8, "4tA8wtLaui4": 0.2, "bg_zxsxyKyM": 0.6, "RZNFH-jH-eo": 0.2, "XqORbzbEfoM": 0.6, "sfluIhj8Ef4": 0.8, "OX98015fQFI": 1.0, "dxtVed45gVo": 0.2, "8uK-mCxVl84": 0.2, "82kYQ7j7X2s": 0.4, "_SsccRkLLzU": 0.2, "cTfmQht0AdE": 0.8, "MXCZVmQ74OA": 0.6, "wJukf4ifuKs": 0.2, "B4kwU1kjOV0": 0.6, "p5n2x0ox47w": 0.2, "r_dbSSQotZ0": 0.2, "b9zUN-9sNBI": 0.0, "MpTe49ha0lU": 0.2, "1pda__NOfts": 0.0, "4vGcH0Bk3hg": 0.0, "ftgxuNLVvVw": 1.0, "OowcDddCdwQ": 0.2, "9Qyb0fK6RJM": 0.6, "lzOe1J8pZB8": 0.0, "F-z_WSTjr7c": 0.0, "qV3PhvCf_Jg": 0.2, "fk3-cuv8q1M": 0.2, "kw03nalTAMQ": 0.8, "mqtY88BUi0M": 0.6, "z0nrVYvE0b8": 0.8, "n6sAGZ5F7Cc": 0.0, "Bqfow_TmNh4": 0.4, "fXT3Sma4-rg": 1.0, "pk2hJRVijm0": 0.0, "P0N5JcFqx4M": 0.4, "q8MLuni8rzc": 1.0, "KZMYWAW-5Js": 0.6, "dDTBnsqxZ3k": 0.2, "u-K6ymOtnzE": 0.8, "HIuSiteKQXA": 0.0, "BSaBDtpts4c": 1.0, "EtZWhm_5ojo": 1.0, "zcdDg30VBgo": 0.2, "cLqnbOhRovY": 0.2, "v8DZc2PUUq0": 0.6, "o3f8VgQ_dqk": 0.2, "_UU29bZjgz4": 0.2, "wICpMU9nvRo": 1.0, "syPqNTmupvY": 0.0, "o3MbbQhZfq4": 0.2, "W5N5Hlt7B2M": 0.0, "qnCnAwws_AQ": 0.2, "ivtk6VArFxc": 0.6, "xE7m2FRVmrM": 1.0, "_6n2tvHQHag": 1.0, "ew9cEATPzDE": 0.6, "kPtl2DGWzfc": 0.0, "A-taWymx1WI": 0.2, "dSEI_Iny_zc": 0.2, "rV9I-xX5AOg": 0.0, "wurSu_bJ97U": 0.2, "N55Xcid1eWg": 0.0, "x-2uWj8yv0M": 0.0, "_3tlUqHla3Y": 0.0, "4b9Ji7DvsjU": 0.2, "BrI7VRfqgo4": 0.8, "N6Ns-SpRQmU": 0.0, "ipdtwLlWNZQ": 0.0, "tKXxJ29HEiQ": 0.4, "plnNTqye4Qs": 0.6, "q5Mjz1RTfkU": 0.4, "S_JjGZYpy7I": 0.6, "BlfinjxFEYI": 1.0, "qpurHfNLY24": 1.0, "-B7oSp8hfF0": 0.2, "Rdz3fUiK4XY": 0.2, "xs9Qu7uiokw": 1.0, "AK88MQWsYj8": 0.8, "1De5_o_DXH0": 0.0, "0AHGLGQgAn8": 0.2, "wYCNYifjjgs": 0.0, "WlUvQkW4B1k": 0.8, "YAhMheigaZE": 0.0, "A8N1RZweP6U": 0.0, "e3hB3iOQKjY": 0.8, "kdr_8uvG9hM": 0.2, "tz25tcFSusc": 0.2, "pQCXMkfwZEw": 0.2, "TSRvY1kKebY": 0.6, "O7aSsaTqBCc": 0.4, "HjKRxa7ZyMs": 0.4, "U0Ezto8HG_8": 0.2, "-oHJDSE-MEU": 0.4, "JiOZ4Bz2d-Q": 1.0, "faTF8wpZ4gA": 0.4, "HdeX6CbeoKY": 0.0, "KyoBQk6Kp7o": 0.0, "INzp3nnp5P8": 0.8, "GmxUEy3pNCw": 1.0, "m9kAH2v9200": 0.2, "2j4RF6cx0SY": 0.2, "FxZ_Z-_j71I": 0.4, "TMN_cfCSFWw": 1.0, "X4GZfvXx9Js": 1.0, "6Zd6Z2-fjik": 0.75, "IL6UWPlf9EM": 0.4, "HJxkAcj9TKM": 0.2, "sM7MSXNmFpM": 0.4, "ZXXXTD2iKUU": 0.4, "HdG8LCHCGso": 0.4, "1MF4sCvkAAA": 0.0, "RNvmfmZqd9I": 0.4, "ckwJXpe7fQs": 0.2, "yw0UF606mqg": 0.2, "oYAbmJaztU4": 0.6, "Uj6G1C6c0uw": 0.4, "D0AoauuOY2w": 1.0, "XH3Xu1-cvII": 0.8, "7TxknbusTa8": 1.0, "kNP2lahOhvo": 1.0, "ZDVkPARmDkY": 0.2, "bB90Vkyqrts": 0.4, "IdL5stxwXws": 0.6, "HG8tqEUTlvs": 0.4, "sq9r50EYJh0": 0.6, "Sd4C8_FMdjA": 0.4, "bfBAf-Jg-aU": 1.0, "g2X9Q-Xre_Q": 0.0, "RpNLUFA34iw": 0.4, "dGcIUitNlGQ": 0.4, "z-zhHdk9dAU": 0.8, "IqhfGwnGNDg": 0.2, "CXO_zyozrHA": 0.8, "60ewmq3ui7A": 0.0, "oJbdSseA0C8": 0.2, "e4TXO49n0P8": 0.2, "B9oUpWCwiUc": 0.2, "zMIKBDwUcrQ": 0.0, "jJRQSsT34-8": 0.0, "bQRLVxZHKPs": 0.8, "tnJ8pPSEW6k": 0.8, "U3jgo5ea_zc": 0.4, "Ao0jaXRAarQ": 0.2, "BqjKUubsohs": 0.8, "oYcGSeXiUI8": 0.0, "7Ol2HYCnVbs": 0.6, "796KD4SNzwE": 0.4, "4sw1N05KW2I": 1.0, "NeXMxuNNlE8": 0.4, "WAeepKLHuF8": 1.0, "i3Nkujj45pk": 0.2, "UucLMljiDHg": 0.6, "3yieFIhdeJQ": 0.6, "tcYc33ughfQ": 0.4, "6jyAEqhfHTE": 0.8, "AEMK1O0BDqA": 0.2, "JkBNmBQb5qY": 0.0, "jRCTcUh-XOc": 0.4, "7iSA4FPLPv0": 0.6, "rw5arTc26-0": 1.0, "Ar7Fj1LzFp8": 0.8, "f1ZK7T5dezI": 1.0, "oAYn2lwc3Yo": 0.4, "W6gfvDxLlOQ": 1.0, "zKaIlT_lK1s": 1.0, "kKtDqM1H82w": 0.0, "Sw3tEcz2PK0": 0.8, "0P3A6V_sDSI": 0.2, "KKKOpKvk9Ok": 0.8, "KSZ4tSoumNk": 0.0, "L8HLt6ogZsg": 0.4, "jlT4kr0TmHY": 0.8, "4YHfAIdmIXw": 0.0, "Z_hwMtG2xCs": 0.8, "Sm_cJiDLQ74": 0.0, "jR7RYKPJBdo": 0.8, "um2ro-3T8A0": 0.2, "owZLdJIfPw4": 0.8, "Cclzg9ZiUG4": 0.4, "u91BucJ4MKE": 0.4, "ccWrbGEFgI8": 0.4, "G1cVbfyFdf0": 0.0, "rEtXkFmpsRk": 0.8, "oddWuCHBmzA": 0.8, "gbDtpeS0iaU": 0.8, "sQqCzJjev_8": 0.0, "jmNrvlQ73pU": 0.6, "7oWOTN4YyYc": 0.4, "jhFqSlvbKAM": 1.0, "aYNaRnZtYug": 0.2, "qc5dR5_QKo4": 1.0, "CYxU4ao-9WQ": 0.0, "LTunhRVyREU": 0.8, "i88Nmkosodc": 0.8, "4oxd-x44YYI": 0.0, "2IRWtukPJag": 0.0, "TM0uO6z3zsQ": 0.0, "wNjQishYOy0": 0.4, "LJ2iH57Fs3M": 0.2, "gHFqqIv8aqQ": 0.6, "zhdZcBsa-dk": 0.2, "u1PbLQ8nE5s": 0.0, "VueSBzrIh1o": 0.0, "aAYw69hU2Yc": 1.0, "P-boL9Olh-k": 0.0, "8g1K1iJb6MA": 0.0, "juDuVT2goxs": 0.8, "dX9GTUMh490": 0.2, "mP-Pb4L_hBc": 0.2, "9HppFNyqVOI": 0.4, "aTi6i0FZCfI": 0.6, "dI-xHMM8wXE": 0.4, "RZSkUTWZyeA": 0.6, "0hySFt8O11A": 0.2, "bRP1QMmfg-A": 0.8, "A0rP5UI0w24": 0.2, "TiWbtpX4jsI": 0.8, "9Lw-2ZGvyLw": 1.0, "HJJvbDeByGk": 1.0, "EKjWRiNXV00": 0.4, "czYixQFLbd4": 0.0, "VK4xZiHDXPI": 0.2, "Yowkv9zyaF4": 0.6, "SxgcPuY58Js": 0.8, "d8AEoNHSJZ0": 0.0, "T9BlI9nhqTE": 0.4, "O6NCUmac3aY": 0.6, "LI3KRcGEkZg": 0.8, "UVQIIyfUC-M": 0.0, "aAVFCH9x7Og": 0.4, "q1L60jfPgBM": 0.4, "6XRXBrcdtWg": 0.4, "pI_zfyJn5QU": 1.0, "fq9mw8wR-1Q": 0.2, "cDkZqT9IvYE": 0.4, "URwgy0J1ObI": 0.6, "7ifmgu23ofk": 0.0, "FfezfZPw-qk": 0.8, "7ClI2bp__Bs": 0.8, "RfCubGgMkms": 1.0, "xw1NIDFUdJI": 1.0, "v8vneqAgaRw": 0.4, "tLtschJxRy8": 0.8, "MeF134YMoS0": 0.2, "lCuLxqGd0go": 0.0, "GG_eFXMdX3Y": 0.0, "CPtRohwHMB4": 0.8, "9sz6xhPkGJ4": 0.4, "yf39vt0MKug": 1.0, "dlcbYh3IKVM": 0.0, "a05SWVIPdb8": 0.8, "4W6VxtNZjok": 1.0, "IRsUvDENjcY": 0.0, "4dpMzSTI4UM": 0.8, "BUpky0h5_PE": 0.0, "4FlwJwL6kdo": 0.8, "dcNrh8FL3vE": 1.0, "zgDqAfSvWEA": 0.6, "kj-SjwVsBDs": 0.0, "_8hk6XVNr_Y": 0.0, "lPdD8NvVfw0": 0.0, "56b09ZyLaWk": 0.4, "BemkXyTc81w": 0.6, "Bnb5iX9aunc": 0.0, "KTJ7BPvw-Co": 0.2, "RvUIbqKyppY": 1.0, "Z6JAg0zzI_A": 1.0, "Dz28sQc-1Mk": 0.4, "HgwvNhQ_YzQ": 0.2, "gclcnemDpZU": 1.0, "K1HaaiNUTCM": 0.8, "xqbebWU-0TI": 0.0, "jwTIa_2A9ZU": 0.8, "vJGh-7EKXhE": 0.6, "g0jv6M6rW7w": 0.8, "oLUPlTA9gsY": 0.4, "AmjUGJwu810": 0.0, "PDbTC-ZyE6M": 0.0, "Tuj8gy2ICU4": 0.2, "gMZM8MG6X1o": 0.8, "p111hxJYsVo": 0.4, "F4dQ0RchtJw": 0.8, "CFHpEF261Eg": 0.6, "M0mXUC0cUPg": 0.8, "ZD-de7HR3MA": 1.0, "Wwza_J8qCU8": 0.0, "CIXE0Mr3rBg": 0.0, "R98sgmllCEg": 0.6, "fyxJwYV1a6s": 0.8, "uCd6-MZqPZg": 0.2, "ypS0543V_UA": 0.0, "YyRtlIddnmo": 0.0, "fOUilxJWm24": 0.8, "eZgD89VYkVc": 1.0, "fo4hyKfDJgY": 0.0, "UTYPim-9XWw": 0.6, "as_SyfYC5UM": 0.8, "1j6YA03hm4k": 0.2, "-UyVgaFE8-s": 0.8, "WoYf3DQv6_Y": 0.0, "uxtNrVVVWVo": 1.0, "mrh9tPkQwCY": 0.0, "W5W_i8oa9cE": 0.4, "pCOeEIcldgc": 0.0, "NP4mgObDeUU": 0.4, "jUnG9FOmbqo": 0.6, "cc-ClutaN_I": 0.2, "KY82nmR7U4o": 0.2, "RS3iB47nQ6E": 1.0, "-NmjyP-Oqz0": 0.6, "Rv3niQ-w3y0": 0.6, "Hr-4Aln1Il8": 0.2, "STqFXr5N5AI": 0.6, "vX6FXRgcKQc": 1.0, "zXU9Ur9QznE": 0.8, "2msbfN81Gm0": 0.4, "u51OxZF1ltI": 0.2, "PxE3lJDQnC8": 0.2, "EC9j6Wfdq3o": 0.2, "FD9UTBWo51w": 0.8, "jcC3xM8Wa1w": 0.6, "bwMqup0CERc": 0.4, "h7kAzhDDBOw": 0.0, "Nlw1YnVW58c": 0.8, "HTOP6TOJwOI": 0.8, "iTXN9uCd0mw": 0.2, "CYSOVMVWxro": 0.8, "V9epMG_zeYw": 0.0, "erbbAcIfbrY": 0.2, "jsP0W7-tEOc": 0.4, "EYEHUOpwNvE": 0.6, "nmwXdGm89Tk": 0.0, "S6D7uS5GGOQ": 0.0, "4nIUcRJX9-o": 0.8, "ujqpkmaFvmU": 0.6, "j4tXCs4KgmU": 0.8, "XP3cyRRAfX0": 0.4, "we1c5uzYsTI": 0.4, "FJurUjmDs_k": 0.2, "BZkyGJ_SFqQ": 0.8, "bK4ks_2CxxU": 0.0, "GTYUpomg4xI": 1.0, "Z2CrW3ntd4I": 0.0, "7MclW0Srs8g": 1.0, "_r7yKaDxGvc": 0.2, "jutQL0DNstM": 0.8, "1qB0lb401ZU": 0.4, "_AQl4lUrov0": 0.2, "ejEBSeddCg8": 0.8, "VK03aVJekGg": 0.8, "0WUF3yjgGf4": 0.2, "zv750BWrUhY": 1.0, "Pj_mSZYeLrU": 0.0, "PjquJ5hi6zE": 0.2, "pXy5gt2R5mQ": 0.4, "ALaqqMY2m0k": 0.6, "TF-NuE-U6No": 0.0, "VWPayR39awI": 0.0, "yCCwnCxDv5Q": 0.4, "UoWsCNqMiOg": 0.8, "qN-qliCpTmg": 0.0, "PPqKOfCzN20": 1.0, "y5pzhmGX1sk": 0.8, "WGsch35hQHM": 0.0, "rFdhGh8eG3U": 0.6, "n8E6kPJT0tU": 0.6, "JDk3GQkTyN4": 0.4, "2_M0SDk3ZaM": 0.0, "RdCs2K_ZEpU": 0.8, "m0vQOnHW0Kc": 0.6, "O8B1ZNv9m4s": 0.4, "t4_dZPVg8KI": 0.8, "kM8l40QKddE": 0.0, "5W4MYJt8c4w": 0.4, "_HckRLrBXQM": 0.6, "AEAJrT8PeOo": 0.0, "qIVDxL2lgN4": 1.0, "XFsZ6BO4LU0": 0.4, "HOYnOeo42ko": 1.0, "vL6v9lLf1_c": 0.0, "PewCSYS6a6s": 0.2, "fNgkNVKeKPs": 0.6, "hInnyzLGS2I": 0.8, "JnP2bVBZ9O8": 0.2, "WO15VbjYv54": 0.0, "__C7sd_UDU0": 0.4, "i0IJqIzO_YM": 1.0, "NSvnw3tvPSk": 0.8, "zAQa8YWyXTA": 0.2, "qAY_o36paQ0": 0.2, "xM_VQ3NZsf8": 0.0, "5VPFKnBYOSI": 0.2, "-7ERMwnoxSI": 0.2, "xkrLWjNxYbY": 0.4, "spCknVcaSHg": 0.8, "w03OE6SaL8Q": 0.6, "YM-th85hRUU": 0.2, "7X_6k8CjdVI": 0.8, "8nG_wVxO7EM": 1.0, "RLsXfrDwf9Y": 0.6, "iB5txqIl8jQ": 0.4, "4HGR2_uN-f0": 0.2, "ApqQW5Nx1qI": 0.0, "VX32RKuqIVs": 1.0, "g9qIjULYtkk": 0.2, "qriNbVCIsow": 0.0, "315bcBoZoLw": 0.2, "rZx0iJVAN7U": 0.0, "pS9sUm5Y0sg": 1.0, "y6XSIY9Vs-o": 0.4, "CdKcjxUib4Q": 0.0, "px6TQ0ZMIsw": 0.4, "vQfmpXsLV_4": 1.0, "XCibiAnJ6Ts": 0.0, "5Y7rDOogcU0": 0.2, "uRQjkM_iD4s": 0.0, "4k0AGQyMbFE": 0.0, "Avez0XmOkNY": 1.0, "NmCKcaAlWZI": 1.0, "sIgv3tTYYqQ": 0.0, "1Fki1SJ17kQ": 0.2, "Rm5HibK7qso": 0.2, "8mnFRw-6mUo": 0.2, "RhY_pQm0wYM": 0.4, "dJy8MUESM3k": 0.2, "tzY7qQFij_M": 0.4, "0jBFyck8J5A": 0.0, "hMa1yH5QCxk": 0.4, "t9cmoT_wb0A": 0.8, "RaEeX4J_TyQ": 0.4, "ClKMIr3WpjY": 0.6, "GI4QhYrDQjQ": 0.8, "wO8-L-7SF5E": 0.8, "L_ycAXqOYr8": 0.0, "XoVVLtkDWq4": 0.6, "WrE6iE7xnN0": 1.0, "qGkDqfdgVEQ": 1.0, "S2nBBMbjS8w": 0.8, "le8En3oKY_c": 0.2, "GcVF5wR0kUw": 0.0, "kwcL-VP3FYc": 0.4, "hJW5_iZNdFY": 0.4, "hBVq3NElVTE": 0.4, "yZ15vCGuvH0": 0.6, "pnISZdg_3lw": 0.4, "tsBrlDMRGGI": 0.0, "uLTIowBF0kE": 1.0, "sbKBvrEr2wE": 0.0, "HK958YS_YNA": 0.6, "i7mmXeRvgLo": 1.0, "u4hlzRNu3uE": 0.8, "h1HQxcTYTho": 0.6, "TBXe-XerqRI": 0.4, "Cs6A-FCUPdw": 0.2, "9Ac-PGCfxFE": 0.0, "nVtWGS1bAtU": 0.4, "XgUJP6xGHOs": 0.2, "vTbG8OQcE1o": 0.0, "QeVy6TnjKZg": 0.2, "ZYpqxlkaenk": 1.0, "p94O9UZ5Qzc": 0.8, "m8AdoQI_QE0": 0.0, "1TS0yS0sUaM": 0.0, "UuavPx0peFc": 0.2, "i3bR8PrziS4": 0.0, "AWp297iE6Iw": 0.2, "9l2FeI5GMg0": 0.6, "vQt2NRT5yP4": 0.6, "Kk6Bi23Q7-E": 0.6, "g_dFf9mWxPI": 0.2, "LlZz3WNbOkw": 0.0, "69MpLiYhsXw": 0.6, "t9AV9szGAG4": 0.4, "N-rgqDhnLoU": 1.0, "OtsVUdEfrQI": 0.6, "d5kW4pI_VQw": 0.6, "DH7hqFMxsTw": 0.8, "ezNqB0tsIF4": 1.0, "rrxE_KCnO44": 0.4, "rA2JuxRdlmA": 0.6, "onbZV52GWpk": 0.0, "qeEC4BDyhNs": 0.0, "T1kPrrUuueE": 0.2, "XKR1ScQUpcA": 0.4, "iUdQhl05fKQ": 0.0, "C6hKQ2YW23c": 0.4, "gNBRxgr9zZc": 0.4, "wqiw_E4tyuQ": 1.0, "dWspEgdrUdM": 0.4, "KuNcSp2T4Lw": 1.0, "mzj9mzcKEGk": 0.0, "Zz-E8AexUjc": 1.0, "kWSIFh8ICaA": 0.6, "TJKftD6fTj0": 0.8, "D4jc9xxikuE": 0.4, "kf7lTlqb-qo": 0.8, "UI_nj4NXpoQ": 1.0, "r0lwusMxiHc": 0.2, "rPf0CCG9mTQ": 0.8, "bxcX-aJG-4k": 1.0, "tcoFNsTzx0s": 1.0, "fI6LQSoH37Q": 1.0, "zvq5rMEbNbw": 1.0, "Y_EeZ90dG48": 0.2, "g7trxwtUgVg": 0.2, "5Z_zWIVRIWk": 0.2, "2yLmrcQLNUY": 1.0, "7_dgiNoBWio": 1.0, "czcb5dXjlZA": 0.8, "913xrM9FYpI": 0.4, "k6SVsf0k2i0": 0.6, "MyD1lK8qr14": 0.2, "o6afGyzyrVE": 0.8, "ybdoIj5y_XE": 0.0, "t7kxPYzigCQ": 0.4, "Htbo1yW6qeU": 0.2, "FEMAEdYryJ4": 0.0, "v6OEChj-UiI": 0.8, "1dF9t_xQGks": 0.2, "wq25qD44hC0": 0.8, "afS5ks54tms": 0.2, "PE1CuvlqlmE": 0.0, "J7QKeV2-ghk": 1.0, "fMuw1guPdts": 0.0, "6yVMik5Mfwk": 0.0, "eoCNG4yP3Tc": 0.4, "CgxYSbtp9JE": 1.0, "LO6TpbqTTxI": 0.4, "evApapdysp0": 0.6, "g5YOLVrVHGg": 0.0, "teWcTS31dts": 1.0, "MDni5wUNiuU": 0.4, "oTS1RIZboqU": 1.0, "TypQ-iYqiLg": 0.2, "tfcoOFmZbVw": 0.8, "82-H6MZnT44": 0.2, "u94i5CWENzI": 0.2, "4XQ7x7c2hkQ": 1.0, "KQCbke3pps8": 1.0, "nnsSUqgkDwU": 0.2, "jc5XQSVeQ2c": 0.0, "5AaacAMljG8": 1.0, "fNZf5shOq5k": 0.2, "FyVjesaMg1E": 0.4, "eW_0aYguJ_E": 0.2, "0glSaIGRrhI": 0.6, "v_C9mKEPG-k": 0.2, "9ypxRGSrS-k": 0.2, "jtO_MN-m5r8": 0.2, "7ZOKDqjqbX0": 0.4, "z_Wah7jp0Jw": 0.0, "Bl17Mwl8Mno": 0.0, "MbJ5t5YWYpY": 0.4, "zrIe6n-ZK_E": 0.0, "VjGU3I9degQ": 0.6, "7sVGB2_zARY": 0.8, "jssITlGSR4w": 0.8, "PE73KDDn658": 0.0, "HbJHkwHZCCM": 1.0, "o31szjNyh4Q": 1.0, "w9R6K1mecEE": 0.2, "ZN6NYpSZa0w": 0.0, "vUAPQ-zAUTE": 0.8, "pw6JRuItcus": 0.4, "Vp8fcHI0-BI": 0.4, "Q26s_zWTykQ": 0.8, "nojWJ6-XmeQ": 0.6, "Xr4SYrOzYps": 0.0, "4h0Qvc6_MfQ": 1.0, "i7NPb5lmQpY": 0.0, "4VwxRqT3qRY": 1.0, "0V4UyjEyeOA": 0.8, "ctemZdDG7YA": 1.0, "MP-p9i85sNc": 0.8, "uNvmSvmNvQM": 0.8, "rWfqkrAM8IY": 0.6, "giGkt5oAhT0": 0.0, "-5zYYZpuTbU": 0.2, "tPZQkkbuD2c": 0.0, "IwpHyWwPWC8": 0.6, "U9gBE9g_iZY": 0.0, "6e_JbxJijn0": 0.2, "DPM3ejkd3fw": 0.0, "zuzaxlddWbk": 0.6, "0XSNrKgA94g": 0.6, "VdonoCCQF9o": 0.8, "sOjOznUVlKs": 0.2, "NG0MKXxdhrw": 1.0, "RBQ-IoHfimQ": 0.2, "CLzi3okueM8": 0.2, "350tD8E7htM": 0.2, "EgmNEgIFBTQ": 0.2, "RQ_GiVoT1M0": 1.0, "L0KmvWL6Dfw": 0.6, "tjaJgMDgBuA": 0.2, "_Gpx07V3GFM": 0.4, "dOZjgXEAsAA": 0.0, "12sqXKF6Zv4": 0.4, "PJKAr1r5zlA": 0.4, "verzNYAOQ7s": 0.6, "67jh16fASvI": 0.6, "KKNUrASDloE": 0.0, "WhF7dQl4Ico": 0.8, "5-t6AIMSCdw": 1.0, "BDan7ClvO3Y": 0.8, "7X2m2WueNcU": 0.8, "2IEZNte5ADg": 0.8, "oZCRAxCmar0": 0.0, "2Dq2-98HliQ": 0.8, "JndtG8Y7yfw": 0.4, "iaUcLzxMFq4": 1.0, "f_mJmL5B47c": 0.2, "w9Sx34swEG0": 0.4, "ug64FCgrQl4": 1.0, "u9FEg5qur14": 0.4, "XZn4opyPfEI": 0.0, "wxPU_xDgECk": 0.8, "OufDn0KKAH0": 0.0, "XbLZe1r0DJk": 0.8, "k1OTQQ9u7XI": 0.6, "JvjmH9w8_GU": 0.0, "DujoTffyUvI": 0.0, "eyzWlMZ1Y54": 0.8, "dLchejnnjEI": 0.0, "BgZluCEBS6w": 1.0, "DhOIJBk7KaU": 0.2, "Bgqxt-kfYIY": 0.0, "yjjb_Dy7tXg": 0.4, "UKmhK8G--7c": 0.2, "YQs0OxlF9bY": 0.8, "bZIzRqDOSZo": 0.6, "q9fms5He5bM": 0.4, "iVHy8MG2CQU": 0.6, "G2ZqvClReZQ": 0.4, "4hN0ai9WzBQ": 0.0, "nz3qGgt7b2s": 0.6, "HjD7Z36wX5I": 0.2, "GzmuQehRy3A": 0.0, "6-2L4PTV14A": 0.0, "LRgqD7JgF-U": 0.4, "rfpAkNyHAtQ": 0.6, "47LCLoidJh4": 1.0, "YxyrZN1ETgE": 1.0, "o2P5E7cFt9s": 0.4, "YY5KxPI6ApI": 0.8, "WIlPFRsseQ8": 0.2, "bltuzqFTaiw": 0.8, "tviPLpD8VG8": 1.0, "08ySTcxh_cU": 0.0, "XXwV6lUfMqw": 0.4, "8fs2Yh1PFwM": 0.4, "JdN1t1lMVxU": 0.0, "2Jhrr4RRywE": 0.2, "Ws-yd9YPfdE": 0.4, "jVs5tTEuA-g": 0.2, "QoqWo3SJ73c": 0.4, "0DuFujGCswU": 0.2, "TULVRlpsNWo": 0.4, "c9THt-uJRTU": 0.8, "_HS0UOQjU5w": 0.0, "vYEXzx-TINc": 0.8, "KbgKbMk5Q3o": 0.2, "l1vnsqbnAkk": 0.8, "bvLaTupw-hk": 0.0, "54WiJFln6I0": 0.0, "gg8P9fM3G8k": 0.2, "HZu1cTg-xUM": 0.2, "-44_igsZtgU": 0.2, "l1vvlpJ8BEE": 0.6, "kj4vboULD4s": 0.0, "WdKHNZS3cy0": 0.0, "E3h-T3KQNxU": 0.2, "xRtVNIqwUS4": 0.0, "-zXKJMml0s8": 0.0, "FXP9jlpcRaI": 0.2, "Lhozndg5VSE": 0.0, "1Sy-fftmGeI": 0.8, "uQeh2G161Bo": 0.2, "8ZO-7pL_MrM": 0.0, "uvMvIVd3S7A": 1.0, "5HoQ-HblRG8": 0.0, "PTXV1QRAsko": 0.8, "Ypcm9B6o7pA": 0.0, "ZjNRXfRXnoc": 0.8, "UlRWeauFduc": 0.8, "VYp1s6AwuRQ": 0.2, "H02iwWCrXew": 0.8, "W3-9CKP-PhY": 1.0, "fylVXsXr5Jk": 0.8, "wToxrHzVpxU": 0.6, "xLhJIFC8xkY": 0.2, "t8APOFub0Pc": 0.4, "iuubaXDeXh0": 0.6, "cLTgxDkJRN0": 0.4, "cN9OKXtzHtE": 0.6, "O3ax2tmczi8": 0.6, "qfZ7o3dIJYE": 0.0, "lnuCDXMoZd4": 0.2, "YjMgUanz6h0": 0.2, "-7rgfoEEFmk": 0.8, "nosXM4KdAac": 0.4, "y5LAwk4cVjU": 0.2, "ysgwcKNdWg0": 1.0, "bGJSEEx2pXc": 0.8, "Dd_GSSQQGNY": 1.0, "Dk9s3SlM2Rs": 0.0, "2fQUYCPe3Cs": 0.8, "I4kNl7cQdcU": 0.0, "3DYUUdkFQl0": 0.4, "ohRN3yG4TEI": 0.0, "tWDprSdH2xQ": 0.2, "oSFnotAmcoA": 0.8, "nMzdAZ3TjCA": 0.4, "bATzbhGbjiM": 0.0, "axAmED7lqe4": 0.8, "nkBBsOEY8PU": 0.4, "Jr4gOCh_4Pw": 0.8, "ZBLkTALi1CI": 0.0, "K_-GdDx2TzE": 0.0, "2ywv_JCyolU": 1.0, "6bJOIqVAD-s": 0.8, "kF89VnRrWr0": 0.4, "WF_HqZrrx0c": 0.6, "Ak4hpFbIbfo": 0.2, "yQUN7QAnMp0": 0.4, "9Sn8H42FZcI": 0.4, "kcrO-lf345o": 0.6, "zSM6sAtyvyg": 0.6, "tIG0kB9lOxo": 0.8, "bJafiCKliA8": 0.8, "FlWfmhyulg4": 0.2, "wEKFJWdJ5jg": 0.4, "O9sgllm_Bhc": 0.0, "pR236CYNZfg": 0.2, "E71sKFD-spQ": 0.6, "SqtxzgFpP6U": 1.0, "0xyNNlU4ct8": 0.2, "XG0_olXLkKg": 0.8, "FV7ee0Cyzwg": 0.6, "l1gZkf_-UyI": 0.6, "VMjRSnokms8": 0.4, "DyO-z_7Ip9c": 1.0, "vxlUCIqbD8M": 0.2, "7scG09FPwKM": 0.6, "v1HMR9nRmlY": 0.0, "jVADtFaZgQE": 0.0, "7JUExZaSNKA": 0.4, "HbTs3TLo414": 0.2, "-iwCVXD_lA4": 0.2, "NoOqyH03p3Q": 0.2, "7b5CKSqlz60": 1.0, "-cSFPIwMEq4": 0.4, "FqhFUbtpiB4": 0.2, "MrXtSMzjhMQ": 0.6, "jpldOdMH2w0": 0.0, "qLY8arYdr_k": 0.2, "aaZnRfrrunA": 0.2, "4KKgR5YWmYg": 0.6, "BWeGCT7vS-g": 0.4, "ohp_nmI_TFA": 0.4, "9dgQ6AUYWCU": 0.8, "yZ1XM9LwS64": 0.2, "0yA98MujNeM": 0.8, "FhfcdqMTtU4": 0.8, "eySoKn9U5s4": 0.2, "KE9bc5KskM8": 1.0, "jqQbiJy1Ys0": 0.0, "NTYtw7NDm9o": 0.6, "CDM1FPFxbVk": 0.0, "g0ha6Mb5_YQ": 0.8, "ZEKqLxtjwDQ": 1.0, "_UKLncvGxQ8": 0.2, "Jn4B1gjHug0": 0.8, "64KZVm0kWnc": 0.2, "cw6x80Qdzak": 0.0, "up-FKa0aEuI": 0.0, "mz0N-jVrRWU": 0.2, "rt7JZSrDJA8": 0.0, "wvWHNkLSDkg": 0.4, "R-hl57xTLE8": 0.6, "LagGSTiSnto": 0.4, "LxK743gc0PI": 0.2, "7is6r6zXFDc": 0.2, "ZZUyZmYbfbY": 0.0, "sAhHHpzXOI8": 0.2, "pSe40tX-oTA": 0.6, "D5MLutafypY": 0.4, "bCxiuuJVT-8": 0.4, "s6rrXuFM9TI": 0.0, "XVLBEsG0MH4": 0.6, "NQhwNtY3N2k": 1.0, "_hnOCUkbix0": 0.6, "excxIZ4wUvg": 0.0, "lOGdCg61QoE": 0.4, "FCOlOcMk8XI": 0.0, "xwNe5Kqi3Ho": 0.8, "3k3HkjXcduA": 0.8, "zFubzSu2AOE": 1.0, "AZ56zUxpXes": 0.0, "hi5TfqXrplM": 0.2, "owGykVbfgUE": 1.0, "4okCm_f1YMs": 0.0, "UC9qnjOUjss": 0.0, "urkrB7gNwMI": 0.2, "CtWirGxV7Q8": 0.8, "8uO5PAD_CYA": 0.0, "VyLXZ2GQS7Y": 0.8, "4pcO7_S2WQs": 0.8, "Ti6saRaKJYM": 0.2, "UTGaYkbvse0": 0.0, "3JsyhaGHq_E": 1.0, "ZcgzoGU141o": 1.0, "U-knPQ9H_pg": 0.0, "JqfCxPdrv1U": 1.0, "a2RY14Zqdvw": 0.8, "I9Bv1J0wK3k": 0.0, "EHu2hoc9ulE": 0.0, "PHLxK2QKZ4Q": 0.6, "PqyiFtLnKkc": 1.0, "wrIZnC8q7RQ": 0.6, "zAGRVQG2dyc": 0.8, "F_M7zOew2Pc": 0.8, "MQfikxbS4zE": 0.4, "a05vigJA4SY": 0.2, "WA1h9h7-_Z4": 0.2, "4JhzwNuo75M": 1.0, "W-dbAzEERb8": 0.2, "sgG6uztmhA0": 0.8, "WTHkY42X8FI": 0.6, "aYnA8TCzUvc": 0.2, "86IpU3g-S8Q": 0.8, "1z-36uCr9XI": 0.4, "_U_4J_e6tQM": 0.0, "dZmuTGFusIs": 1.0, "Iy5jiYWuNKo": 1.0, "gMa5xYEMyls": 0.2, "sV6ITSt4jzM": 0.0, "rUFnH7KYMFE": 0.2, "aSdqsA3fzLA": 0.8, "laot_Eomr3s": 0.8, "qAGVilt3Rls": 0.2, "Kjmq-ADfcGw": 1.0, "1zPYW6Ipgok": 0.2, "5WQWX81M8R8": 0.0, "G1FV7dND0NY": 1.0, "pwF74hxbs6o": 0.2, "XIDHrWQe5FQ": 0.8, "VyM9ok6Z3PY": 0.4, "jOd3dJUKJFI": 1.0, "gvEvRBeYO2M": 0.4, "1sElYG7LmUU": 0.4, "UQtqa5F88LM": 0.8, "QT8AiihKFR0": 0.4, "vJIwQtUZYy0": 0.4, "8QzYlBM30NA": 1.0, "8iHEQxJXq9I": 0.2, "EmzgkMsf_GQ": 1.0, "EbnWbdR9wSY": 1.0, "J2pIvg-2vEY": 0.0, "d6gJ6dACtqc": 0.4, "Ug75diEyiA0": 1.0, "XHSoS4p9688": 0.8, "btu1hCc5F_U": 0.4, "6_WAmt3cMdk": 0.6, "x7AIfMpyHtA": 0.6, "MTx9-ohAeWo": 0.2, "_NJKQkQu3NI": 0.8, "uDCsU5wUvdQ": 0.2, "ZjFK3L4cvQs": 0.2, "yXE_p_1Squg": 0.6, "6iQ7ZDUutU4": 0.4, "TnBHGpp0pVU": 0.2, "7-kSZsvBY-A": 0.6, "NX0i5rLzAP4": 0.4, "2f_kavukuKI": 0.0, "jEZMSF2jNYg": 0.4, "Avsp_UJ3mrY": 0.6, "-5X2kzIDroA": 0.0, "lvVOtwezkXU": 1.0, "uNMRTsGR2IE": 0.2, "c4LCP48QYl0": 0.6, "WpByXzdMQfk": 0.6, "BJQfT9C5Adc": 0.6, "7gMZ62PsvRM": 0.8, "0O1OrTcfqBI": 0.0, "8UqZzZWZd-Y": 0.8, "t0EFibqP-7w": 0.4, "v8J1y8o3TRg": 0.0, "DxDsx8HfXEk": 0.2, "zt3Gvdu9mtM": 0.8, "mVPku-xItv8": 0.4, "kjc8kOCB3_k": 0.0, "zv0ZPyj7S6M": 0.2, "n_FN7pu-huU": 0.6, "Zov6yho65G0": 0.4, "jr2gdPY-88w": 0.4, "SvvLsAMsOJM": 0.2, "UNEHhUC4UJc": 0.0, "fF0ZmIf7H9k": 0.4, "RKwaILk_VYI": 0.8, "ty7Fu2kIfPI": 1.0, "Bja2_Qclk9Q": 0.8, "uHskC7JRL9M": 0.4, "dlEbGH9HeVg": 0.0, "V6F2szDteSI": 0.4, "Wo6BkRgvYF8": 0.2, "Wecenw1IWHY": 0.4, "LD1NnIZocrM": 0.0, "i1JccYQFDWw": 0.2, "0b98BFCqOvQ": 0.2, "FmlzOh-1KJA": 0.0, "AgdqKj85jVk": 0.0, "zSi2QvSWkVA": 0.8, "64G5FfG2Xpg": 0.0, "USD2QsP-Rzw": 0.0, "Ju-ETwtYuT8": 0.2, "ILxjxfB4zNk": 1.0, "orc5fBf14vs": 0.4, "IDAr48u3BB0": 0.8, "wqT2IdFyQ5M": 0.4, "1Pahqq-1hp0": 0.8, "UDTZCgsZGeA": 0.8, "JJmqCKtJnxM": 1.0, "qeefSTrkvrk": 1.0, "FxZNhjkMtFE": 0.4, "BbdfppY2ldQ": 0.4, "jtXLAKwssPQ": 0.8, "OON2bZdqVzs": 0.4, "WHdYDNs0qq4": 0.2, "mrX3Ql31URA": 0.2, "KLlOTAE1CZM": 0.0, "ejMqe1WBtEQ": 0.4, "d8E2pHgxnsU": 0.0, "R2PhoBA8qKY": 0.6, "Ed3vswxJKgI": 0.8, "lCg7cL8PFKY": 0.2, "dlNnjtEXyi0": 0.6, "rmPRHJd3uHI": 0.4, "r8cDvm26VYI": 0.6, "SPyoiOTdHio": 0.0, "z1zeaOK2atg": 0.4, "7gPc6027rb8": 0.2, "B0raS3U4RK0": 0.6, "wgBz_WD-jYA": 0.2, "SwGrUMlagk0": 0.4, "dTcv5q4WfMM": 1.0, "TmnY_Q0YBVE": 0.8, "UUNIeOB0whI": 0.0, "kdFh8P8Ijng": 0.2, "OEQzJRRIXKs": 0.8, "goZODLC7fao": 0.8, "PC2N3EYngns": 0.2, "_G-PTQ2OWe4": 0.8, "X2cs8gnb42A": 0.8, "Pblj3JHF-Jo": 0.6, "x4amZnI_1dE": 0.4, "tOpsnNf9Wj0": 0.8, "jmCwWbAWyZ8": 0.2, "84lAxh2AfE8": 0.8, "dSi0fJq0wKI": 0.6, "g8qLBtTnALs": 0.0, "1Yq6W7YAHM4": 0.2, "2OCkgMrY0U8": 0.0, "N60utqXf5HQ": 0.8, "A4fMRDP1d6w": 0.0, "stZFVrvPJ2Q": 0.4, "iNfChrsWlPM": 1.0, "APAcU3YBhYc": 0.4, "E3pMBPFUPFM": 0.8, "nyhfJTFJHu8": 0.2, "v_bNTCeju-A": 0.2, "XvjhIbEvA_w": 0.4, "noy9lF9Xu68": 0.0, "DOIQ5i87-Kg": 0.8, "WQk6A7eDE5w": 0.0, "R41NNPBqRCk": 0.0, "8QRs0ejxjEc": 0.8, "htEtTra7rdw": 0.2, "1vf3U4aPiMk": 0.6, "AUc4wJRa9-g": 0.2, "KSQcPOicGiI": 0.0, "nfzWl8dDqwc": 0.8, "ty6MhpnOXC4": 0.0, "nI9_BTm41MI": 0.2, "3RucyZiPfjw": 0.0, "v_AMEYsBxZA": 0.0, "FsiEfbIaEQU": 1.0, "fqXm8MCWfbA": 0.0, "LT6n1HcJOio": 0.8, "23kdGfzDaCs": 0.2, "0UoJyED73bQ": 0.0, "dX_YU9zCqqA": 0.8, "klDDHU8HZp4": 0.6, "UNabu9daJUc": 0.6, "e60aAnThrvU": 0.2, "GTaUku9cy-8": 0.8, "bHwLgwBd6k0": 0.4, "ojqMGlqYHPg": 0.4, "jt32In8YzZ0": 0.0, "fk_YSO0py7s": 0.0, "qPIj0KJc7kI": 0.0, "6i-nMWgBUp0": 1.0, "yP4A6r34Vd8": 0.0, "MTgeUVOxl8E": 0.0, "lTerDhlAEMI": 0.8, "ZTUt7kpM_LA": 0.0, "LUOJSnR9z3k": 0.2, "HtUeBaOzBKs": 0.0, "en4muUSIRT4": 0.6, "QPc9LhKA5C4": 0.2, "Jze_zGYTGxY": 0.6, "nWJut7KQhI4": 0.2, "4kvHbFmj38w": 1.0, "sMnNjTARUEk": 1.0, "IwrstxuicZk": 0.4, "K8dGb3-ZCHM": 0.2, "8JAhnmtotIM": 0.8, "PkWUuTlXq2w": 0.0, "VF-8WR38bq4": 0.0, "7b8zeykara0": 0.4, "AEMuSvSiFNU": 0.4, "O6rHeD5x2tI": 1.0, "29VGZtnCD30": 0.6, "jgKyFA5i9Ng": 0.0, "PAjWzgYjG0M": 0.6, "ZE72ilXg0jQ": 0.2, "oDdZP2Ge6TY": 0.4, "BoKUmFuV7iQ": 1.0, "z6Pj5oJzYLM": 0.2, "c0BCoeOf-Ys": 0.6, "0Vxjh6KJi8E": 0.3333333333333333, "QfwhI5N95y8": 0.2, "C_8TGTKdrlY": 1.0, "giJxJdSuq74": 1.0, "AEIS7UJJFAA": 0.0, "bivaifVTQME": 0.2, "0eN9KP6lOZs": 1.0, "xTpv9lc_qMw": 1.0, "N2muWKtHCnc": 0.8, "FqvLcVBOhP4": 0.0, "intua_p4kE0": 0.6, "GURvHJNmGrc": 0.6, "9CRH-ocpJLI": 0.0, "PD8p6KzcL2w": 0.6, "LeJVNum2zwY": 0.4, "MX9qu69-NiM": 0.2, "1t7rSZT_77E": 0.2, "BZ1Y2-KV1kg": 0.4, "_TBd-UCwVAY": 0.2, "sWVKynMQTTI": 0.2, "6FNITWjpbLM": 0.0, "eBDXxtnRp4Y": 0.6, "TYIeVjKlPTw": 0.0, "31pEZWaIhr0": 1.0, "0etzTTWyISw": 0.6, "kcftkEN3vmg": 0.0, "m8Ihwi_w_xQ": 0.4, "x4nH_YW2F1s": 0.0, "NmannAYiwh0": 1.0, "377kVIgBOJQ": 0.0, "xPY7jrcEj5Y": 0.4, "kqT_5f08Nxs": 0.6, "_oACRt-Qp-s": 1.0, "ie621R03ZcU": 0.8, "ZY0cdXr_1MA": 0.0, "H6JzeAHCd98": 0.2, "X1Uj9SPvSaQ": 0.0, "83nS4EGKU04": 0.4, "MBToS72o8gM": 0.6, "1I4Dpq1PQjA": 0.0, "2qdW7ramMr4": 0.2, "Hs6AebdPhSU": 0.2, "TSF8EKPxPVU": 0.8, "PdBQS8lp4xY": 0.0, "-g8vTq06KUI": 0.2, "uQereoIxioI": 0.8, "Es_uivijpek": 1.0, "SCNB1z360A0": 1.0, "Y-Elr5K2Vuo": 0.2, "2zfqw8nhUwA": 0.2, "sXAlpHSI-d0": 0.2, "vPETP7-UfuI": 0.2, "SxAqnB0NbEI": 0.2, "ryaGZETR97s": 0.2, "R4vkVHijdQk": 0.4, "H50wW4eAFKo": 0.8, "DwhTYFwfACA": 0.2, "psmD1DVPIrU": 1.0, "LfdiClhlLZk": 0.4, "TNCJh9WwU6w": 1.0, "__CTejhHZSU": 0.6, "V1-qbHbuNBU": 0.2, "Hzgzim5m7oU": 0.2, "_Kmh4BbJPz8": 0.4, "8ciagGASro0": 0.6, "o1BiFTk5Acw": 1.0, "TnXArm-NViI": 1.0, "GTkpq85sFO4": 0.8, "ULJBEQ6-NLE": 0.2, "qXndoRUKAhM": 0.0, "iqEEQpleFJQ": 0.8, "T4tOvkvCvwQ": 0.6, "5r_KVwao1aU": 0.0, "nX9P6skzZNU": 0.2, "-c7Ca2CY6x8": 0.4, "p916yeFa2Xk": 0.2, "ThgaRoMvgXs": 0.2, "7pOoSe2K5DU": 0.8, "cvnqS95cEJ8": 0.8, "VMxyZQfMmM4": 0.0, "qyNs577d400": 0.4, "48zAauZBi58": 0.4, "jtwh3nQP5Uo": 1.0, "NQp0z1sbtxo": 0.6, "xfBo1wwM3eI": 0.0, "oAa2O202avc": 1.0, "Qg0pO9VG1J8": 1.0, "dBRdzeC7kz4": 0.0, "ganRbr-WBiI": 0.4, "y9ajRIgTJNA": 1.0, "RsKcfsTznYE": 0.8, "oINYoy98JJo": 0.4, "5JLBU-QQpoo": 0.6, "7ae0tzVo8Fw": 0.2, "tZGNqFGIpiw": 0.2, "zSAh2YJhMNE": 0.2, "ENau7AkayN8": 0.2, "BBTtQwipT4k": 0.4, "oBIeme32Xwk": 0.0, "Y_56BQmY_e8": 0.0, "TRmgMe2STL0": 0.4, "VrtCpjXDyqM": 0.6, "C1QLMHgX_VU": 0.2, "mxr83Vkrh00": 0.4, "lNNDr1vH83Y": 1.0, "HZChlynmtgc": 0.0, "JvcH3kpEP8E": 0.4, "lsCvzwgNL3A": 1.0, "3t6bLugtJkQ": 0.6, "r-2Hq9QNmVE": 0.0, "TX8AAUOGKSg": 0.0, "xm4RaDWsRgE": 0.4, "DKAPJyFAzs8": 0.0, "GMovhjpIegg": 0.0, "cO7iCbtlcIc": 1.0, "eHh0bqD78b0": 0.6, "irUYwVN_AQ4": 0.2, "XyZtMfMWONI": 0.8, "uLg4kDAGZuw": 0.8, "b9zjwmDHE3Y": 0.4, "s2DTEADGSpw": 1.0, "bL2qqJOSw0c": 0.0, "2xwUuSM06xQ": 0.8, "NFFLEN90aeI": 0.2, "wKB9HRgkKRA": 0.0, "WIdu34kekJk": 0.0, "UvDs7RDKCag": 0.4, "hYyMMs-WO4U": 0.0, "L7bHdo2DJHY": 0.2, "KObDkEBwuTc": 0.8, "0PgjcgqFYP4": 0.4, "RwvuckZDpB0": 0.2, "RM2JAlPRYKE": 0.2, "0Awzkw_73D8": 0.0, "KHx0_NFuGb4": 0.8, "IDumJG4RXt8": 0.2, "dqxBrcgtX-A": 0.8, "brq5oJFIKJ0": 0.2, "jlWwjUZUROA": 1.0, "Hv7t_zFUDBk": 0.6, "TosjG0E191U": 0.8, "RsCoPb43TUk": 0.8, "HAmI1MJECZ4": 0.0, "O1Z91YkPatw": 1.0, "mqdj-MFAhi8": 0.2, "2BXRGzjo1_Q": 0.8, "cnIYtqPUlFs": 0.6, "_uQOchrK7NA": 1.0, "3FtNm9CgA6U": 0.4, "Bxaq80Hp5bY": 0.2, "M9uxiTWZLwg": 0.0, "1dcPHVFHCRY": 0.8, "-35m_mkcHnI": 0.0, "heV0CNzC9OI": 0.4, "Ue-TqmP6I_g": 0.4, "m58Bp6PfXss": 1.0, "aURA4lJSP5w": 0.0, "kjBGSC1ond8": 0.4, "zqlVUFL9hlQ": 0.2, "odI7pQFyjso": 0.0, "wt9VctrBOZY": 0.4, "6e3z2H1O5zE": 0.2, "O5G4fVe1LUA": 0.8, "UJVlHwpS6Nw": 0.0, "HNo-_DEEm54": 0.4, "79uA-gHvw18": 0.2, "Ug_iluxQ1IQ": 0.8, "ecV5FhZEvi4": 0.0, "XBXlh4E9HhU": 1.0, "7AuhjzxAudY": 0.4, "jGldy-ABbsw": 0.2, "pwh1INne97Q": 1.0, "KSv45XgmH4U": 0.6, "z62vD5BDDUE": 0.8, "bBLd07rz5mU": 0.0, "UgEEcM-jYHY": 0.0, "n0r3USJnZnA": 0.6, "rG8nXUY9UP4": 0.0, "AAs2hd9AJoE": 0.2, "t4Xt_XS9BJA": 0.8, "c2ZSZrGc-O8": 0.0, "aF5Ipu0DIyw": 0.0, "a7w7CTL8VaE": 1.0, "CD8wwepuGas": 0.0, "Ghl19lJJ_mA": 0.8, "HQQs3nl0LcY": 1.0, "t6MCn8wPR1I": 0.8, "pv4WZkppmTU": 0.0, "7ZbLntTvV8o": 0.4, "hPxZiCha6pM": 0.2, "I886RBjiODg": 0.2, "uhHMWLjL77U": 0.8, "6CbQOLqZ8IA": 0.6, "M4dTKckmLwE": 1.0, "xlowDDEXpWw": 0.0, "AR-dXdnjljc": 0.2, "mJPYPE335KI": 0.2, "IKPtNDYezLY": 0.4, "5sXwEoeurSo": 0.0, "Iyf5b3uglUc": 1.0, "-xK80YG33q0": 0.8, "UrEPJkajMSE": 0.8, "UmwQjuJttwk": 0.0, "IPme5GPdiCs": 0.2, "TKL_cn8vhjo": 1.0, "8pmw5CAc3rk": 0.0, "zWzsOZMrbVs": 0.0, "b6EBK0ujV3o": 0.8, "KsdD1MJXOpk": 1.0, "cDS53Y8q9lE": 0.4, "oDcb3eAAK1s": 0.4, "_3sLwG1ZSBA": 1.0, "BqCXsGCggWw": 0.8, "BOZywMwhEIM": 0.6, "Yh0V68c1ybw": 0.8, "4c43WKFcn4c": 0.8, "5U9I7QrpSkk": 0.4, "c-PfqVlBUuQ": 1.0, "MKv8XsP3huI": 0.0, "7w_AT2sHBss": 0.2, "kZnBpmZXBms": 0.6, "PjcNjEFtUSg": 0.2, "_rnKWUHi7_A": 0.2, "Cqs2F-lpGrA": 0.0, "EPOcxNMzNhc": 0.8, "drjhfrRFoeA": 0.2, "-IqXOsikgVg": 0.0, "xEYInUvLalQ": 1.0, "Oph4fcJmPBk": 0.4, "44e-Y08_B-0": 0.4, "uxJyPsmEask": 0.2, "mBbjL3Ktn_c": 0.0, "RyeDBZaxFa8": 0.4, "694TX2lQ7Uo": 0.6, "7geyX1Er1zs": 1.0, "l9b5jym0ig8": 0.0, "iZVWAfmRELE": 0.0, "HHA0HRjDgc8": 0.2, "qFTcch4BOgg": 0.0, "vAO47Lz9kxQ": 0.4, "38eCsBwh344": 0.0, "r-m27SZUFj0": 0.0, "2j65DpagyhI": 0.8, "qq0ar8_9FSM": 0.8, "XEEU1nQeGNA": 0.6, "1dc1eKHgy_o": 1.0, "3RnT8kVXbHA": 0.6, "6uLBrg6ai0c": 0.6, "u06rDf-kUt0": 0.6, "e8374g64kCE": 0.8, "YGmX6m78zDM": 1.0, "SaENQKoFHiQ": 0.0, "k7KgP_jPDwU": 0.2, "3Es9d1aYEHY": 0.0, "rCwn1NTK-50": 0.4, "UwY67LYzH7Q": 0.4, "5YB748GUPIc": 0.8, "LLrTPrp-fW8": 0.4, "4X4MwbVf5OA": 0.6, "T1Scd0rNt-s": 0.8, "G7kYu0U-O9g": 0.2, "XWzNExv2nA0": 0.4, "lPuWWADcUbY": 0.6, "V44DI0ZP8Cg": 0.8, "iKQH9wQaviw": 0.0, "ue5tV4SDldU": 0.4, "Ejf8lk9nYH4": 1.0, "F0WaSy5jNLg": 1.0, "UVYUCU8XSLE": 0.0, "B3NGN4t4hm4": 0.8, "YKD1XHDTJNs": 0.4, "8Z9hWVZ_BiM": 0.2, "7pi6BtYXD1w": 0.8, "Ytz3ljpYwIo": 0.0, "D5GBWernLHE": 0.0, "r1D1jI61ckY": 0.2, "aySEdLaEDc8": 0.8, "Ol7x46IpMTQ": 1.0, "hQmqe4Esq_A": 0.0, "r0m0tP0nR_0": 1.0, "2RHEjneBRak": 1.0, "bdHSIquSHMw": 0.8, "0sNFdX66Pyo": 0.6, "Bl6PZDkaT1I": 0.6, "lsmmgFxI0Jc": 0.4, "dA_aAcfA9Es": 0.6, "JCHm9BeCSlo": 0.2, "ud8p5t2sXOo": 0.2, "ofTqo8j-k8s": 0.4, "moPBR6os8Z0": 0.4, "Vz5DXIezqr4": 0.2, "ZUJudM0jSPA": 0.0, "7bzk_XrXroI": 0.8, "Ei6JvK0W60I": 0.2, "-2L1zQkJ8UA": 0.2, "WxgBXJM6zJ8": 0.6, "miC1VZ9UVCQ": 1.0, "uAgxZ-l5pY8": 0.2, "sdzPp7V21fI": 0.8, "teHGVlPT3qA": 0.0, "pbdzMLk9wHQ": 1.0, "W6nouIb9BnQ": 0.6, "Pu5JppruFGI": 0.4, "uykVxooNL70": 0.4, "-0wp-TLmP0A": 0.2, "C7kmm16PoDY": 1.0, "KT_155-ROy0": 0.2, "Gd3RBgp0CLU": 0.2, "alOOJiRRuz8": 0.6, "RGQf9dn0pDk": 1.0, "nVa4mlFZEmM": 0.2, "WREXBUZBrS8": 0.6, "vWv-RMV2nOE": 0.4, "iYhCn0jf46U": 0.2, "l6i-gYRAwM0": 0.8, "Uq3NsDX4Clo": 0.2, "7vMVNA8PY7A": 0.8, "0xYchV3KaVg": 0.0, "hyPKPXZvJ2E": 0.0, "_6rj5jisB7g": 0.6, "kHFnc_eV4Lg": 0.2, "WfMVC2BOFSw": 0.0, "vVaSYcRnxRQ": 1.0, "M2IpET_ydUg": 0.4, "msMehuZo3x8": 0.0, "sSVsUsbs1eE": 0.0, "-1yXdOufzKE": 0.2, "1CxQW3bzIss": 0.8, "z1rCMzkbhmc": 0.0, "OkT_d2OTgv0": 1.0, "YW-XHa3Q2cs": 0.2, "KwSurazWkh4": 0.0, "sbFmK4zZ9Ys": 0.6, "rZMkBHI0uR0": 1.0, "0yQK36sOlgk": 1.0, "Vxd9W0RVgFY": 0.2, "hHxE2wdegms": 0.8, "qQYz0I5dE_A": 1.0, "n-XABtUQFNw": 0.2, "OgzDWlmyyYA": 0.8, "iMfTHHLbj5g": 0.2, "51t7y5UyVaE": 0.0, "7VCYBtx6h4g": 0.2, "bTwWShYxcoU": 0.0, "MXiJBp7HK5o": 0.6, "UUJd2Ptfr4A": 0.0, "jHbCL__KKw4": 0.4, "UTQinvFuX3M": 0.4, "rHaRhKOcr2M": 0.8, "8N9gSS_HRcE": 0.8, "w-lOJDXt7ag": 0.0, "Z8yW5cyXXRc": 0.8, "Tx4SBSV9KVY": 0.6, "5I7VtzGcgtk": 0.0, "dMgiG6EmTfE": 0.4, "-KSKkmypTZM": 1.0, "K4wLg5g1xPw": 0.6, "isvfvNmoPYU": 0.0, "v4gitDm3byQ": 0.2, "womx9GYLVD0": 0.4, "8795zWhHjJs": 0.6, "pTdXVmgC3us": 0.2, "33D5iccLDK0": 0.2, "8sjUcp0UQI0": 0.2, "WSDvRkmTNA4": 0.2, "oirB6r0PySE": 0.0, "Vq8LsV8heLc": 0.4, "LOjETlSufwo": 0.8, "MOBdTP9ZB-I": 1.0, "qLIW8JWk1RI": 0.2, "RxqXF9ePllU": 0.6, "o1tZ2QN33SI": 1.0, "Dip_ThFvjKI": 0.6, "vYGvoUNw-Rk": 0.6, "YlKDu_XtG_I": 0.8, "F8bXFTHPK_0": 0.8, "vPcjTefW_Ao": 0.6, "P-i6PlKdMug": 0.2, "C6d4o6hxZOY": 0.6, "tkxpzXqE5ZU": 0.8, "Y_7WgXAlLFg": 0.4, "VXyA7bZLoCw": 0.8, "N-nfMbFKC0s": 1.0, "EwrgDhck57E": 0.2, "Spb0bo3IT0I": 0.8, "-XzQcpcgCKY": 0.6, "fvc2to0bQLc": 0.0, "ZnbMEkpBs48": 1.0, "By0S8NpLPH4": 0.8, "9n0w7F5hGYM": 0.0, "JbsJPO-ZreM": 1.0, "A01uRcmyuWc": 0.8, "OFYSUPlZmcg": 0.2, "oF--p4Dkv_Q": 0.6, "CkF1rck0hIc": 0.8, "YqKMI05XHFk": 0.4, "MfzNEmqeIWo": 1.0, "BtKw7V7hGok": 0.2, "sXlmF3eI9R0": 0.2, "dpzu3HM2CIo": 0.2, "2uT9fjUmm-M": 0.6, "Y5Io2bdZP1A": 0.2, "P1T_Kk0cWLk": 1.0, "j70ha1PUlqk": 0.2, "FxoNbut0vqQ": 0.4, "ArTzPA5AsTg": 1.0, "95QcBNJN984": 0.4, "WX3N0Rr-q-E": 0.0, "iYpxxHQrP_Y": 0.0, "DRQJ7_TXAPE": 0.75, "ujEqAi6-VGo": 0.4, "CxvChSSLXVk": 0.0, "D3J7R6WBJJc": 0.2, "FZA37-7bw6o": 0.2, "mcEV4TeUxRY": 0.2, "yH7BaQEguYs": 0.6, "sRv9_Q3HOmg": 1.0, "-AmKP9VE2Ms": 0.2, "tE2JZ5eQnUE": 1.0, "u1OmpTPffQc": 0.2, "IQovoot_ZUM": 0.4, "JqNjeNeJzuA": 0.8, "iTUUWOV4Vns": 0.0, "Cx_5i5rWVE0": 0.8, "R50jeoI8K0w": 0.2, "TdrE1VMxzoE": 1.0, "3wC7XjH-pTQ": 0.0, "nQCDPCKoKhw": 0.6, "HyRMsv3aEkM": 0.0, "r_X5C6e3ZeY": 0.4, "Lvd5gy1Xqps": 0.6, "iyi67AJhB74": 1.0, "WEJJUGJZxpU": 1.0, "5fHG8U96EZA": 0.2, "wrAiclq3dw8": 0.8, "zvydETA5cYw": 0.0, "VbHw6bnVc5Y": 0.2, "ROmhkfzXNko": 0.2, "1xGroEzJgYs": 0.4, "HssUnxcw9wQ": 0.4, "G7BQHahjL3U": 0.0, "yeL--HO5-EM": 0.2, "bwz98athxQ8": 0.2, "zx_cmAIyaDQ": 0.6, "PccOSTr-qvA": 0.2, "1GvKSd5g8eA": 0.0, "qdHd735ZGg4": 0.8, "HEb04FxT0sg": 0.0, "fqiqW-QiySk": 1.0, "_ZILy1qRZTU": 0.6, "-ijH3cRJ1BY": 0.4, "eH4DkWxoVT0": 0.0, "8oE5guoix3w": 0.0, "pzJCbdgf6hs": 0.2, "TnHydQ94Z_Y": 0.2, "3LJvV4dHtHA": 0.6, "qGVleYQkSyM": 0.8, "MhWRyh6ymiM": 1.0, "ck14LKBI9GM": 0.4, "rZNiP2ufp_Q": 0.0, "htCL8zVxvQI": 0.6, "eCSBRIkS2mI": 0.0, "YD7ya_NssNM": 0.4, "zFSs4LlRW9E": 1.0, "-VmCOAGhHkM": 0.8, "HaYFeUhyQ9M": 0.4, "aumsEbfWnjk": 0.2, "JinBKqSCSac": 0.8, "0-U4Yr9UNBo": 0.8, "GZ3x1tMre50": 1.0, "mMM3Yhro508": 0.0, "rOc16tTA0sw": 0.6, "G01psD8GU-M": 0.8, "Dzu_bpCcfuA": 0.0, "XwvKXU8Tnx0": 0.6, "DMA4o6zqw58": 0.2, "PoUfNATA7R8": 0.0, "6HF7pSdZaNE": 1.0, "mQDit9-z1Xw": 0.6, "vVkFT2yjk0A": 0.6, "OfTObl7qgjM": 1.0, "U7pdH1cVbyY": 0.0, "_krbxXawoAU": 0.2, "HNbyvCB3ncI": 0.0, "wN0G9qdMDYI": 0.2, "6xy_lt-Z5b0": 0.6, "Rzu6zeLSWq8": 0.2, "OsN3-29ijIQ": 0.6, "D93S3UVU8pk": 1.0, "wJhU1BLVezw": 1.0, "bAImHu2qNEM": 0.0, "ujpmTe8PZUs": 0.0, "ks9vBiL4SkA": 0.4, "b8TC7zxvWBs": 0.4, "j1U3s8TVACA": 0.8, "zuX6Qknahkg": 0.0, "iN9hRCxwxBQ": 0.6, "5JuVHCJVYf4": 1.0, "EkMtaZ6coK4": 0.0, "VT9XM1SSkv0": 0.6, "58ldzvk0t50": 0.4, "eWHF6rmt1WE": 0.2, "h8Ek3v1RBEU": 0.8, "-rYZwYEpCds": 1.0, "Mkq_1O2iNHg": 0.6, "FvQ26Ik11JE": 0.2, "kRyEpJaHn8U": 0.2, "sWS0GVOQPs0": 0.6, "aEK37MBTUPk": 0.8, "GHJrXqAKR78": 0.4, "0A_35Z4eQfg": 0.2, "-lmw0d6S6jU": 0.8, "cyVzjoj96vs": 0.6, "AhZo0QfFO9E": 0.4, "FsW2QM2oLy4": 1.0, "tAnlcW_ILyw": 0.4, "7fF8uIRdfYE": 0.6, "DyMtcblMXfM": 0.2, "eke4s0erdgs": 0.2, "gKqqoQ0ug-Y": 0.0, "29dlGyKAySY": 0.4, "fiMdhT67xqA": 0.4, "8KuQ3nhpctA": 0.8, "e3_OV5oODj8": 0.0, "IvwkyXwn8vY": 0.6, "TszuuF7cbac": 0.8, "wIdpxZnD_eA": 0.8, "X72GUu9V0aw": 0.6, "-NGPwtXywLk": 0.8, "Oh4COhEGRCU": 0.6, "ZN_sDtN9wH8": 0.2, "bggFBWn7YoI": 0.6, "K8ddz3Bu4KI": 0.2, "yu9sWjnJFHU": 0.2, "NgMr2lyh4k8": 0.2, "FDwlgxqaOiU": 0.0, "jnvgq8STMGM": 0.8, "7T3J4n_PJaI": 0.2, "HLbNXOJ9nN4": 0.4, "gXlDStpJVhM": 0.8, "doSdHnKNtRc": 0.2, "FFsL8JBVWm4": 0.4, "ltqssfzVyrw": 0.2, "-W3yiAPR6g4": 1.0, "VEmQEFCBp2c": 0.2, "Sia6jCXUraM": 0.0, "Vn2ZyRUZ4-s": 1.0, "t_3oIy5jAG0": 0.8, "1bRja3o3Sro": 0.6, "6HNKqffU3Cc": 0.2, "L8RP9Hxw34Q": 0.2, "pNTu9RjThRM": 0.2, "6kkeGgRG-uE": 0.4, "7DZao4kN73M": 0.6, "nZjQ0H_jpsU": 0.0, "0rFt8QE4lkQ": 0.6, "XHPamIfsT7k": 0.6, "YN_eu8Jk50o": 0.6, "dWgLVUmW0Cc": 0.4, "6AOvnPY_d-U": 0.0, "GvzEX7uBXKY": 0.4, "vQYStgWhejA": 0.6, "-GXvYexMoZY": 0.6, "taMDXh7yBIA": 0.6, "vyeTdmBn_x0": 0.4, "BEoqmJ_6DVE": 0.8, "E7QpcewlSqI": 1.0, "6Obj5eoSpu8": 0.2, "Bw0KIjIfprU": 0.0, "dHyPPvksUTs": 0.0, "Evnaic2jP7E": 0.0, "FlzMcscSa4A": 1.0, "xlb4SfKhsdM": 0.2, "AJYN5rdrZXo": 0.0, "3biYBKLNBe8": 0.0, "OJ0x_X0xXgU": 0.4, "naUzg6XAjM4": 0.0, "3UOGKO7tM34": 1.0, "2MwarUSvaLM": 0.2, "6xYCsZW07o4": 0.2, "5CaMUfxVJVQ": 1.0, "XYxUzUzCpqo": 1.0, "N2oL_gXECtg": 0.8, "IM-QYuzrXC0": 0.0, "8hDtBVP3U4Q": 0.8, "ohIH_EchYWU": 0.0, "FhjX5ld3_v0": 0.8, "vmfBkVQCd-M": 1.0, "VSdxqIBfEAw": 1.0, "omjMG1JU21s": 1.0, "_Zgi2KNtWVY": 0.4, "L90XMfzURqg": 0.6, "r3-JcET_Rzw": 0.4, "G3fXdPM0OrY": 0.6, "OhIEt5IN6GI": 0.2, "6tqO8iiP_70": 0.4, "Hi2RE2Em6Cw": 0.8, "hzkuTNxrqAM": 0.2, "sh6vqhOUX8Q": 0.8, "14xmGANmavI": 0.6, "5NYMRt59d78": 0.4, "yH3YLcQxxmA": 0.6, "Gw_a4iutD1Q": 0.0, "kZCbvpJ4O6c": 0.6, "QCk54X1xYVg": 0.0, "yr78_7Kip3Q": 0.6, "M7cUYVviK50": 1.0, "9dxua41fAgo": 0.0, "krxgYqVdOG0": 1.0, "RzDr18UYO18": 0.0, "92RWz0gr1z0": 0.2, "ewcsazvpxT0": 0.4, "VIfRqrSjJis": 0.8, "RH2clfEPxAU": 0.6, "KsLb51xLivk": 1.0, "UKn_7fyB5fw": 0.8, "Qq7c7hBXlek": 1.0, "50DKFO15np4": 0.6, "F6Q_47Odm1A": 0.2, "A1W6Ku5bJR4": 1.0, "zE9wNkE820w": 1.0, "QZVAX69ujEU": 0.4, "6uFQAqwbwSg": 1.0, "Plh9sAFEZJw": 0.4, "g6krjPi4Osc": 0.4, "WlNH9bzju8U": 1.0, "puDC_XSKRes": 0.8, "z2q7y50zxNU": 0.6, "wcIhCTi_HHY": 0.2, "OobrfR125uc": 0.8, "obHjzVSAJQY": 1.0, "SXQY3A2eJc8": 0.6, "H_WSu29W1CQ": 0.8, "yhkkrkgCNkI": 0.4, "pkpX7tU3vuo": 0.8, "fMxb-f3uTis": 0.4, "m82OKNwOeaU": 0.2, "mByznNYCWTY": 0.5, "OqiJOPXpksc": 0.2, "zryW3mGUsa0": 0.2, "BRMQ08cG4Xg": 0.2, "PmrTDZy3f2M": 1.0, "Hsufiso4mLo": 1.0, "Nmgice3ieZ4": 0.8, "-DFuMqROFCQ": 0.2, "RAxElNM-Dmg": 1.0, "4a5fS0F6LLA": 0.8, "lxlmA8Pr_iY": 0.2, "rkqehuUTQ_4": 0.4, "dvWGLcdI8o8": 0.6, "stbtl2Arkag": 0.8, "erhsuXTyDww": 0.8, "l7IP5SV6GqQ": 0.2, "3mqscqDcoEY": 0.8, "Jv5StAv77Dg": 0.8, "CO0qwl5k9R4": 0.0, "hX1S4U33IgI": 0.0, "oUMo1il7me4": 0.8, "JrOCJMcs7Z0": 0.0, "47ZZjEXcJ-U": 0.8, "kNLwH8AEa7Q": 0.2, "yEH4Yum4nN4": 1.0, "1QA9pvLiu_s": 1.0, "G2Sn8z6hkT0": 0.0, "sqLNG9VYUcY": 0.2, "_BZsIY6PUPU": 1.0, "N6h1SMjQEog": 0.8, "V68UXteyuFg": 1.0, "dx6z-vDgz_Y": 0.0, "v-gwjJ_NXKU": 1.0, "iQuTPEYg2ow": 0.0, "Fiyy3Gc5Mes": 0.6, "UEVa2swtC10": 0.8, "0OOz0ixr9MQ": 0.0, "XjfH8wJ0zqM": 0.6, "tbTHevlbdqQ": 1.0, "LnoumTpLMfk": 0.0, "YydYJoz36UU": 0.0, "XftGMT8qDtQ": 1.0, "PFbeP6YqHzg": 1.0, "VDut1RkQP_s": 0.6, "eEgMjH9bVgQ": 1.0, "KJfX0FuB1Dg": 0.0, "Z4FH6w_srFQ": 0.6, "6oJXL398aBU": 0.2, "dskwrtTt2wI": 0.2, "bWUIugV3AGc": 0.6, "jAF2hZxdFRE": 0.4, "8luSJxVswFw": 0.4, "R9ixmH48CF8": 0.6, "BnQMq5wtZcg": 1.0, "E-MRp96TgbQ": 0.0, "SYF_EP4tmaY": 0.2, "kHCDajKs17E": 0.4, "KjpVMX3wcJQ": 0.4, "cbtf1oyNg-8": 1.0, "TVETIivaXlU": 0.2, "u1QdH6ZgJ3M": 0.2, "-iJAbi92xeM": 0.6, "O8TgVKtRB28": 0.2, "m9j8v2jhGqk": 0.0, "e52TSXwj774": 0.2, "WkYnX_VCMP0": 0.2, "osB_PSneUik": 0.6, "csrPT9ClVUc": 1.0, "D5l-H3fj8Rw": 0.0, "dXJ8AzlsX8w": 0.0, "kCvF0GmiHq4": 0.8, "jIPE9QM6FeM": 0.6, "eX4MdXF3OWI": 0.4, "a9WB_PXjTBo": 0.2, "VicXmrGCnYA": 0.4, "dcTjsBMIRU0": 0.6, "bL6aaatfWQU": 0.4, "QR8A3T6sPzU": 0.8, "893HhPM_0ks": 0.6, "7aUTdYsZda8": 0.2, "z7CnMN3xi9w": 0.4, "GXhXsex8y9c": 0.2, "F9_Vz_xVjAU": 0.2, "MF12L_uIAzU": 0.0, "we3aNazTODs": 0.2, "F7hwvWIK1eM": 0.6, "sSPP0wQslQo": 0.4, "cbfDGMfXimA": 0.4, "opNPUpLEJic": 0.8, "Mq0K8Q1lMgo": 0.4, "SfAxUpeVhCg": 0.2, "UzNcixxdnZs": 1.0, "113mRmchumY": 0.6, "XwdUXS94yNk": 0.2, "Im77qklKzm0": 0.0, "qoxRKfaG36Y": 0.4, "peUxhH5TKtY": 0.4, "mucuLrWHGqc": 0.4, "OlZqBR3yTiw": 0.8, "mcpgGmo8_4o": 0.4, "MVLzkTuVmrw": 0.4, "axsqWbxZJGc": 0.8, "X9dyADHwK74": 0.2, "kxTo6d34mUM": 0.2, "vQgbLkJVgAU": 0.2, "fDoDUC9M0Sg": 0.2, "a_FEhbdChkI": 0.0, "RMqv_GlnyR4": 0.0, "7LF0CNb6-KA": 0.0, "LVeBHwRbXB0": 0.2, "FOiY8YMJ4Q0": 0.0, "KdRrP1Kh9TU": 0.2, "W3U_Vxmqn9Q": 0.8, "QFsXJGlShTo": 0.2, "_OEijvTi0NE": 0.0, "tqVrAFFovNM": 0.0, "v3m8zkjquYI": 0.0, "pM3gfiregSQ": 0.0, "3bY7aOx8WHk": 0.2, "IlN82YoEpNo": 0.8, "gm6TV-sg3zc": 0.0, "jTNrakZWppM": 0.4, "7jeYZCzg8uk": 0.0, "7LQpRQh2KSQ": 1.0, "R_sX8DNJHJg": 0.4, "2IJtQvaK9GE": 0.0, "YcD3HHmKT4I": 0.0, "wvmnRLFYIIU": 1.0, "zSWES5qtht8": 0.0, "3iOO3uerUJY": 1.0, "__kJ7HsL10Y": 0.0, "DZ0x58a_L4s": 0.6, "zftD8q7SnJg": 0.0, "vn6E0boDX3g": 0.0, "G9ZvxYcPJk8": 0.2, "YCejo7c6pBs": 0.6, "qzilmXQ0ReQ": 0.0, "8nMOcw70RX8": 0.0, "wM75ulDRkhI": 1.0, "UJFDaEE799M": 0.0, "2wNW481Y39A": 0.0, "wVheMazNeM4": 0.6, "WJiz3SD5g1M": 0.0, "dgTrzCMFg9c": 0.6, "rY8MhKBZadk": 0.6, "utjtqCgUDnE": 0.0, "eFYH9kMHiIg": 0.0, "XCrhZswcukk": 0.4, "e3fv8IbnhXw": 0.8, "pgheNRqftos": 0.2, "yjno-e4WMtE": 0.0, "Q81bsGI-JcY": 0.2, "xTCrs-wSacg": 0.0, "xgk4J8eLRSo": 0.0, "TEsp-IYQaOk": 0.4, "1jy3Ow_edZM": 0.4, "Fobc_Jnx0Zs": 0.4, "XJdi689BqKA": 0.8, "WfV45T0PXQA": 0.8, "Tt4odad9p8c": 0.4, "fsE0g-8CDQo": 0.2, "64RHWvy_SoI": 1.0, "_th7oVWjrXM": 0.4, "O2vBJt1iG60": 0.2, "qSvb7o7xrxg": 0.6, "_6MAkLJ79LE": 0.4, "skedzvviBWM": 0.2, "CzcxM6u7ey0": 0.2, "I0ZqXv8KsJc": 0.4, "HzFdDFhenk8": 0.0, "9qQAn-wmUDM": 0.0, "hmT0WGVjT4M": 0.4, "9iL8pGHgBjU": 0.8, "wiixrRgysks": 1.0, "8zTDbpxT8ZI": 0.2, "LmSmrSm235A": 0.8, "moWeryJjRNM": 0.8, "4Or2Tanfrtk": 0.8, "dhwKGg4mhiY": 0.2, "zXhfwbjSovs": 0.2, "mR9UgTWUELo": 0.0, "uEZBoUdS7f4": 0.2, "F02kgBHjBms": 0.4, "SswMzUWOiJg": 0.2, "3jx_NcuZXac": 1.0, "TyDl1yEVQ_I": 0.0, "HexTZbSIEII": 0.8, "LhGJvGhIzaw": 0.8, "prqaLhnNYIo": 0.4, "qPdSUywxbR8": 0.0, "9go38MgZ4w8": 0.6, "H-V7cOestUs": 0.2, "wF_LJfwFsE4": 0.2, "3nKGrlVvabQ": 0.8, "8AsihR-MCig": 0.4, "ib-Qiyklq-Q": 0.4, "WhfntLl6xx0": 1.0, "OfY4PyFM3uY": 0.2, "zeeBp2uqcKc": 0.0, "HnL-7x4n4d8": 0.6, "eob532iEpqk": 0.6, "qWr8_tsG0Oo": 0.0, "D3KsGTIeO7A": 0.0, "faAZo970RA4": 0.6, "qi7RgBU1nlE": 1.0, "Sfy8UYRhmpA": 0.8, "TfOumoFSs0k": 1.0, "GEVMkdScUZc": 1.0, "j28GvX5sFHg": 0.0, "yZdWPqpVbEk": 0.2, "08bkLusdaOQ": 0.0, "PXTagE7BtRU": 0.8, "NWug8UKCZxo": 0.0, "uVqSmJW7JFg": 0.0, "kI-e19z0Og8": 1.0, "vShYYeWlgbU": 0.0, "QqScHid0h-c": 0.6, "ENp3y6Sk8pk": 0.4, "1AIDh3-sGW0": 0.0, "1krJqn3smbI": 0.8, "tRnp4UPI-Qk": 0.2, "HRu7W935dyk": 0.6, "YfFlaavmqSU": 0.8, "3quMz-EAThw": 0.8, "Ht3HsVs9alo": 0.4, "8Bc0WjTT0Ps": 0.6, "yGVaArcV9BE": 0.2, "z4-O-tLsCDo": 0.8, "tevkM-vPqLY": 0.0, "NteAPGprDJk": 0.2, "xDrHWtN2-C0": 0.0, "hmXp5nrGSwQ": 0.8, "dQmK1CnwOUI": 0.8, "2-_qRS4Li7A": 0.4, "oal-vBFmnRk": 0.2, "uIVfcqanGEU": 0.0, "Ggg0bsUfLBk": 1.0, "SZ59-omEYgc": 1.0, "6FSOKnW9BLI": 0.0, "GINmvzOpfvc": 0.8, "tYysQOHTimo": 0.6, "cwRSIRBzg-c": 0.6, "Vuw5g1tBrvk": 0.0, "_T5FcBB9GIw": 0.0, "cp1DMQ-x33k": 1.0, "9PrskhcKEXs": 0.2, "L4t-fCKQCP4": 0.4, "d4gb13p2Vao": 0.0, "ckXUcAULF6Q": 0.6, "qjKMAolOf6E": 0.0, "Bkcz98qXUPo": 0.2, "28pbk_cQx-w": 0.8, "vEEWxUHKUZA": 0.6, "EEfdypNxAVU": 0.2, "_lDncgUwor4": 0.0, "bp67DsgTqSA": 0.6, "ut5qa3B9GEk": 0.2, "Bh3b6M4g8BA": 0.6, "vSROQRmdZJU": 0.8, "4IaDS9MpzH0": 0.8, "LQqyDj7RX6Y": 0.6, "nlpZRK2Yfd0": 0.2, "jjV91ZRqu-o": 0.8, "2k88FGifTFI": 0.0, "kH3JycOMCR0": 0.4, "8j2wmtOrzy0": 1.0, "C39GKOf9clo": 0.8, "Zk1LRs39xGE": 0.2, "Q5qZedMTkkE": 0.2, "111MTs7MGuw": 0.2, "dGfQgat7KiU": 0.6, "DED1fp04298": 0.0, "1QEYO2f77Qk": 0.4, "3zCtPnz-Bxk": 0.8, "z7HGLN8r84E": 0.0, "nfGldW3PnE8": 1.0, "EkcRPhF2gO0": 0.8, "0dwNyxycNqQ": 0.8, "QI3x6pEwmHk": 0.8, "vnOyMSEWNTs": 0.4, "8SVnrNaNv7A": 1.0, "T1rZ_GuLZ6s": 1.0, "oVngo_slWJ4": 1.0, "uww_MqZD1Tw": 0.6, "BEgmHJj7D2I": 0.2, "ROzC0-LD1P8": 1.0, "NvEC1qZuehI": 0.6, "YkruVmCZoJ8": 0.2, "FoGGDKV88Fg": 0.0, "e6o8PbAsGKA": 0.4, "LVZy1FIua2M": 0.8, "M5A2a56ALMc": 0.2, "RtETcsKfVo0": 0.4, "uqToVzu0iTc": 0.2, "SNgjU783Y8s": 0.2, "wnwEntgHyFI": 0.8, "IqlrxA2Atdg": 0.4, "KDLIl7eP1w8": 0.0, "QMqVijLB4z0": 0.2, "pDGxehBp3Ug": 0.0, "wJl8sIAZV-M": 0.2, "21ivbtgqJkg": 1.0, "b_L3jgr97FM": 0.8, "WikU5oIkL8c": 0.2, "MLk_dCtwJsY": 0.0, "Co1oj3o4tbE": 1.0, "V5JEThKxsc4": 0.0, "dY1ecfWT3GQ": 0.2, "eI6mIlHKrVY": 0.2, "oFGA1IFGMU4": 0.0, "CUCC8D0Pq_o": 0.6, "zB3JekAH9rc": 0.8, "DvpKouRTCx0": 0.8, "MTUyMzR6ucQ": 0.4, "EQobIUE1zTU": 0.4, "2UHi7m-oWgk": 0.6, "SEkGHaD7ldk": 0.2, "sgMl-iZ3tZM": 1.0, "iUP3PMLdoOs": 1.0, "Q4uSKvXEuZc": 0.5, "eI8YZdejPKg": 1.0, "j0BDwzN4viw": 0.8, "gSUMLpmLV4A": 0.0, "rn0lwGk4u9o": 0.6, "dZfkSAQWz9E": 1.0, "CRiC9iTnlNk": 0.0, "3wdaADBIoH8": 0.2, "RaFcbOBw8bI": 1.0, "hlDFpwZPWJY": 0.2, "1u28Z6RM-FY": 0.8, "obC8w93I5HA": 0.4, "U-VzZQGWOqA": 0.2, "_yl7YfEyK4Y": 0.4, "J5I_qRADxIo": 1.0, "tll-4WONtg0": 0.2, "TcOOfpf_YBk": 1.0, "NENrMgUl8JM": 0.2, "F_ivP4xqeZo": 0.6, "VU8k5iTim-I": 0.0, "Z76fSElJu8o": 1.0, "kC43BDxrNhI": 0.6, "apN1ptgguzg": 0.0, "O8vZjrvYIsI": 0.6, "lJu7oFtAeZs": 0.0, "azDtIqe-zzE": 0.6, "N_r349riLEE": 0.2, "Af1OxkFOK18": 0.8, "3LB9sKseRGg": 0.0, "EJxibzQfeBA": 0.4, "py5J2ucsK9Q": 0.8, "rFq7M1vUIgU": 0.4, "Y96zjf5AXUg": 0.8, "_RuQrkMzvf8": 0.0, "Owq4457dtXE": 0.6, "Snoxw4F6xp0": 0.4, "-D-jpc741rw": 0.8, "o3GksS6WGgY": 0.0, "fKTTV-E-aLs": 0.8, "NIsvor0ID_U": 0.4, "uhhcaN03tXs": 0.2, "idQhux3kqTw": 0.2, "1w1myYavVsE": 0.4, "rnBAIJ1mzqQ": 0.2, "EIv10asX7cc": 0.4, "8iXdsvgpwc8": 0.2, "2o1TA0PG6pA": 0.0, "2idFHFN1J9Y": 0.4, "tDIEpusrQyE": 1.0, "qbKXo9K59ZE": 0.0, "CjaChfeguhk": 0.0, "DdD89s1Xjtw": 0.6, "wKn5K5V7tRo": 0.2, "D0cyg74awpI": 0.4, "mSzGpC5Xihc": 0.2, "DFM4DSJHs5w": 0.0, "J0HKpQyhmcA": 0.8, "Pm4_Sj1L4b8": 0.2, "q8Zc3ilbkWE": 0.8, "WzQ6a2UKlGM": 0.8, "YG2nGaRCWjo": 0.8, "T8y7uf2LmkA": 0.0, "yZaOUpzq4Kw": 0.0, "zeGT4UArCdc": 0.0, "d_XTFjvvcnQ": 0.2, "NFg3HBMJyV4": 1.0, "U6xmeqm8k7Q": 0.0, "1iAzpTqRIgY": 0.4, "w5NH6qXvB9c": 0.2, "vtP-S9OS0o0": 1.0, "lNfPcMGneb0": 0.0, "zP3DcpSSH34": 0.2, "tWeE2-X7wn0": 0.2, "DYYy8_GCdn4": 0.4, "Rr6qaG8RlUk": 0.2, "2yO4-Oh-JP4": 1.0, "MQLMeywyy7g": 0.6, "h5LR-IZbbc0": 1.0, "wO7HQ4fNrpA": 0.2, "7vCet60rr_s": 0.8, "XE9DaSxwEr4": 0.8, "ffQf0ztguzs": 0.6, "g0MdXNmwxdo": 0.4, "Yr5ZWYRaAyw": 0.4, "QdwsaqwfK8s": 0.0, "9MepHcKOYeU": 1.0, "KtkfE_OWSzo": 0.6, "zR_-YIPP49U": 0.2, "ZbTCfuCnWCE": 0.0, "a0YTHkqtzOI": 0.0, "VoP0tAvHcGY": 0.4, "07i6PO1gP10": 0.0, "efstterUes4": 0.4, "DiZdqp85EfI": 0.8, "P03flnwV__0": 0.0, "VFYiqDh0UxE": 0.6, "rSTGOyDFPrU": 0.6, "XUDLLRI_jXo": 0.0, "e6Qhmdk4VNs": 0.0, "zeArvKw2Y-c": 0.0, "h61AVRe_Dd4": 0.0, "VZ9HkICDuOI": 0.2, "eJvwxDTlue8": 0.0, "cv157ZIInUk": 1.0, "uDBJ2ktSZpI": 0.2, "oSHtuXXbig4": 0.4, "idJvKQr7LWk": 0.4, "uGlYpkQfk_0": 0.2, "_I1UfeCH3SY": 0.4, "Om5zrGo1n6c": 0.6, "ql7uY36-LwA": 0.6, "DH2yYPyH0VY": 1.0, "98BIu9dpwHU": 0.0, "-UGQp9pfU_Q": 0.2, "5J58i_qbQxY": 0.2, "AhlpVjZxutw": 1.0, "w10a7OCsjzE": 0.8, "_VX6IOJtn7U": 0.0, "v3nD2ySQugQ": 0.2, "mkLjjgxy7hQ": 0.8, "zKQbsrRutvE": 1.0, "h7k2uwJmwxo": 0.2, "Q9aJBgPpgYY": 0.0, "MpiJtAgb918": 0.0, "7qRIx5t31zo": 0.0, "x8JRZDVq-Ho": 0.0, "MX3P_fcgtHM": 1.0, "CwpNQWrD8PY": 0.8, "Rbrea2OXbRo": 0.2, "Dlf1_vuIR4I": 0.8, "kte8Eij3TPQ": 1.0, "EjQ5Yw72xtA": 0.8, "rZBxVuTClUc": 0.2, "KDuLZeVfYcg": 0.2, "tsZUuI2bSG4": 0.2, "KGr_KFiCX4s": 0.6, "GhFGH3Rj_94": 0.8, "Hk2kUKrrxtE": 0.0, "V-GgoHaHz6s": 0.8, "MYSmij0407A": 0.6, "STVn3BmZXw0": 0.0, "u0DTlkN_E9c": 0.6, "CpnYLvVrA0g": 0.2, "y5trB-JyC54": 0.6, "lyknI5_Wcqs": 0.2, "a1gpOAYth8k": 0.2, "Ogf5gG3ORPk": 0.0, "oWdZEJW1vWY": 0.0, "Fj7kFvk-T7g": 0.6, "qCoReA4dNV0": 0.6, "fB9ERHjCzfI": 0.0, "uM0XeDzbULs": 0.0, "7iCXk67TIB0": 0.6, "elDrMzkUbHQ": 0.2, "l0fJnbuc1ig": 0.8, "daIrc6uBRkc": 0.4, "5tisdEErLHA": 0.0, "V_3H_Y5QUWw": 0.6, "tw-6rkZ1Cmw": 0.0, "99iAONlvpbw": 0.8, "mmePn5kPfh0": 0.0, "bqeGxMgVOHI": 0.8, "Cu-qFrFMc_w": 0.4, "S_bVfu9zpHw": 0.8, "vft5RNJ-U_4": 0.0, "7IcGYHU8WBo": 1.0, "TR7JApjgIGw": 0.2, "7T5jX_BNnb4": 0.0, "agI77DDECkY": 0.8, "hQokYC2-b2A": 0.2, "mm2lAWZ9Y5k": 0.0, "U9y9McTwNKE": 1.0, "mCVaLGPHqOI": 0.4, "Yh0nkoJgDM8": 0.6, "-usbQDfTIqE": 0.4, "D-ie_aFsfb8": 1.0, "4va3G-CNNUo": 1.0, "SDwxwvQEdPo": 0.0, "cLkiyNte_U8": 0.2, "vRYfouuHPvs": 0.4, "fdB79Gb1aVE": 0.2, "ZlCVwarmwJM": 1.0, "ivLmx6ixRRc": 0.4, "a5abtmwuo1s": 0.4, "Tbxq0IDqD04": 0.8, "HT666XwJR2s": 0.4, "kkiz1_d1GsA": 0.6, "iJgnAHEHBYI": 0.2, "15nAJorLmHY": 0.2, "UW4K0hKqLX8": 0.2, "f6cvgN0j_CY": 0.4, "iQnmoquHwaA": 0.0, "xzv8YzbhM98": 0.0, "Ih4VYnbm6Sw": 0.8, "KaxwXegbgug": 0.0, "3KyvlMJefR4": 0.2, "KVgijMlXMps": 0.0, "d6hllDE7VJg": 0.2, "l5tcxmnv8c8": 0.4, "iFNi5-hppUE": 1.0, "qiFQsxGUQOI": 0.8, "62Pitv-cm3s": 0.6, "FuKGC1djld0": 1.0, "xaZlPaj5SAg": 0.6, "eeVelhH-aIU": 0.2, "7ZvOqYVs2ao": 1.0, "KJegaxpGBQ0": 1.0, "yEnxF4sPmpA": 0.8, "tBxMpuiBO7Q": 0.2, "1q8ihgBaYog": 1.0, "i0NloNxh4xE": 0.0, "JY02BTJrrOc": 0.2, "P3IjDZWcsTE": 1.0, "hE3XQXd99iw": 0.6, "cBoD_zRfz_4": 0.4, "meW77mdWU7g": 0.0, "Lu8To4CwPfg": 0.4, "DEmA_QF30GI": 1.0, "Hy409bgKcgE": 0.6, "qBRG4RkE51Q": 0.6, "byPCI7Y4paw": 0.0, "yq17qH-zxKg": 0.0, "5hp2YS0GzCY": 0.2, "VHz30rlNHCc": 0.6, "6BB9MI_8bsE": 0.8, "YJeaO0trUoQ": 0.0, "BWTmYKKCmZk": 1.0, "FT7lLnd_DYE": 0.4, "L4zQ_q0fbmw": 0.8, "M7-KYW_FgqM": 1.0, "3vaDzDzRH_c": 1.0, "tTJDZ4Fl4sg": 0.0, "BDumsN1NCGg": 0.6, "rK4Bh_arF-E": 0.8, "lT8bG7XqnBw": 0.0, "JbxLsqJIdsk": 0.4, "9Id_r6pNsus": 0.2, "sRzh8uLA1tM": 0.2, "JTRJBpNTcHA": 0.8, "KfjQTkEVy3U": 0.0, "khDdRExFF-k": 1.0, "wuzlcAKPoDg": 0.8, "b_u5C749aKQ": 0.4, "RdPDrilMi_k": 0.8, "6ThU8dS1ItQ": 0.0, "KfUCkewOiBQ": 0.4, "YK2VZgJ4AoM": 0.2, "tSJXjRkCKvI": 0.8, "F-OgKyUuFfI": 0.6, "pV7-cwgRjL0": 1.0, "BpOvzGiheOM": 1.0, "0LcHFkXmCb8": 0.6, "8FYJKrHNeqI": 1.0, "hnI9nAIsSeA": 0.0, "EOxCl1P5r4k": 0.0, "SPc70pG-7tY": 0.4, "0xQ-HyzAgRk": 0.2, "YRpzk1oQ5jQ": 0.8, "6-BPFPwv8RQ": 0.6, "P_o1_li9FCI": 0.6, "KpqEGS7asds": 1.0, "jO3K0B3kLZs": 1.0, "enJbXlb4zqo": 0.2, "Q2TtdM4iI5k": 0.6, "IJKXCEXByp8": 0.0, "otR8V7rlnjA": 0.2, "dB2UJ5nV1VY": 1.0, "DPEJB-FCItk": 0.8, "6VEHt9cmtzI": 0.4, "-NGN4J6F_vI": 1.0, "CCBnUx5uMqE": 0.6, "92_2HbPjFdU": 0.4, "9VYLCP0JeIU": 1.0, "ZJXRdce_INo": 0.2, "Bw1Iwzst2bc": 0.8, "KnwxN24E2yY": 0.8, "Tjnddp_pOac": 0.0, "pcodyFKKdVM": 0.2, "Lt_OS54FFFE": 0.6, "U-AjA5VOZjc": 0.0, "XdOiF_qdQLI": 1.0, "eU17_kd-e4w": 0.2, "LSZPNwZex9s": 0.4, "jgnUqYSxflg": 1.0, "uA-_HGiV6eM": 0.4, "ueDjWG29Kwc": 0.2, "XVTo4y5e08k": 0.8, "iLsDZjIH7sE": 0.8, "TXKGIAdv0sE": 0.0, "R2QRUN_gO74": 0.8, "s0sbTLCLpgY": 0.8, "N0TY3_9-Oe4": 0.6, "jzj7STruKgQ": 0.2, "cYIN-b8qjmo": 0.8, "qKiQA5e-fPg": 0.4, "js6VqTldWi4": 0.2, "Q-0MP0Ql4II": 0.6, "hxW2qrzciIA": 0.8, "QhOXx3JRlMM": 0.0, "JWMM7HPeTHQ": 0.6, "uw08j-yOfcE": 1.0, "l0GS1EQ2470": 0.0, "GqKXkKplELU": 1.0, "8eA24a6ohjs": 0.4, "qaOvHKG0Tio": 0.2, "be8E-_ZR2-I": 0.0, "iyNQr8k622c": 0.8, "KFQXuCexTZs": 0.0, "Rk9a6BodzdM": 0.8, "dn7u5XvupSU": 1.0, "PJ-JBFXh2IU": 0.4, "97z8WZXrCCo": 0.4, "WLb8AwuZ7N8": 0.2, "OXD8gB2OkAg": 0.4, "sNBdU0PwWKU": 0.6, "JpVULjoF7uI": 0.2, "XLBfHyfSD5Q": 0.4, "LMPKVWN8NQk": 0.6, "I7CZuPiY-4o": 0.8, "awq90APEVgw": 0.8, "ctVKoj2jZLU": 0.0, "MixNh9L7G5M": 1.0, "Nu5VJMv8l3k": 0.0, "-kVhurg5b9U": 0.2, "Ln8_AUCIkAw": 0.4, "tCAY8YH0X7w": 0.0, "YdB4DJArCns": 1.0, "OGqfFQdSbIw": 0.4, "QUOqFV_v5po": 0.8, "E1GrfYVfxpY": 0.2, "YxhJD40NaMs": 0.8, "eOhRcauf7tU": 0.0, "GF1RZ2A1cq4": 0.2, "a3LUeeDwLXI": 0.0, "GvMbfC-Z8mc": 0.8, "Xu25lUDJZgY": 1.0, "RMEEpw0oh10": 0.0, "rskFaiDIEwA": 0.2, "79GTD0Q3-yI": 0.4, "CvZ3WwEEtPQ": 0.6, "OqHDg-DGWsM": 0.6, "b3F-20ld720": 0.2, "uoABty_zE00": 0.2, "xxYjJ341_Fg": 0.8, "i7GxI9aiiYE": 0.4, "rTJT3fVv1vU": 0.4, "f8T8eWBmls0": 0.6, "-UP6DuhIc4s": 0.4, "BR07oZC0QHU": 0.0, "9HzLLF64F3U": 0.0, "YkyTQP27H6s": 1.0, "DM58BGhJ6oo": 0.6, "TVqe8ieqz10": 0.6, "OWZ6xtVLmzA": 0.2, "0pGgRgTnMTA": 0.4, "tMe3WDmxBEI": 1.0, "7AVmI73va4g": 0.2, "0KIqDAijbS8": 0.8, "6mpS6V6Ucrk": 1.0, "5QLUr7zVBeY": 0.4, "rBPmG2lK1uY": 0.0, "42f8stXuFPQ": 0.4, "XXCvPwgx320": 0.8, "KS_6HHQ7jOA": 0.8, "MV-_bqt_ePM": 0.0, "VcaT_wRwmuw": 0.2, "e58Lr9oRHc4": 0.0, "8Suu84khNGY": 0.2, "KYd5XMs-nVM": 0.2, "lDUOmY80GhU": 0.8, "PbA1F8z_ppY": 0.6, "V32xhSMhCXE": 0.0, "ULL6DqJfdoE": 0.4, "jwM5_-2Z1JA": 0.8, "qfSVlybYNho": 0.2, "T_y3HfRGRek": 0.0, "mBwhdjaMfBA": 0.2, "Nv5eL4onluo": 0.2, "TLHP_DXmBcE": 0.6, "9mRCi5vxrA4": 0.0, "zl4lAX-hoqQ": 0.0, "FtnESCiZRnw": 0.6, "fQYvkhlhH4Q": 1.0, "Ccj7qX_NdJw": 0.2, "Zpa6ttwYENs": 0.0, "iZQbY4sVGDs": 0.8, "NySN_plfiNI": 1.0, "S_US6re0sHM": 0.4, "thNmEKUBG5g": 0.4, "UYy1GmJgFXA": 0.6, "SHdV_a_QAa8": 0.4, "5Ea5lKyWxGc": 0.0, "Tb-OVhtKsyA": 0.0, "TkHA2pf1gvc": 1.0, "qADLeOv4UfM": 0.0, "LEc-35QNaoM": 0.0, "zlulSyBI2aY": 0.4, "bKWTB682GdA": 0.0, "v9ilXA1bHg8": 0.4, "GM2C0fiZcp8": 0.0, "4ArXuQwjj7Q": 0.0, "dGef5vWiUow": 0.0, "QSgnWYlUtj4": 0.4, "3iHP5bBWFrw": 0.0, "NWlOtBV5zO0": 0.0, "b95oyhSd5ls": 0.4, "ou9AabR6_1w": 0.4, "h7y6iE0aB5s": 0.8, "iSsRWJdTlFw": 0.2, "qoWIPOXnGtM": 0.0, "fbiru-km-Ps": 1.0, "rIzbZndT79s": 0.0, "W-2MXzendwA": 0.6, "Q49CQwAmPIk": 0.0, "KE1myHdqlWM": 0.2, "q0rSbR80GQk": 0.6, "OYolmh5LDbU": 0.6, "4Krky4i6Xk8": 0.2, "nVyYWy4dgc8": 0.2, "FcVno8saeZY": 0.2, "3iH2jJLfR0o": 0.6, "dt8WKBM6Tjs": 0.4, "bYluhQEhyeE": 0.2, "tkUHLrFyaEk": 0.0, "q-xkGEW0dVA": 0.8, "KZEZ4-KxuL0": 0.0, "287EUNf3yAk": 0.2, "6dwjoUYvHs8": 0.0, "P8LARnyyJKI": 0.8, "-kwRrnS5vV4": 0.4, "6T2olgjnDWY": 0.4, "RErvLXHsKmg": 0.4, "iQ1-jSvxMJ0": 1.0, "pfxB5ut-KTs": 1.0, "LpjojQea7Lw": 1.0, "IiYRIhGnLiY": 0.4, "7Guufs3mdgg": 0.4, "yY7VmNv6ud8": 0.8, "UK9VU1aJvTI": 0.4, "hBwjS_4ow1Q": 0.2, "QKt7A_wsq_8": 0.4, "C6Ds54kVdlQ": 1.0, "yTLQBOlgkTg": 0.8, "BzNhTGHgdeo": 0.6, "3iv2NnAxVmM": 0.8, "WEv1DrfntZ4": 1.0, "E1KVn_XQlqA": 1.0, "c32CSBdhb-M": 0.2, "WExHEUYou8Y": 1.0, "IhdJkFH7K38": 0.0, "GqrhVFrDTd8": 0.8, "g0u0oEUcasU": 0.8, "VbVa0cPAJ1g": 0.8, "HypgcCT1r68": 0.6, "6kYqjTA_VEg": 0.2, "9y5CFRb0FyA": 0.0, "mfrZmzP2ZTU": 0.4, "wT4DR_ae_4o": 0.8, "EzW4d4QknOs": 0.0, "7Kb3rDbBWEI": 0.0, "_8n3VwG1xWA": 0.4, "jJ2yGIYMWwo": 0.8, "7QBgCfKfXqQ": 0.4, "SQNmOC7W7-A": 0.6, "bNGtPI3AQLo": 0.2, "8M-sAPobpfY": 1.0, "kPiC_fTPIbc": 0.2, "ljH1f7ESmUU": 0.4, "DkJ2tyCzyiA": 0.4, "sF0M_Rpv4Os": 0.4, "QtznmBe_T8w": 0.6, "qTz5jAn-XX8": 1.0, "4tqM0RSzQvM": 0.8, "fz5IRdFIpvA": 0.0, "KShkhIXdf1Y": 0.8, "a2E5J157hEo": 0.2, "H61Iw9OGQ-c": 0.4, "v5LjcaN0kuU": 0.6, "sjgLb0HJ3VE": 0.2, "Gn18qz-iVJI": 0.0, "0cP-qr1JUBI": 0.4, "pieK7b4KLL4": 0.4, "lVt0ZyO9ft4": 0.4, "LwDyMlfcxwM": 1.0, "hNhSBhJHBls": 1.0, "K_PWFs6tMpM": 0.0, "1USbTGYv9ZM": 0.8, "9u9tDUHwCio": 0.2, "jlXRengzZoc": 0.4, "Jy36yeOO4ts": 0.2, "3hb1pYdEuLE": 0.0, "Dv_yS_90D3k": 0.8, "m4ZEEaPyeG0": 0.4, "PUEI7mm8M7Q": 0.4, "d_MreRQ7_-w": 0.4, "e0vyx9sa99E": 0.6, "wczdECcwRw0": 0.6, "9WoM2bHfr48": 0.8, "_anNRzbAQQ8": 0.0, "AZMSAzZ76EU": 0.8, "2gHeBVyqJRo": 0.6, "pQO2VtV1PNg": 0.2, "y5Aj3mEvCa4": 0.4, "fHV2iN0TmMA": 0.4, "8EtGkNVD320": 0.4, "B8--HRraGck": 0.6, "LHt7msyiLsY": 0.4, "p0qYO0ZbdUo": 0.2, "CGb4s-Hix90": 0.0, "NK-oRUR3EY4": 0.0, "DoXRMooXv0c": 0.8, "2eXbSwaVcVs": 1.0, "K45m79fEyz8": 1.0, "XQ-NXWecM94": 0.8, "ttvHDYgEs94": 1.0, "14X98i8psts": 0.4, "rdcLg35QMs0": 0.8, "u_R5j1B_jOg": 0.2, "8BCIOFSym9s": 0.6, "9NYu9STVm-I": 0.0, "4tZKhJBLu_A": 0.0, "4hScgyXu_9c": 0.4, "JYu3LjgnT9s": 0.0, "m064aD_kH40": 0.6, "UTjDWkaR6ZQ": 0.4, "hIqC9IYMUOU": 0.4, "D5H1A7-6E_U": 0.4}