{"KONL05sae4E": "1", "VZ9lXgcYL50": "1", "XutXCTwwmYc": "1", "h6CcxJQq1x8": "1", "w22oOw3RIAk": "1", "1KkVdbUr250": "1", "D-Q5mUes_8k": "1", "hFYCjZvv8y4": "1", "mcP_f1UEQVo": "1", "-nYhixp7bXI": "1", "xtJqw--DGl8": "1", "qhbliUq0_r4": "1", "EIUSkKTUftU": "1", "QEDRDrV55q8": "0", "5AP5zQrJRIg": "1", "DlB4hFTAxOo": "0", "PsH4uuRT2w8": "1", "sPneQzqhh4g": "1", "G2wBnjtmmg8": "1", "QNh18bRw_0k": "1", "MX145Tu4MHY": "1", "i6O98o2FRHw": "1", "9IZ4CN-CTCM": "0", "5AuLkMBAFZg": "1", "-rMrkyMn-sY": "1", "iZIHSn1ILxs": "1", "w4kHmbZTvyI": "1", "e8iwjnN8j3A": "0", "qbBLDBohgrY": "1", "gm_n76Dsl0c": "1", "BhHONpmlxPc": "1", "g7xSwrdkOMM": "1", "dNjIpip6e3A": "1", "B-XHdkCsc5U": "0", "-wXjs6DXoeY": "1", "QXAYIYdvnys": "1", "Ws-yd9YPfdE": "1", "7GKuZu9xkj0": "1", "r3idOGxm3FA": "0", "3yieFIhdeJQ": "1", "lfABnAS5i9Q": "1", "X6pyDwa3nGw": "1", "rBey5TrvoDw": "1", "mulAi7cno2Y": "1", "1jP4O7rEHQ8": "1", "-iKqr230U9M": "1", "wTfBWIJ8xQo": "1", "0tteHhYh9rU": "1", "z01w7kSkDbg": "1", "baicgyq5UQo": "1", "n_ERe9-EDSM": "1", "P9LHzVEPodg": "1", "7jXUWe3MV_c": "1", "xeo9mVnuuWo": "1", "LL0s6qOIGr8": "1", "E3pMBPFUPFM": "1", "hy2rGDWgOu8": "1", "8zOgbkg6Akw": "1", "_wZSB0b9OCA": "-1", "azJEx1URHsI": "1", "NpwdcmjBgNA": "1", "mh6vHoyBs58": "1", "ghex3MkcoJw": "1", "dUig9IAwggM": "1", "c6PPa6sg20E": "1", "HtYOm59fys8": "1", "2Zr7lY4WsFA": "1", "7nr-irGW9bw": "1", "xK9KHSYmDRQ": "1", "7oHsDGnZTcw": "1", "UU0SP91D9Js": "1", "DXvW6i1U_uc": "1", "1WlRcXIO5ik": "1", "MTtCV_XSMi0": "1", "Pc5gHm8Po20": "1", "0A43tb18T8Y": "1", "VRrMu7B1L2I": "1", "d4rxwT7TwXg": "1", "QrnoERrXXAQ": "1", "NjFnoU0IJrE": "1", "Jtakqt3Jygk": "1", "-T7zyezBkuY": "-1", "4jpmWTqKeW0": "1", "tr3dFSzh1yU": "1", "YyRtlIddnmo": "1", "e01a4-ClcTs": "1", "VX5au0LOJp8": "1", "MsmxhpjYa5o": "1", "Gz-sC-vSIXk": "1", "ObdSno1uoQs": "1", "E4_ygnUilm4": "0", "kfrZnIx2VFE": "1", "fi7G0RgqcxQ": "1", "kTaCT8ZmdJA": "1", "dgFsMuuX-NQ": "1", "jcH8WPds_qU": "1", "r5vgDdzJ_So": "1", "JuHMQ0QpH44": "1", "J3POpdFlxWE": "0", "zwY6acYYO3o": "1", "nazd-KgCjVI": "1", "V8YkHR9sOoA": "1", "7t2mi19DcmE": "1", "gQPN3UKQM-U": "1", "PGkHLhnHEb0": "1", "faTF8wpZ4gA": "1", "_E3VBQa-nAU": "1", "PIi_RQU3skw": "1", "BRKbcWGkw1I": "1", "YRRBs71p7II": "1", "pnyo92tqh3g": "1", "qw6_5t8XfSk": "1", "RzFMm6I--zc": "1", "lrMD_z_FnNk": "1", "JOOfRE4m7PE": "1", "5doFzYPjl2U": "1", "pXI340MQ2-o": "1", "OmrA8nOZF2Q": "1", "2v7lsnPvgtI": "1", "tjgtLSHhTPg": "1", "6IweE9qcQZ4": "1", "L4mP9pR-mzU": "1", "xhH2r3mKFeI": "1", "tLzfc7Ba12k": "1", "ub_a2t0ZfTs": "1", "Hqhn3eiNTr0": "1", "Bf_z_7B4Ifw": "1", "jqDrvC3E9kw": "1", "wi-SZOU1S-s": "1", "0gjRzLqXijQ": "1", "D4pZN0wNuCI": "1", "Bp4tUXc5wZo": "1", "g0qawngQi6Q": "1", "6YEoYGArMas": "1", "-HWd3Nqu8_0": "1", "uHsLu6X1vys": "1", "ptbJZ9HBw2k": "1", "KKbRAazkiWc": "1", "qU5SVyxmW-k": "1", "iNDaTA3u6-g": "1", "Bp1KfEGUzZo": "1", "5u95Zc7AbDM": "1", "9grrfloJCgc": "1", "3T_xq0U5D5Y": "1", "8EtGkNVD320": "1", "gugjMmXQrDo": "1", "6GNGfse9ZK8": "1", "pLWpyBVx-Go": "1", "kpjbhe5HJaE": "1", "iZW04_BdyG8": "1", "ILQq5hQhHYY": "1", "RpnCkBZVI6o": "1", "6h3G-lMZxjo": "1", "sch_WMjd6go": "1", "vLQGXHy5m6Y": "1", "eLhLqDUwPok": "1", "E1GrfYVfxpY": "1", "LwabxgoSGZY": "1", "9xGRii6IA1M": "-1", "zkd5dJIVjgM": "1", "ulECncwlNMQ": "1", "9Mj3mvkIyg8": "1", "7Ac2cZPOD00": "1", "PaXPMCoC6zA": "1", "vh_EwI8pjQU": "1", "hro4AdTYiTA": "1", "yICX_ZQ86Mw": "-1", "uS4e1_gW6Es": "1", "__uCQMKry3w": "1", "qV3PhvCf_Jg": "1", "F7viKAPDmT0": "1", "kOSsIIxQ_dE": "0", "pkRfPx--R44": "1", "oRdpoJFPQjI": "1", "QN_UqvcynYw": "1", "EQtwo0xPvK4": "1", "Gu6vmNz-PhE": "1", "MkpUGyWQlV0": "-1", "8IkS1oXvhVM": "1", "EZ5MxR80uYw": "1", "f_SwD7RveNE": "1", "VJwFUNHtCJQ": "1", "487-TyrRkfE": "1", "TCFnaU88FZM": "1", "bXL8QPWLbBo": "1", "B7g63DAr_i0": "1", "f1PNQwHZuJc": "1", "d2QNuDUTocE": "1", "VWPlZSL9ZMc": "1", "OWOBAD4OKwA": "1", "HxznTayRCYQ": "1", "t5UjmHOl4pU": "1", "25x_OMYCYSg": "1", "4naT8ckkj5Y": "1", "y7ROJjWS2L0": "1", "oRValgHDvxE": "1", "BJDPKBNuqzE": "1", "MBpIkIyxdJ8": "1", "b-CJNGx_Q0A": "1", "wFl4N4PXlkU": "1", "G1kkx2m-JSg": "1", "tO0L-7lkhPM": "1", "qQYe6KGAJ5E": "1", "gqkNPcUMffU": "1", "obdd31Q9PqA": "1", "2nwRiuh1Cug": "1", "D_Uhig7L22c": "1", "4oVEQgP0MZc": "1", "vJGh-7EKXhE": "1", "UzPq0hDdDhs": "1", "453ei_1PbPE": "1", "rm6d2oy8GRk": "1", "ws3PcFqBLdQ": "1", "DWUE-aWnL8Y": "0", "pOEAvEklvNA": "1", "TYWMe7cTsRs": "1", "ZOJCmPKaYN8": "1", "ZVrXyDjHaWI": "1", "g6QJybQBjyM": "1", "Cq96VAnp7r8": "1", "yfp2Bg6iUdY": "1", "c19HRM0x-lA": "1", "aKtMe8nFFq8": "1", "LkD1bNmp0ew": "1", "Pj_mSZYeLrU": "-1", "0B79RkBxSgU": "1", "TsQXQGaasUg": "1", "YbKLOybMb30": "1", "2T-AxWMZBfU": "1", "esLy0y01fAc": "1", "yR0lWICH3rY": "1", "lLblbGzXQGY": "1", "YR5YJ3qzIx4": "1", "dJy8MUESM3k": "1", "sm9uHf9sm6c": "1", "EJtZiGb5nEU": "1", "_u0WOqjJTcg": "1", "oIFlHYXjcIU": "1", "UuavPx0peFc": "0", "J-QipXhQM5M": "1", "7Cqz-S8Phv8": "1", "hm0BD1pP4gc": "1", "oLLbt0jyqDA": "1", "BntPVmeo7ro": "-1", "Q4rR0BbTBPk": "-1", "0QkZL3l1t-w": "1", "SP8E6ouSiC0": "1", "81ymFnvpfDc": "1", "PE1CuvlqlmE": "1", "YrtMUonPErU": "1", "j7OHG7tHrNM": "1", "kZV01QAcl20": "-1", "INyo5ctzmGo": "-1", "bfs8hVNvVik": "1", "KxmtYdEWVzo": "1", "nzHihXOiNqk": "1", "h6Hq_MOFJDA": "1", "Vjn2JKrlkcU": "1", "WZElUMthBPI": "1", "ZyGL6B7OH5A": "1", "XV-1XpGxhgo": "1", "XeK3VLmwatU": "1", "zmI_uwjTuY0": "0", "EY4c2mh15Yk": "1", "2G0loI0Jn5M": "1", "56D1U2G_ueg": "1", "Yqz3eT_fzVY": "1", "RNBfP7ynZOo": "1", "qa3edsMzHkA": "1", "i8vDt5GUb-8": "1", "3zQ1lFaQBVc": "1", "l1vnsqbnAkk": "1", "gt0QF8-dTNw": "1", "5UzfYJ-mkzc": "1", "ngUrBm4G1aM": "1", "CceSRMmhv3w": "1", "SpSMGxnpCmo": "1", "USggQ0Zv4yw": "1", "lDypBPyWiak": "0", "SJT2o0W9I00": "1", "3CJ-7R2g3NE": "1", "2ywv_JCyolU": "1", "wtaXjzQQGE8": "1", "pXy5gt2R5mQ": "1", "I_WGI3y2jqM": "1", "5gKjLV2wKmg": "1", "XhoGR8emqE8": "1", "LagGSTiSnto": "1", "othEK43gJHQ": "1", "brnHS-lmvyU": "1", "F6CGI3XkAiQ": "1", "hsvAj6qfmFQ": "1", "SsL9v1vuzAI": "1", "5o9Dp6D91fI": "1", "yl98-LC3fsU": "1", "J2pIvg-2vEY": "1", "y5LAwk4cVjU": "1", "oYjwXjwvAv0": "1", "-aR3Gpsn4v4": "1", "V_DT-mg_3IA": "1", "68O0z6lssfE": "1", "Vf2rlIqGlqM": "1", "5R8euGTHBR8": "1", "bWKgzgGNi0E": "1", "VcSBO8YAnTQ": "1", "Z9Sw1hmjpz4": "1", "sLys8115YGo": "1", "Ta-fub2dbhI": "1", "zk5HsBQYUZw": "1", "pDISaoGsZZA": "1", "ViorVDgiiOg": "1", "KmmGClZb8Mg": "1", "F_-gmK5qRrY": "1", "xkt8L0NtSjA": "1", "y9LajlJjd4E": "1", "0gYBy1rECII": "1", "75F3CSZcCFs": "0", "E__fCHZkjKg": "1", "jA4DR4vEgrs": "1", "CPYUo0awFOc": "-1", "YjzesjojNhA": "1", "5ukZqmjvAFA": "1", "kLOujBv-ZAI": "1", "p7pINSytVSc": "1", "A2VOu1UQeMM": "1", "GfUhExdNjK8": "1", "UIOdk3AhVA0": "1", "CupTwyj3JrI": "1", "6i-nMWgBUp0": "1", "C7WeZbRbxwg": "1", "bQ3nBSTpq4M": "1", "cXw2gm4yPEE": "1", "dJaLU0w5Do4": "1", "NcGhLcVqxf0": "1", "S3QH-ZriX7E": "1", "KyiV12WdJew": "1", "uba1Np4qhOo": "0", "IZrrEBD-KjY": "1", "Ao2PTDCiRxU": "1", "9gY0FB9qZJg": "1", "QCsd_reCiSI": "1", "rKUNJMrFeUs": "1", "xIJORBRpOPM": "1", "sxlyWieYZsE": "0", "OB6r2Wi0E98": "1", "E3Onos4Eq3Y": "1", "LPa_NGIIn0c": "1", "HKV0QuQsonk": "1", "dytCWrf92zc": "1", "lvBCvA1LE8o": "0", "8Z9hWVZ_BiM": "0", "Nr-44GQ4_kA": "1", "eArp24v04tI": "1", "5lAf59TrJ4I": "1", "XxQyVD2dJYs": "1", "1Hi0skAwlHM": "1", "WNGSN_wDYw8": "1", "D1leFabPbPw": "1", "XaPXUR0rz_A": "1", "ryaUGJ9Oljg": "0", "90fRlMQTdSs": "1", "lRexthrDNi4": "1", "JCHm9BeCSlo": "1", "e4SQT8epHOc": "1", "47cAxRX3aDg": "1", "vONYT-5OVps": "1", "mqqFdXMySk4": "1", "lW_9SYaWAQg": "1", "7N9HoLhZGsU": "1", "_GBSwxyPuaE": "1", "OlAObmM8I2s": "1", "m97UWd2QuAI": "1", "4_IbqebS7hQ": "1", "n9tSN0178Us": "1", "8Ozc-h-29M0": "1", "55BZ2gSsSmY": "1", "36CSS3UIzxk": "1", "1vtcf13zT08": "1", "a0BAU5rUQ-U": "1", "dUwUAWmA3rk": "0", "vfDXlgmKFyU": "1", "lk2B8988ws0": "1", "-U3LjDN8ErI": "1", "S71Jmw8FXm8": "1", "ThIrw_LpuRA": "1", "mJ-6clXHMEw": "1", "SILvPVVAhBo": "1", "DZRmcKX85so": "1", "QxafIhYFOr0": "1", "DJLDF6qZUX0": "1", "uVsTeLs4Tdo": "1", "lqmrQ6xPpHg": "1", "yfFs0o6pCxc": "1", "FnJ645xph3o": "1", "u6Rhcv0APng": "1", "AHEqtl6XtOc": "-1", "AnUIod4tX98": "1", "rClJW9gnchc": "1", "CXPgCq-EMk8": "1", "yjppalDAvOM": "1", "3pNGO5ppfQ8": "1", "QalnisJfHEw": "1", "b5HLsvwLPpQ": "1", "zl71eFcqBnQ": "1", "njY94weLbJ8": "1", "1QA9pvLiu_s": "1", "jZ6HPyhlChw": "1", "8luSJxVswFw": "1", "qsueDj8nOM8": "-1", "8VdG8eCxors": "0", "rx4jEIZyTZU": "1", "0K8lrVjT6fM": "1", "9zFNmTwdjhc": "1", "Go9rf9GmYpM": "1", "BeougwoxuMg": "1", "xl3uLkAT_C8": "1", "lSYMX6PmT34": "0", "Ml54UuAoLSo": "1", "w0YjO1zVHgY": "1", "F0yNIR6IrCg": "1", "kkiz1_d1GsA": "1", "7MJu_aWn1nI": "1", "onkxJLj0G7g": "1", "gerq4GpHpKw": "1", "7kxXVnAtnOQ": "1", "Xh9jAD1ofm4": "1", "J64QS4tE6ic": "1", "din6kkS5tgQ": "1", "rCzpKNwZAYo": "1", "J5MehrJECnA": "1", "tqYVWN0AUuo": "1", "pc9gcKjvzkE": "1", "xYA7AnVwejo": "1", "M5WhyVCEDN4": "1", "i2MhRCYkgbI": "1", "pg3zKfI-wqw": "1", "SaeJUCVEp2s": "-1", "sNWrEsHw1tI": "1", "8-p0CxW87pg": "1", "c7nRTF2SowQ": "1", "82n1PX1hVEY": "1", "jPoM2o9kIBM": "1", "4u_Ed0Bh-s0": "0", "064ipuBiWDg": "1", "ROzC0-LD1P8": "1", "_WJThbomts0": "1", "AtUBeFiWi8Q": "1", "4hnBp7x2QAE": "1", "BVWXKziczM8": "1", "fncOu6dp1IY": "0", "rHCLxSNz3P0": "1", "IOqTCaziZp0": "1", "8tEsxbCl21E": "1", "x09iroEd63Y": "1", "bE1EwcPQF8Q": "1", "SGxKhUuZ0Rc": "1", "jB_ZCX971aU": "1", "o3PI6HFK3Hk": "1", "rII8wTV7uy4": "1", "pM2OK_JaJ9I": "1", "zeGT4UArCdc": "1", "wcAXkD9DjD8": "1", "OAlyHUWjNjE": "1", "Sjl5_vDfiuM": "1", "b3Z5pAZe0E8": "1", "jMqcA3wiKG0": "1", "xhVCOdS9mXo": "1", "h95-IL3C-Z8": "1", "YfkNEq1XioE": "1", "TusJ8HSLaUs": "1", "tudsOEsUYWU": "1", "_SsccRkLLzU": "1", "vUF7ja9ehIs": "1", "3dnW8QJxHD0": "0", "xQd8KL87XqE": "1", "PcFtcoo0ic4": "1", "Ocd4NfC7Ltc": "1", "isPm79xTzM4": "1", "qBRG4RkE51Q": "1", "YC6YRjD3080": "1", "abLB7aTmnE4": "1", "5Oag8iBB7HE": "1", "u5kiz7GhJt0": "1", "1KPPtmE079M": "1", "PduXAn1cg1g": "1", "cCqaWIvJCpk": "1", "F0ZSXQCXX1A": "0", "hieKgQNQpMA": "1", "BwuzfOeYpBA": "1", "pcodyFKKdVM": "1", "wbtlv2cImxM": "1", "lCOcjWG6Ykc": "1", "JSd8CqBEbcY": "1", "JgaGXv1XnrA": "1", "vH2LsFcWOFY": "1", "ZUG9qYTJMsI": "1", "SzRUsI6Q25E": "1", "WikU5oIkL8c": "1", "iHwdQdwc_Tk": "1", "glPUjj0HIvw": "1", "10okyjMjlH8": "1", "aw0OZ7wZm6U": "1", "1Dp0aCWbQSE": "0", "uINFVM7TTdY": "1", "yA8b6286wMY": "1", "gEMUUL-Q7Io": "1", "M0LfLk9lLEg": "0", "kBX9-WUsMAg": "1", "_gXnfGIc1Tk": "1", "Vot3KDw2z3o": "1", "K44k9GTx6nc": "1", "Zpk2uauRdA8": "1", "TeUcij3L9No": "1", "bbEy98llGRU": "1", "O-9xmen--6k": "1", "WLU75lftzc8": "0", "GOhbZZy02lQ": "1", "bsdxZOsqG6U": "1", "gcbLmoYWMiU": "1", "yIkwq8keNBI": "1", "dmnR0XncYAU": "1", "14X98i8psts": "1", "g6vKa8Be3s8": "1", "2vWY-da-6wo": "1", "-2l-FdatcTI": "1", "U219eUIZ7Qo": "1", "9gspElv1yvc": "1", "2q_nYfSX8go": "1", "ML160wA9mME": "0", "WfTJL_h0XfY": "1", "WxG7LgQ2Sig": "1", "3_1LKqsFguE": "1", "_JQxLrPj1I4": "1", "dBVeiyPVWrU": "1", "v-S3iSqKs64": "1", "gm1uNgHw6Xo": "1", "SXy6JElmgHU": "1", "j-QYIP7o2-A": "1", "wYj5o4kQsXs": "1", "yQxTNjQe0Xs": "1", "yRmiC-Y-b6g": "1", "vsrjiL1gV6I": "1", "xgO-u83Os_I": "1", "QweNsLesMrM": "1", "797j7LY1eb4": "1", "Yu08_9FtfuE": "1", "GRKQJQIcn5o": "1", "In5fvjwUi9k": "1", "V_gGAPOZbFA": "1", "JhmEARapxK4": "1", "IT_MbDpfOBE": "1", "pLKxTSqCVUo": "1", "cvjQ_AduY0A": "1", "v7Q1giJOpxA": "1", "VOv1IQCoBnQ": "0", "uwl_MuFbCXI": "1", "uwDDvP8Yssc": "1", "cDzYgqkQ_lE": "1", "VPlxNhEc2lA": "1", "FHDKHKixKdY": "1", "mGs4CjeJiJQ": "1", "o_QWuyX8U18": "1", "BDj1fYlwR00": "1", "a3NQ7CA-8JY": "0", "NQFhPsQ_81U": "1", "HmRQvoMCfH4": "1", "2ULiauoHeeI": "1", "0CXqEHMgiFg": "1", "GdZxbmEHW7M": "1", "E_9N4hLL1lg": "1", "qRJl22anZkM": "1", "5hBqqxYcDN8": "1", "9woMDyfevso": "0", "bJZAvOefJiI": "1", "QDSL80ie8tc": "1", "FsofrMY5kbo": "0", "6ck7frxs-Uc": "1", "kfzqUsGMHE0": "1", "ZvEPYH7GRUM": "1", "oo5zwV6_yVs": "1", "HAIz-I58btE": "1", "xFnB0uK7PcQ": "1", "DLGac1KQbsU": "1", "JzaYcTPLWbE": "1", "v8DWf-rSHn0": "1", "B1Vcbm-XWtg": "1", "8EuTbKjanvQ": "0", "DV6X7POhdoo": "1", "WFNXwor69-U": "1", "tSjkuMtiI28": "1", "H2EIsnr_cv4": "1", "2VgiVK_hOhM": "1", "Ggg0bsUfLBk": "1", "06WUc7y8vak": "1", "E28I5oK9OHE": "1", "_KimnwIfhXc": "1", "uxieMOdo6IU": "1", "wY7Gvq0P4hc": "1", "5qUJhkQQaGE": "1", "FivFaqZrr4A": "1", "lvNmIZqU52g": "1", "7Bbasf7qWxo": "1", "ALD72k9ZuJk": "1", "igqR7Pcxfmk": "1", "g4qWbtSCxtc": "1", "XkaWyrm8EQg": "1", "krhB_An8fT4": "1", "uY3tZNrIstA": "1", "HAZ-wyCu8uE": "1", "Fr6FklMc6B0": "1", "5zjTJ4YPfDw": "1", "80S3N-QnpZk": "1", "LjBIJGMum9A": "1", "UYTrnuXHces": "1", "cZTD62e566U": "1", "nusZoYBbibo": "1", "Nfh92hKLO6c": "1", "NJEKqI1e714": "1", "g7trxwtUgVg": "0", "lYKgRdBJ-vw": "1", "OL946vRUDJg": "1", "2vWIqW7Tnts": "1", "YoYF_RAm0nQ": "1", "w2DZN3NWefA": "0", "Svg-DvNARKE": "1", "FVuNTiqHys0": "1", "5DCow4J-pDE": "1", "Hs3Y5jQkuAk": "1", "uniqmkPeaZ4": "1", "kqinSvgeJQI": "1", "X96RjH8WC5o": "1", "TElqNU5ytVo": "0", "qRvAXsaHNkY": "1", "l10LhdDwTZc": "1", "t_HrcY8AWhg": "1", "tDmBIYAVsos": "1", "ZMoO5eLmDBA": "1", "MHyRirkiazU": "1", "Nkk7SYkUbLQ": "1", "2qS1ZSqwIgM": "1", "5hteeecX1oQ": "1", "uuZ1n7Kk0qM": "1", "17j5QzF3kqE": "1", "78lnkMgee5k": "1", "o3AWcdWVqgk": "1", "_9rL1pPXblQ": "1", "ttw4abodSJE": "1", "l7HqwAleUQg": "1", "_F0XLsyU1rY": "1", "ijtjoFaORy0": "1", "p0LtpDFxHCQ": "1", "K783SDTBKmg": "1", "X5vjQQXauD0": "1", "MWWTabHiV2E": "1", "1XLyCDsKhGo": "1", "FVsgso273EE": "1", "88KNf0MtU14": "1", "ITyeI3YyYw8": "1", "39RQH0mpsVQ": "1", "aNN9nL2vppM": "1", "ThgaRoMvgXs": "0", "vukxkPTuVNI": "1", "p9Y24MFOfFU": "1", "hNqwBTCslMw": "1", "O4OJoXKWTBk": "1", "axN-hs4slpY": "1", "oh8-PifcIUQ": "1", "pQpQuGV_gMA": "1", "z6Pj5oJzYLM": "1", "yX-TZe8SeYk": "1", "V7g4e5m5aRc": "0", "d4m2LDCuADg": "1", "HpoEk8nlUyA": "1", "U7d1GJf2QJI": "1", "B0YOlACRlJM": "1", "19EW551nCS4": "1", "WLL67CN2hnw": "1", "jgC8y0ksrRg": "1", "GgiDBuBxl6w": "1", "HOYnOeo42ko": "1", "m9kAH2v9200": "1", "ZJMGS7l0wT8": "1", "6PKAv5OPf40": "1", "xQkcQF8G-GM": "1", "pEoZbXB78NI": "1", "zMIKBDwUcrQ": "1", "LJP1DphOWPs": "1", "Du1dnKppn-s": "1", "SlR_fwcU3MU": "1", "glzTAb58u2M": "1", "QHOaJSXr9HI": "1", "j_YJysHv3OM": "1", "2Md5lPyuvsk": "1", "UNiGSf2Sy30": "1", "AR-Iz1fts5M": "0", "nOsdS5irjAo": "1", "0G7g9lw20l4": "1", "-F6tUN2j0Iw": "1", "EOyQfd7OqIY": "1", "3mmu60CNl0Y": "1", "st7eMfykiVE": "1", "IvNkGm8mxiM": "1", "CTo5DfBtWkY": "1", "POGBdDSVybk": "-1", "fwcYbo7pjto": "1", "7UjqLfjsfMk": "1", "Q3v-N8o3lc0": "1", "pvVNY2YC5zI": "1", "bGFyHV2vbwE": "1", "eikcKu89fDs": "1", "tE9U4mMqKP4": "1", "z9Cym8YHP94": "1", "DG6fhub9HDQ": "1", "9qHdPhkSSNQ": "1", "tqn06X3AuFk": "1", "785YQKmgiTo": "1", "xtz2mdX0aEE": "1", "IdblOCGGeHM": "1", "7WbKzWdhx1o": "1", "ZDuxWGHA-Z4": "-1", "p18n5FONuNI": "1", "ALaqqMY2m0k": "1", "lPDOh5ZifyM": "1", "WO15VbjYv54": "1", "x5vtRQZmnwE": "1", "rZx0iJVAN7U": "1", "QuZ0kzdNWGo": "1", "NhsEmtSd8Mc": "1", "R7JBDzuHVb4": "1", "Y3qYT60DSKQ": "1", "yYciCBZXg70": "1", "t9qdpPeqQfQ": "-1", "nyOfJTi0jFw": "1", "qi6n_-wB154": "1", "14c5YOc0ZcU": "1", "bSyh4oPLXpU": "1", "43_vQdp2k_o": "1", "Qp6-A-t0LVM": "1", "O7jAhwbUfNE": "1", "yx5ZKZY8jX0": "1", "1shK-j_u6LI": "1", "r6GQEtUREWY": "1", "Unp24R9UdZE": "1", "XvcdllFeFBY": "1", "G2ZqvClReZQ": "-1", "SPCR1GBnSy8": "1", "yj9iEcOQDeo": "1", "OJVwWi9s4z4": "1", "cFPEoqZtbCY": "1", "kM-mQ1aTfs0": "1", "zN1id2dmH3o": "1", "2_Egqs-sYzg": "1", "I6COwgigJ-g": "1", "j2KZDg7giDk": "1", "Owywvqg5IOQ": "1", "WYsrlger-2A": "1", "3d5id_cwHUM": "1", "NwM0YG_uTS8": "1", "HAIWK9IXpHg": "1", "Lgitw016T44": "1", "1DHo8fYFsd0": "1", "B-xG3D8OMQk": "1", "w04xmH2SOLA": "1", "4Zv9vRz4QYM": "1", "oeYKFRV34kY": "1", "Kx48dmDB28U": "1", "JOJ01KXTw-A": "1", "_XOa7zVqxA4": "1", "b2UUhm4edyc": "1", "Jg5--STf-iE": "1", "dKj4PDldebc": "1", "sR7kyIxQ000": "1", "5Jfn-U6EGzU": "1", "uAgxZ-l5pY8": "1", "mG4Di2nytAk": "1", "TCKVc-y3Uak": "1", "BbdfppY2ldQ": "-1", "GXru4Q7Lgxo": "1", "aZSzMIFZT7Q": "1", "Bfd4wc4XChQ": "1", "Clu36dt2y88": "1", "KSRHLwYgLSM": "1", "ORHnJ1K6mGc": "1", "g4Verk1Bgow": "1", "HHPzxa6znPU": "1", "JK_NinOmFWw": "1", "26bw-hBiAAI": "1", "ZsFUqPYlYjQ": "1", "2S2VUCdbhg0": "1", "7DrFY3H-u8w": "1", "8iA2G4xlEpk": "1", "0ljPuSfPbSw": "1", "VhK5gJDmSc8": "1", "NnzBnGG8YRA": "1", "bRKqFFIw18w": "1", "fyakMTYNtns": "1", "ryaGZETR97s": "0", "-V2r_9Um2Tw": "1", "gJGPsrTaGiw": "0", "7pOoSe2K5DU": "0", "YWnUmpQhiOw": "1", "kEhUA5OYm1M": "0", "AU1iq9rqYJ0": "1", "n4OAtMEXNfc": "1", "ieSzsh4hJWI": "1", "1lMxZNFripE": "1", "lN2fuKPDzHA": "1", "kQyAJv_Ordg": "1", "gEpfTicDVUE": "1", "eQL3EiJnXFU": "1", "2BXRGzjo1_Q": "1", "taW_SQIEeLk": "1", "ST0cR2-JcZ0": "1", "bzoE5dlxH2s": "1", "wKY4Qe1DjI0": "1", "nZH6YKmtQV8": "1", "YV8zGNe7Ebg": "1", "CDuxXjaJwbI": "1", "8qIS3rCrrE4": "1", "MWDwZWCfp64": "1", "tCl_yDquP9o": "1", "s2BwOMBlato": "1", "W7NgPvQZr7A": "1", "ItX7H66gsrQ": "1", "Pui78pskx24": "1", "PzYKsLch4GM": "1", "YGmX6m78zDM": "1", "Fk6hyUyz0Ko": "1", "_IYJO-Ik7Pg": "1", "K5fn087Jk4I": "1", "7-OnEe-dauE": "1", "LMCGADFNDiQ": "1", "tpD4ZPamt68": "1", "sqxPcurgxUA": "1", "AvBKlBhfgPc": "1", "jdpQir1sqiQ": "1", "o50_ZlMnjqY": "1", "solPCNc_0Ww": "1", "psgJqcvkTuE": "1", "83_ceB0TsiY": "1", "Rh8GbPnoqCI": "1", "tpeEqt3kpKM": "1", "WGQdXUw2uSU": "1", "Z2ZxKWNbncE": "1", "g_AtNY0bYAA": "1", "9cLZQ_2ITLI": "1", "QLPyuFVKGak": "1", "x24tpUkfL5w": "0", "1SlSxuhLJVE": "-1", "5DjgnckVwYE": "1", "W9yu66upJtE": "1", "j70ha1PUlqk": "1", "iKdEbzF7xpk": "1", "36PqkY398U8": "1", "KJXzkUH72cY": "1", "AQ_XSHpIbZE": "1", "OvfU1NpCJQQ": "1", "WzTSE6kcLwY": "1", "ycbHldRpo9k": "1", "4F-fzXW1xUM": "0", "yD94CV7kLHE": "1", "qo9lEPZ_0ao": "1", "6xy_lt-Z5b0": "1", "XdA4OtR88bc": "1", "yVI7JelAzPc": "1", "4tA8wtLaui4": "1", "bg_zxsxyKyM": "1", "RZNFH-jH-eo": "1", "XqORbzbEfoM": "1", "sfluIhj8Ef4": "1", "OX98015fQFI": "0", "dxtVed45gVo": "1", "8uK-mCxVl84": "1", "82kYQ7j7X2s": "1", "6kkeGgRG-uE": "1", "cTfmQht0AdE": "1", "MXCZVmQ74OA": "1", "wJukf4ifuKs": "1", "B4kwU1kjOV0": "0", "p5n2x0ox47w": "1", "r_dbSSQotZ0": "1", "MpTe49ha0lU": "1", "1pda__NOfts": "1", "4vGcH0Bk3hg": "1", "ftgxuNLVvVw": "1", "OowcDddCdwQ": "1", "lzOe1J8pZB8": "1", "F-z_WSTjr7c": "1", "xM0rsYbAO_k": "1", "fk3-cuv8q1M": "1", "kw03nalTAMQ": "1", "mqtY88BUi0M": "1", "z0nrVYvE0b8": "1", "n6sAGZ5F7Cc": "1", "fXT3Sma4-rg": "1", "pk2hJRVijm0": "1", "P0N5JcFqx4M": "1", "q8MLuni8rzc": "1", "KZMYWAW-5Js": "1", "dDTBnsqxZ3k": "1", "u-K6ymOtnzE": "1", "HIuSiteKQXA": "1", "BSaBDtpts4c": "1", "zcdDg30VBgo": "1", "cLqnbOhRovY": "1", "v8DZc2PUUq0": "1", "o3f8VgQ_dqk": "1", "_UU29bZjgz4": "-1", "wICpMU9nvRo": "1", "syPqNTmupvY": "1", "o3MbbQhZfq4": "1", "W5N5Hlt7B2M": "1", "qnCnAwws_AQ": "1", "ivtk6VArFxc": "1", "xE7m2FRVmrM": "1", "ew9cEATPzDE": "1", "GEVMkdScUZc": "1", "A-taWymx1WI": "1", "dSEI_Iny_zc": "1", "wurSu_bJ97U": "1", "_3tlUqHla3Y": "1", "4b9Ji7DvsjU": "1", "BrI7VRfqgo4": "-1", "wrAiclq3dw8": "1", "ipdtwLlWNZQ": "1", "tKXxJ29HEiQ": "-1", "plnNTqye4Qs": "1", "q5Mjz1RTfkU": "1", "S_JjGZYpy7I": "1", "BlfinjxFEYI": "1", "-B7oSp8hfF0": "1", "Rdz3fUiK4XY": "1", "xs9Qu7uiokw": "1", "AK88MQWsYj8": "1", "0AHGLGQgAn8": "1", "WlUvQkW4B1k": "1", "e3hB3iOQKjY": "1", "NFg3HBMJyV4": "1", "tz25tcFSusc": "1", "pQCXMkfwZEw": "1", "TSRvY1kKebY": "1", "O7aSsaTqBCc": "1", "HjKRxa7ZyMs": "1", "-oHJDSE-MEU": "0", "JiOZ4Bz2d-Q": "1", "HdeX6CbeoKY": "1", "INzp3nnp5P8": "1", "GmxUEy3pNCw": "1", "qqpcBpSsj1A": "1", "2j4RF6cx0SY": "1", "FxZ_Z-_j71I": "1", "TMN_cfCSFWw": "1", "X4GZfvXx9Js": "1", "6Zd6Z2-fjik": "1", "IL6UWPlf9EM": "1", "HJxkAcj9TKM": "1", "sM7MSXNmFpM": "1", "HdG8LCHCGso": "1", "1MF4sCvkAAA": "1", "RNvmfmZqd9I": "-1", "ckwJXpe7fQs": "0", "yw0UF606mqg": "1", "oYAbmJaztU4": "1", "Uj6G1C6c0uw": "1", "D0AoauuOY2w": "1", "XH3Xu1-cvII": "1", "7TxknbusTa8": "1", "kNP2lahOhvo": "1", "ZDVkPARmDkY": "1", "bB90Vkyqrts": "1", "IdL5stxwXws": "1", "HG8tqEUTlvs": "1", "sq9r50EYJh0": "1", "Sd4C8_FMdjA": "1", "bfBAf-Jg-aU": "1", "g2X9Q-Xre_Q": "1", "RpNLUFA34iw": "1", "dGcIUitNlGQ": "1", "F-n-2itvI6M": "1", "IqhfGwnGNDg": "1", "CXO_zyozrHA": "1", "oJbdSseA0C8": "1", "e4TXO49n0P8": "1", "B9oUpWCwiUc": "1", "wT4DR_ae_4o": "1", "jJRQSsT34-8": "1", "bQRLVxZHKPs": "1", "tnJ8pPSEW6k": "1", "U3jgo5ea_zc": "1", "BqjKUubsohs": "1", "7Ol2HYCnVbs": "1", "796KD4SNzwE": "1", "4sw1N05KW2I": "1", "NeXMxuNNlE8": "1", "WAeepKLHuF8": "1", "i3Nkujj45pk": "0", "UucLMljiDHg": "1", "n1ClxdeiIUg": "1", "tcYc33ughfQ": "1", "6jyAEqhfHTE": "1", "AEMK1O0BDqA": "1", "JkBNmBQb5qY": "1", "jRCTcUh-XOc": "1", "7iSA4FPLPv0": "1", "rw5arTc26-0": "1", "Ar7Fj1LzFp8": "1", "f1ZK7T5dezI": "1", "oAYn2lwc3Yo": "1", "W6gfvDxLlOQ": "1", "zKaIlT_lK1s": "1", "kKtDqM1H82w": "1", "Sw3tEcz2PK0": "-1", "RS3iB47nQ6E": "1", "KKKOpKvk9Ok": "1", "KSZ4tSoumNk": "1", "L8HLt6ogZsg": "1", "jlT4kr0TmHY": "1", "4YHfAIdmIXw": "1", "Z_hwMtG2xCs": "0", "Sm_cJiDLQ74": "1", "jR7RYKPJBdo": "1", "um2ro-3T8A0": "1", "owZLdJIfPw4": "1", "Cclzg9ZiUG4": "1", "u91BucJ4MKE": "1", "ccWrbGEFgI8": "1", "G1cVbfyFdf0": "1", "rEtXkFmpsRk": "1", "oddWuCHBmzA": "1", "sQqCzJjev_8": "1", "jmNrvlQ73pU": "0", "7oWOTN4YyYc": "1", "jhFqSlvbKAM": "1", "xqbxlE1c3DY": "1", "qc5dR5_QKo4": "1", "CYxU4ao-9WQ": "1", "LTunhRVyREU": "1", "i88Nmkosodc": "1", "Q285dYl2mZI": "1", "2IRWtukPJag": "1", "TM0uO6z3zsQ": "1", "wNjQishYOy0": "1", "LJ2iH57Fs3M": "-1", "gHFqqIv8aqQ": "1", "zhdZcBsa-dk": "1", "aAYw69hU2Yc": "1", "tSJXjRkCKvI": "1", "8g1K1iJb6MA": "1", "juDuVT2goxs": "1", "dX9GTUMh490": "1", "mP-Pb4L_hBc": "1", "9HppFNyqVOI": "1", "aTi6i0FZCfI": "1", "dI-xHMM8wXE": "1", "RZSkUTWZyeA": "1", "0hySFt8O11A": "1", "bRP1QMmfg-A": "1", "A0rP5UI0w24": "1", "TiWbtpX4jsI": "1", "9Lw-2ZGvyLw": "1", "HJJvbDeByGk": "0", "EKjWRiNXV00": "1", "czYixQFLbd4": "1", "VK4xZiHDXPI": "1", "Yowkv9zyaF4": "1", "SxgcPuY58Js": "1", "d8AEoNHSJZ0": "1", "T9BlI9nhqTE": "0", "O6NCUmac3aY": "1", "LI3KRcGEkZg": "1", "UVQIIyfUC-M": "1", "aAVFCH9x7Og": "1", "q1L60jfPgBM": "1", "6XRXBrcdtWg": "1", "pI_zfyJn5QU": "1", "fq9mw8wR-1Q": "1", "cDkZqT9IvYE": "1", "URwgy0J1ObI": "1", "7ifmgu23ofk": "1", "FfezfZPw-qk": "1", "7ClI2bp__Bs": "1", "RfCubGgMkms": "1", "xw1NIDFUdJI": "1", "v8vneqAgaRw": "1", "tLtschJxRy8": "1", "MeF134YMoS0": "1", "GG_eFXMdX3Y": "1", "CPtRohwHMB4": "1", "9sz6xhPkGJ4": "1", "yf39vt0MKug": "0", "dlcbYh3IKVM": "1", "a05SWVIPdb8": "1", "4W6VxtNZjok": "1", "1fqAvkpW5yY": "1", "4dpMzSTI4UM": "1", "4FlwJwL6kdo": "1", "6uhCxBk6cQE": "1", "56b09ZyLaWk": "1", "BemkXyTc81w": "1", "KTJ7BPvw-Co": "1", "RvUIbqKyppY": "1", "Z6JAg0zzI_A": "1", "HgwvNhQ_YzQ": "1", "gclcnemDpZU": "1", "K1HaaiNUTCM": "1", "5fq9iIxxA1s": "1", "jwTIa_2A9ZU": "1", "ZzdpNfkh8_0": "1", "g0jv6M6rW7w": "1", "oLUPlTA9gsY": "1", "AmjUGJwu810": "1", "PDbTC-ZyE6M": "1", "_8enIDEKrzA": "1", "gMZM8MG6X1o": "1", "p111hxJYsVo": "-1", "F4dQ0RchtJw": "1", "CFHpEF261Eg": "1", "M0mXUC0cUPg": "1", "ZD-de7HR3MA": "1", "KuNcSp2T4Lw": "1", "7b8zeykara0": "1", "R98sgmllCEg": "1", "fyxJwYV1a6s": "1", "uCd6-MZqPZg": "1", "ypS0543V_UA": "1", "mBwhdjaMfBA": "1", "fOUilxJWm24": "1", "eZgD89VYkVc": "1", "lPuWWADcUbY": "1", "UTYPim-9XWw": "1", "1j6YA03hm4k": "1", "-UyVgaFE8-s": "1", "uxtNrVVVWVo": "1", "mrh9tPkQwCY": "1", "W5W_i8oa9cE": "0", "NP4mgObDeUU": "1", "jUnG9FOmbqo": "0", "cc-ClutaN_I": "1", "KY82nmR7U4o": "1", "-NmjyP-Oqz0": "1", "Rv3niQ-w3y0": "1", "Hr-4Aln1Il8": "1", "vX6FXRgcKQc": "1", "zXU9Ur9QznE": "1", "2msbfN81Gm0": "1", "u51OxZF1ltI": "1", "PxE3lJDQnC8": "1", "EC9j6Wfdq3o": "1", "FD9UTBWo51w": "1", "jcC3xM8Wa1w": "1", "bwMqup0CERc": "1", "h7kAzhDDBOw": "1", "Nlw1YnVW58c": "1", "HTOP6TOJwOI": "1", "iTXN9uCd0mw": "1", "CYSOVMVWxro": "1", "0WUF3yjgGf4": "1", "erbbAcIfbrY": "-1", "jsP0W7-tEOc": "1", "EYEHUOpwNvE": "1", "nmwXdGm89Tk": "1", "4nIUcRJX9-o": "1", "ujqpkmaFvmU": "1", "j4tXCs4KgmU": "1", "XP3cyRRAfX0": "1", "we1c5uzYsTI": "1", "FJurUjmDs_k": "1", "BZkyGJ_SFqQ": "1", "bK4ks_2CxxU": "1", "GTYUpomg4xI": "1", "hz8ul-gmLyA": "1", "7MclW0Srs8g": "-1", "_r7yKaDxGvc": "1", "jutQL0DNstM": "0", "1qB0lb401ZU": "1", "ejEBSeddCg8": "1", "VK03aVJekGg": "1", "0-U4Yr9UNBo": "1", "zv750BWrUhY": "0", "Z2CrW3ntd4I": "1", "PjquJ5hi6zE": "1", "VWPayR39awI": "1", "yCCwnCxDv5Q": "1", "UoWsCNqMiOg": "1", "qN-qliCpTmg": "1", "PPqKOfCzN20": "1", "y5pzhmGX1sk": "1", "n8E6kPJT0tU": "-1", "JDk3GQkTyN4": "1", "2_M0SDk3ZaM": "1", "m0vQOnHW0Kc": "1", "O8B1ZNv9m4s": "1", "t4_dZPVg8KI": "1", "kM8l40QKddE": "1", "5W4MYJt8c4w": "1", "_HckRLrBXQM": "0", "AEAJrT8PeOo": "1", "qIVDxL2lgN4": "-1", "XFsZ6BO4LU0": "1", "ezNqB0tsIF4": "1", "vL6v9lLf1_c": "1", "PewCSYS6a6s": "1", "fNgkNVKeKPs": "1", "hInnyzLGS2I": "1", "JnP2bVBZ9O8": "1", "IuUyMMXix8M": "1", "__C7sd_UDU0": "1", "NSvnw3tvPSk": "1", "zAQa8YWyXTA": "1", "VjGU3I9degQ": "1", "5VPFKnBYOSI": "1", "-7ERMwnoxSI": "1", "xkrLWjNxYbY": "1", "spCknVcaSHg": "1", "w03OE6SaL8Q": "1", "YM-th85hRUU": "1", "7X_6k8CjdVI": "1", "8nG_wVxO7EM": "1", "RLsXfrDwf9Y": "1", "iB5txqIl8jQ": "1", "4HGR2_uN-f0": "1", "VX32RKuqIVs": "1", "g9qIjULYtkk": "1", "qriNbVCIsow": "1", "pS9sUm5Y0sg": "1", "y6XSIY9Vs-o": "1", "px6TQ0ZMIsw": "1", "vQfmpXsLV_4": "1", "XCibiAnJ6Ts": "1", "5Y7rDOogcU0": "1", "VYp1s6AwuRQ": "1", "Avez0XmOkNY": "1", "NmCKcaAlWZI": "0", "1Fki1SJ17kQ": "1", "Rm5HibK7qso": "1", "8mnFRw-6mUo": "1", "RhY_pQm0wYM": "0", "gYQbQmtA6IU": "1", "tzY7qQFij_M": "1", "t9cmoT_wb0A": "1", "RaEeX4J_TyQ": "0", "ClKMIr3WpjY": "1", "GI4QhYrDQjQ": "1", "wO8-L-7SF5E": "1", "L_ycAXqOYr8": "1", "XoVVLtkDWq4": "1", "WrE6iE7xnN0": "1", "qGkDqfdgVEQ": "1", "S2nBBMbjS8w": "1", "le8En3oKY_c": "1", "kwcL-VP3FYc": "1", "hJW5_iZNdFY": "-1", "hBVq3NElVTE": "1", "yZ15vCGuvH0": "1", "pnISZdg_3lw": "1", "UDTZCgsZGeA": "1", "uLTIowBF0kE": "1", "sbKBvrEr2wE": "1", "HK958YS_YNA": "1", "i7mmXeRvgLo": "1", "u4hlzRNu3uE": "1", "h1HQxcTYTho": "1", "TBXe-XerqRI": "1", "Cs6A-FCUPdw": "1", "9Ac-PGCfxFE": "1", "nVtWGS1bAtU": "1", "XgUJP6xGHOs": "1", "0UoJyED73bQ": "1", "QeVy6TnjKZg": "1", "ZYpqxlkaenk": "1", "p94O9UZ5Qzc": "1", "m8AdoQI_QE0": "1", "O6rHeD5x2tI": "1", "2jaOd1v1B0Q": "1", "i3bR8PrziS4": "0", "AWp297iE6Iw": "1", "9l2FeI5GMg0": "1", "vQt2NRT5yP4": "1", "Kk6Bi23Q7-E": "0", "g_dFf9mWxPI": "1", "LlZz3WNbOkw": "1", "69MpLiYhsXw": "1", "t9AV9szGAG4": "1", "N-rgqDhnLoU": "1", "OtsVUdEfrQI": "1", "d5kW4pI_VQw": "1", "DH7hqFMxsTw": "1", "_BZsIY6PUPU": "1", "rrxE_KCnO44": "1", "rA2JuxRdlmA": "1", "qeEC4BDyhNs": "1", "T1kPrrUuueE": "1", "XKR1ScQUpcA": "1", "iUdQhl05fKQ": "1", "C6hKQ2YW23c": "1", "wqiw_E4tyuQ": "1", "dWspEgdrUdM": "1", "BhYnz0JQKUo": "1", "mzj9mzcKEGk": "1", "Zz-E8AexUjc": "1", "kWSIFh8ICaA": "1", "TJKftD6fTj0": "1", "D4jc9xxikuE": "1", "kf7lTlqb-qo": "1", "UI_nj4NXpoQ": "1", "r0lwusMxiHc": "1", "rPf0CCG9mTQ": "1", "bxcX-aJG-4k": "1", "tcoFNsTzx0s": "1", "LLrTPrp-fW8": "1", "stZFVrvPJ2Q": "1", "5Z_zWIVRIWk": "1", "2yLmrcQLNUY": "1", "7_dgiNoBWio": "1", "czcb5dXjlZA": "1", "913xrM9FYpI": "1", "k6SVsf0k2i0": "1", "MyD1lK8qr14": "1", "o6afGyzyrVE": "1", "ybdoIj5y_XE": "1", "t7kxPYzigCQ": "1", "Htbo1yW6qeU": "1", "5JLBU-QQpoo": "0", "v6OEChj-UiI": "1", "wq25qD44hC0": "1", "afS5ks54tms": "1", "i9vXSX4htCk": "1", "J7QKeV2-ghk": "1", "fMuw1guPdts": "1", "6yVMik5Mfwk": "0", "eoCNG4yP3Tc": "1", "CgxYSbtp9JE": "1", "LO6TpbqTTxI": "1", "evApapdysp0": "1", "MDni5wUNiuU": "1", "oTS1RIZboqU": "1", "TypQ-iYqiLg": "1", "tfcoOFmZbVw": "0", "82-H6MZnT44": "1", "u94i5CWENzI": "1", "4XQ7x7c2hkQ": "1", "KQCbke3pps8": "0", "iJgnAHEHBYI": "1", "nnsSUqgkDwU": "1", "jc5XQSVeQ2c": "1", "HNbyvCB3ncI": "1", "fNZf5shOq5k": "1", "FyVjesaMg1E": "1", "eW_0aYguJ_E": "1", "0glSaIGRrhI": "1", "wIdpxZnD_eA": "0", "9ypxRGSrS-k": "1", "jtO_MN-m5r8": "1", "7ZOKDqjqbX0": "1", "z_Wah7jp0Jw": "1", "Bl17Mwl8Mno": "1", "qAY_o36paQ0": "1", "jssITlGSR4w": "0", "PE73KDDn658": "1", "HbJHkwHZCCM": "1", "o31szjNyh4Q": "1", "w9R6K1mecEE": "1", "ZN6NYpSZa0w": "1", "vUAPQ-zAUTE": "1", "pw6JRuItcus": "1", "Vp8fcHI0-BI": "1", "Q26s_zWTykQ": "1", "nojWJ6-XmeQ": "1", "Xr4SYrOzYps": "1", "4h0Qvc6_MfQ": "1", "4VwxRqT3qRY": "1", "0V4UyjEyeOA": "1", "ctemZdDG7YA": "1", "MP-p9i85sNc": "1", "uNvmSvmNvQM": "0", "rWfqkrAM8IY": "1", "giGkt5oAhT0": "1", "-5zYYZpuTbU": "-1", "IwpHyWwPWC8": "1", "U9gBE9g_iZY": "1", "G9ZvxYcPJk8": "1", "zuzaxlddWbk": "1", "0XSNrKgA94g": "0", "VdonoCCQF9o": "1", "sOjOznUVlKs": "1", "NG0MKXxdhrw": "1", "RBQ-IoHfimQ": "1", "CLzi3okueM8": "1", "350tD8E7htM": "1", "EgmNEgIFBTQ": "0", "RQ_GiVoT1M0": "1", "L0KmvWL6Dfw": "1", "tjaJgMDgBuA": "1", "_Gpx07V3GFM": "0", "dOZjgXEAsAA": "1", "12sqXKF6Zv4": "1", "PJKAr1r5zlA": "1", "verzNYAOQ7s": "1", "67jh16fASvI": "1", "KKNUrASDloE": "-1", "WhF7dQl4Ico": "1", "5-t6AIMSCdw": "1", "BDan7ClvO3Y": "1", "7X2m2WueNcU": "1", "2IEZNte5ADg": "1", "oZCRAxCmar0": "1", "2Dq2-98HliQ": "1", "JndtG8Y7yfw": "1", "iaUcLzxMFq4": "1", "f_mJmL5B47c": "1", "w9Sx34swEG0": "1", "ug64FCgrQl4": "1", "u9FEg5qur14": "1", "XZn4opyPfEI": "1", "UKDWPYO0slE": "1", "XbLZe1r0DJk": "1", "k1OTQQ9u7XI": "1", "JvjmH9w8_GU": "1", "DujoTffyUvI": "1", "eyzWlMZ1Y54": "1", "dLchejnnjEI": "1", "BgZluCEBS6w": "1", "Bgqxt-kfYIY": "1", "UKmhK8G--7c": "1", "YQs0OxlF9bY": "1", "bZIzRqDOSZo": "1", "q9fms5He5bM": "1", "iVHy8MG2CQU": "1", "4hN0ai9WzBQ": "1", "nz3qGgt7b2s": "0", "GhFGH3Rj_94": "1", "GzmuQehRy3A": "1", "6-2L4PTV14A": "1", "LRgqD7JgF-U": "0", "rfpAkNyHAtQ": "1", "47LCLoidJh4": "1", "YxyrZN1ETgE": "1", "o2P5E7cFt9s": "1", "YY5KxPI6ApI": "1", "bltuzqFTaiw": "1", "tviPLpD8VG8": "1", "08ySTcxh_cU": "1", "8fs2Yh1PFwM": "1", "JdN1t1lMVxU": "1", "Lt_OS54FFFE": "1", "QoqWo3SJ73c": "1", "0DuFujGCswU": "1", "c9THt-uJRTU": "1", "_HS0UOQjU5w": "1", "vYEXzx-TINc": "1", "KbgKbMk5Q3o": "1", "bvLaTupw-hk": "1", "gg8P9fM3G8k": "1", "HZu1cTg-xUM": "1", "-44_igsZtgU": "1", "l1vvlpJ8BEE": "1", "OqHDg-DGWsM": "1", "E3h-T3KQNxU": "1", "t8APOFub0Pc": "1", "FXP9jlpcRaI": "1", "Lhozndg5VSE": "1", "q-xkGEW0dVA": "1", "8ZO-7pL_MrM": "1", "uvMvIVd3S7A": "1", "b95oyhSd5ls": "1", "PTXV1QRAsko": "1", "Ypcm9B6o7pA": "1", "ZjNRXfRXnoc": "1", "UlRWeauFduc": "1", "H02iwWCrXew": "1", "W3-9CKP-PhY": "1", "fylVXsXr5Jk": "1", "wToxrHzVpxU": "1", "xLhJIFC8xkY": "1", "iuubaXDeXh0": "1", "cLTgxDkJRN0": "1", "cN9OKXtzHtE": "1", "O3ax2tmczi8": "1", "qfZ7o3dIJYE": "1", "lnuCDXMoZd4": "1", "YjMgUanz6h0": "1", "KsdD1MJXOpk": "1", "nosXM4KdAac": "1", "ysgwcKNdWg0": "1", "bGJSEEx2pXc": "1", "Dd_GSSQQGNY": "1", "2fQUYCPe3Cs": "-1", "I4kNl7cQdcU": "1", "3DYUUdkFQl0": "1", "tWDprSdH2xQ": "1", "oSFnotAmcoA": "1", "nMzdAZ3TjCA": "1", "bATzbhGbjiM": "1", "axAmED7lqe4": "1", "nkBBsOEY8PU": "1", "Jr4gOCh_4Pw": "0", "kUJjvwkcWcg": "1", "K_-GdDx2TzE": "1", "6bJOIqVAD-s": "1", "kF89VnRrWr0": "1", "WF_HqZrrx0c": "1", "Ak4hpFbIbfo": "1", "yQUN7QAnMp0": "1", "9Sn8H42FZcI": "1", "kcrO-lf345o": "1", "zSM6sAtyvyg": "1", "tIG0kB9lOxo": "1", "bJafiCKliA8": "1", "FlWfmhyulg4": "1", "wEKFJWdJ5jg": "1", "pR236CYNZfg": "1", "E71sKFD-spQ": "1", "SqtxzgFpP6U": "1", "0xyNNlU4ct8": "1", "XG0_olXLkKg": "1", "FV7ee0Cyzwg": "1", "l1gZkf_-UyI": "1", "VMjRSnokms8": "1", "DyO-z_7Ip9c": "1", "vxlUCIqbD8M": "1", "9qQAn-wmUDM": "1", "7scG09FPwKM": "1", "v1HMR9nRmlY": "1", "7JUExZaSNKA": "1", "HbTs3TLo414": "1", "KShkhIXdf1Y": "1", "NoOqyH03p3Q": "1", "7b5CKSqlz60": "1", "FqhFUbtpiB4": "1", "MrXtSMzjhMQ": "0", "jpldOdMH2w0": "1", "qLY8arYdr_k": "1", "aaZnRfrrunA": "1", "4KKgR5YWmYg": "1", "fRtPDHtlf_A": "1", "ohp_nmI_TFA": "1", "9dgQ6AUYWCU": "1", "yZ1XM9LwS64": "1", "0yA98MujNeM": "1", "FhfcdqMTtU4": "1", "eySoKn9U5s4": "1", "KE9bc5KskM8": "1", "jqQbiJy1Ys0": "1", "LUOJSnR9z3k": "1", "CDM1FPFxbVk": "1", "g0ha6Mb5_YQ": "1", "ZEKqLxtjwDQ": "1", "_UKLncvGxQ8": "1", "Jn4B1gjHug0": "0", "64KZVm0kWnc": "1", "cw6x80Qdzak": "1", "up-FKa0aEuI": "1", "mz0N-jVrRWU": "1", "rt7JZSrDJA8": "1", "wvWHNkLSDkg": "1", "R-hl57xTLE8": "1", "LxK743gc0PI": "1", "7is6r6zXFDc": "1", "ZZUyZmYbfbY": "1", "sAhHHpzXOI8": "1", "pSe40tX-oTA": "1", "bCxiuuJVT-8": "1", "s6rrXuFM9TI": "1", "XVLBEsG0MH4": "1", "NQhwNtY3N2k": "1", "_hnOCUkbix0": "1", "lOGdCg61QoE": "1", "xwNe5Kqi3Ho": "1", "zFubzSu2AOE": "0", "AZ56zUxpXes": "1", "hi5TfqXrplM": "0", "owGykVbfgUE": "1", "GMovhjpIegg": "1", "urkrB7gNwMI": "0", "CtWirGxV7Q8": "1", "HmZm8vNHBSU": "1", "VyLXZ2GQS7Y": "1", "4pcO7_S2WQs": "0", "Ti6saRaKJYM": "1", "UTGaYkbvse0": "1", "3JsyhaGHq_E": "0", "ZcgzoGU141o": "1", "Zpa6ttwYENs": "1", "a2RY14Zqdvw": "1", "I9Bv1J0wK3k": "1", "EHu2hoc9ulE": "1", "PqyiFtLnKkc": "1", "wrIZnC8q7RQ": "1", "F_M7zOew2Pc": "1", "MQfikxbS4zE": "1", "a05vigJA4SY": "1", "WA1h9h7-_Z4": "1", "4JhzwNuo75M": "1", "W-dbAzEERb8": "1", "sgG6uztmhA0": "1", "WTHkY42X8FI": "1", "aYnA8TCzUvc": "1", "86IpU3g-S8Q": "1", "1z-36uCr9XI": "1", "_U_4J_e6tQM": "1", "dZmuTGFusIs": "1", "Iy5jiYWuNKo": "1", "gMa5xYEMyls": "0", "sV6ITSt4jzM": "1", "rUFnH7KYMFE": "1", "aSdqsA3fzLA": "0", "laot_Eomr3s": "1", "qAGVilt3Rls": "1", "Kjmq-ADfcGw": "1", "1zPYW6Ipgok": "1", "5WQWX81M8R8": "1", "G1FV7dND0NY": "1", "pwF74hxbs6o": "1", "XIDHrWQe5FQ": "1", "jOd3dJUKJFI": "1", "gvEvRBeYO2M": "0", "1sElYG7LmUU": "1", "UQtqa5F88LM": "1", "QT8AiihKFR0": "1", "8QzYlBM30NA": "1", "8iHEQxJXq9I": "1", "EmzgkMsf_GQ": "1", "EbnWbdR9wSY": "1", "yKY2O4KFmMU": "1", "Ug75diEyiA0": "1", "XHSoS4p9688": "1", "XLpQDBP20X0": "1", "6_WAmt3cMdk": "1", "x7AIfMpyHtA": "1", "MTx9-ohAeWo": "1", "_NJKQkQu3NI": "1", "uDCsU5wUvdQ": "1", "ZjFK3L4cvQs": "1", "yXE_p_1Squg": "1", "6iQ7ZDUutU4": "1", "TnBHGpp0pVU": "1", "7-kSZsvBY-A": "1", "NX0i5rLzAP4": "1", "2f_kavukuKI": "1", "jEZMSF2jNYg": "0", "Avsp_UJ3mrY": "1", "lvVOtwezkXU": "1", "uNMRTsGR2IE": "1", "c4LCP48QYl0": "1", "WpByXzdMQfk": "1", "BJQfT9C5Adc": "1", "7gMZ62PsvRM": "1", "0O1OrTcfqBI": "1", "8UqZzZWZd-Y": "1", "t0EFibqP-7w": "0", "DxDsx8HfXEk": "1", "zt3Gvdu9mtM": "1", "mVPku-xItv8": "1", "kjc8kOCB3_k": "1", "zv0ZPyj7S6M": "1", "n_FN7pu-huU": "1", "Zov6yho65G0": "1", "jr2gdPY-88w": "1", "SvvLsAMsOJM": "-1", "UNEHhUC4UJc": "1", "fF0ZmIf7H9k": "1", "ty6MhpnOXC4": "1", "ty7Fu2kIfPI": "1", "Bja2_Qclk9Q": "1", "uHskC7JRL9M": "1", "dlEbGH9HeVg": "1", "V6F2szDteSI": "-1", "Wo6BkRgvYF8": "0", "Wecenw1IWHY": "1", "LD1NnIZocrM": "1", "i1JccYQFDWw": "1", "0b98BFCqOvQ": "1", "FmlzOh-1KJA": "1", "zSi2QvSWkVA": "1", "64G5FfG2Xpg": "1", "Ju-ETwtYuT8": "1", "ILxjxfB4zNk": "1", "IDAr48u3BB0": "1", "wqT2IdFyQ5M": "1", "1Pahqq-1hp0": "1", "JJmqCKtJnxM": "1", "qeefSTrkvrk": "1", "FxZNhjkMtFE": "1", "jtXLAKwssPQ": "1", "OON2bZdqVzs": "1", "WHdYDNs0qq4": "1", "mrX3Ql31URA": "1", "ejMqe1WBtEQ": "1", "d8E2pHgxnsU": "0", "R2PhoBA8qKY": "-1", "Ed3vswxJKgI": "1", "lCg7cL8PFKY": "1", "dlNnjtEXyi0": "1", "rmPRHJd3uHI": "1", "r8cDvm26VYI": "1", "SPyoiOTdHio": "0", "z1zeaOK2atg": "1", "7gPc6027rb8": "1", "B0raS3U4RK0": "1", "wgBz_WD-jYA": "1", "SwGrUMlagk0": "1", "dTcv5q4WfMM": "1", "TmnY_Q0YBVE": "1", "UUNIeOB0whI": "1", "OEQzJRRIXKs": "1", "goZODLC7fao": "1", "PC2N3EYngns": "1", "_G-PTQ2OWe4": "1", "X2cs8gnb42A": "1", "Pblj3JHF-Jo": "1", "x4amZnI_1dE": "1", "tOpsnNf9Wj0": "1", "jmCwWbAWyZ8": "1", "84lAxh2AfE8": "1", "dSi0fJq0wKI": "1", "g8qLBtTnALs": "1", "5AaacAMljG8": "1", "1Yq6W7YAHM4": "1", "2OCkgMrY0U8": "1", "N60utqXf5HQ": "1", "A4fMRDP1d6w": "0", "iNfChrsWlPM": "1", "APAcU3YBhYc": "1", "nyhfJTFJHu8": "1", "v_bNTCeju-A": "1", "XvjhIbEvA_w": "1", "noy9lF9Xu68": "1", "DOIQ5i87-Kg": "1", "R41NNPBqRCk": "1", "8QRs0ejxjEc": "1", "htEtTra7rdw": "1", "1vf3U4aPiMk": "1", "AUc4wJRa9-g": "1", "KSQcPOicGiI": "1", "nfzWl8dDqwc": "1", "v_AMEYsBxZA": "1", "FsiEfbIaEQU": "1", "TULVRlpsNWo": "1", "LT6n1HcJOio": "1", "23kdGfzDaCs": "1", "dX_YU9zCqqA": "0", "klDDHU8HZp4": "1", "UNabu9daJUc": "1", "e60aAnThrvU": "1", "GTaUku9cy-8": "1", "bHwLgwBd6k0": "1", "ojqMGlqYHPg": "1", "jt32In8YzZ0": "1", "fk_YSO0py7s": "1", "as_SyfYC5UM": "1", "yP4A6r34Vd8": "1", "MTgeUVOxl8E": "1", "lTerDhlAEMI": "1", "ZTUt7kpM_LA": "0", "mxr83Vkrh00": "1", "en4muUSIRT4": "1", "QPc9LhKA5C4": "1", "Jze_zGYTGxY": "1", "4kvHbFmj38w": "1", "IwrstxuicZk": "1", "K8dGb3-ZCHM": "1", "g6krjPi4Osc": "1", "VF-8WR38bq4": "1", "AEMuSvSiFNU": "1", "FhjX5ld3_v0": "1", "29VGZtnCD30": "-1", "PAjWzgYjG0M": "1", "oDdZP2Ge6TY": "1", "BoKUmFuV7iQ": "1", "c0BCoeOf-Ys": "1", "0Vxjh6KJi8E": "1", "QfwhI5N95y8": "1", "C_8TGTKdrlY": "1", "0eN9KP6lOZs": "1", "xTpv9lc_qMw": "0", "N2muWKtHCnc": "1", "FqvLcVBOhP4": "1", "intua_p4kE0": "1", "GURvHJNmGrc": "1", "PD8p6KzcL2w": "1", "LeJVNum2zwY": "1", "MX9qu69-NiM": "1", "1t7rSZT_77E": "1", "BZ1Y2-KV1kg": "1", "_TBd-UCwVAY": "1", "sWVKynMQTTI": "1", "eBDXxtnRp4Y": "1", "x4nH_YW2F1s": "1", "31pEZWaIhr0": "1", "0etzTTWyISw": "-1", "m8Ihwi_w_xQ": "1", "TYIeVjKlPTw": "0", "NmannAYiwh0": "1", "377kVIgBOJQ": "1", "kqT_5f08Nxs": "1", "_oACRt-Qp-s": "1", "ie621R03ZcU": "1", "ZY0cdXr_1MA": "1", "H6JzeAHCd98": "1", "83nS4EGKU04": "1", "MBToS72o8gM": "1", "1I4Dpq1PQjA": "1", "2qdW7ramMr4": "1", "Hs6AebdPhSU": "1", "PdBQS8lp4xY": "1", "-g8vTq06KUI": "1", "uQereoIxioI": "1", "Es_uivijpek": "1", "SCNB1z360A0": "1", "Y-Elr5K2Vuo": "1", "2zfqw8nhUwA": "1", "sXAlpHSI-d0": "1", "vPETP7-UfuI": "1", "SxAqnB0NbEI": "1", "MNjWQlr63i4": "0", "R4vkVHijdQk": "1", "H50wW4eAFKo": "1", "DwhTYFwfACA": "1", "psmD1DVPIrU": "1", "LfdiClhlLZk": "1", "TNCJh9WwU6w": "1", "__CTejhHZSU": "1", "V1-qbHbuNBU": "1", "Hzgzim5m7oU": "1", "_Kmh4BbJPz8": "1", "8ciagGASro0": "1", "o1BiFTk5Acw": "1", "TnXArm-NViI": "1", "GTkpq85sFO4": "0", "ULJBEQ6-NLE": "1", "oVngo_slWJ4": "1", "iqEEQpleFJQ": "1", "T4tOvkvCvwQ": "1", "5r_KVwao1aU": "1", "nX9P6skzZNU": "1", "-c7Ca2CY6x8": "0", "p916yeFa2Xk": "1", "cvnqS95cEJ8": "0", "VMxyZQfMmM4": "1", "Vq8LsV8heLc": "1", "48zAauZBi58": "1", "jtwh3nQP5Uo": "1", "NQp0z1sbtxo": "-1", "oAa2O202avc": "1", "Qg0pO9VG1J8": "1", "ganRbr-WBiI": "1", "1jy3Ow_edZM": "1", "y9ajRIgTJNA": "0", "RsKcfsTznYE": "1", "oINYoy98JJo": "1", "7ae0tzVo8Fw": "0", "tZGNqFGIpiw": "1", "zSAh2YJhMNE": "1", "ENau7AkayN8": "1", "BBTtQwipT4k": "1", "oBIeme32Xwk": "0", "Y_56BQmY_e8": "1", "TRmgMe2STL0": "1", "VrtCpjXDyqM": "1", "C1QLMHgX_VU": "1", "lNNDr1vH83Y": "1", "HZChlynmtgc": "1", "JvcH3kpEP8E": "0", "5JuVHCJVYf4": "1", "3t6bLugtJkQ": "1", "r-2Hq9QNmVE": "0", "TX8AAUOGKSg": "1", "xm4RaDWsRgE": "1", "DKAPJyFAzs8": "1", "cO7iCbtlcIc": "1", "eHh0bqD78b0": "1", "irUYwVN_AQ4": "-1", "XyZtMfMWONI": "1", "uLg4kDAGZuw": "1", "b9zjwmDHE3Y": "1", "2xwUuSM06xQ": "1", "NFFLEN90aeI": "1", "wKB9HRgkKRA": "1", "WIdu34kekJk": "1", "UvDs7RDKCag": "1", "hYyMMs-WO4U": "1", "L7bHdo2DJHY": "1", "KObDkEBwuTc": "1", "0PgjcgqFYP4": "1", "RwvuckZDpB0": "1", "RM2JAlPRYKE": "1", "KHx0_NFuGb4": "1", "IDumJG4RXt8": "1", "dqxBrcgtX-A": "1", "brq5oJFIKJ0": "1", "TosjG0E191U": "0", "RsCoPb43TUk": "1", "HAmI1MJECZ4": "1", "O1Z91YkPatw": "1", "mqdj-MFAhi8": "1", "F7hwvWIK1eM": "1", "cnIYtqPUlFs": "1", "_uQOchrK7NA": "1", "3FtNm9CgA6U": "1", "Bxaq80Hp5bY": "1", "M9uxiTWZLwg": "1", "1dcPHVFHCRY": "0", "zB3JekAH9rc": "1", "-35m_mkcHnI": "1", "heV0CNzC9OI": "1", "Ue-TqmP6I_g": "1", "m58Bp6PfXss": "1", "aURA4lJSP5w": "1", "kjBGSC1ond8": "1", "odI7pQFyjso": "1", "wt9VctrBOZY": "1", "6e3z2H1O5zE": "1", "O5G4fVe1LUA": "1", "UJVlHwpS6Nw": "-1", "HNo-_DEEm54": "1", "79uA-gHvw18": "1", "Ug_iluxQ1IQ": "1", "ecV5FhZEvi4": "1", "XBXlh4E9HhU": "1", "7AuhjzxAudY": "1", "jGldy-ABbsw": "1", "pwh1INne97Q": "1", "KSv45XgmH4U": "1", "z62vD5BDDUE": "0", "UgEEcM-jYHY": "1", "n0r3USJnZnA": "1", "rG8nXUY9UP4": "1", "AAs2hd9AJoE": "1", "t4Xt_XS9BJA": "1", "c2ZSZrGc-O8": "1", "a7w7CTL8VaE": "1", "zlulSyBI2aY": "1", "Ghl19lJJ_mA": "1", "HQQs3nl0LcY": "1", "t6MCn8wPR1I": "1", "pv4WZkppmTU": "1", "7ZbLntTvV8o": "1", "hPxZiCha6pM": "1", "I886RBjiODg": "1", "uhHMWLjL77U": "1", "6CbQOLqZ8IA": "1", "M4dTKckmLwE": "1", "AR-dXdnjljc": "1", "mJPYPE335KI": "1", "IKPtNDYezLY": "0", "5sXwEoeurSo": "1", "Iyf5b3uglUc": "1", "UrEPJkajMSE": "1", "IPme5GPdiCs": "1", "TKL_cn8vhjo": "1", "8pmw5CAc3rk": "1", "zWzsOZMrbVs": "1", "b6EBK0ujV3o": "1", "cDS53Y8q9lE": "1", "oDcb3eAAK1s": "1", "_3sLwG1ZSBA": "1", "BqCXsGCggWw": "1", "BOZywMwhEIM": "1", "Yh0V68c1ybw": "1", "4c43WKFcn4c": "1", "5U9I7QrpSkk": "1", "c-PfqVlBUuQ": "1", "7w_AT2sHBss": "1", "kZnBpmZXBms": "1", "PjcNjEFtUSg": "-1", "_rnKWUHi7_A": "1", "Cqs2F-lpGrA": "1", "EPOcxNMzNhc": "1", "drjhfrRFoeA": "1", "-IqXOsikgVg": "1", "xEYInUvLalQ": "1", "44e-Y08_B-0": "1", "uxJyPsmEask": "1", "mBbjL3Ktn_c": "1", "RyeDBZaxFa8": "1", "Spb0bo3IT0I": "1", "7geyX1Er1zs": "1", "l9b5jym0ig8": "1", "iZVWAfmRELE": "1", "HHA0HRjDgc8": "1", "r-m27SZUFj0": "1", "2j65DpagyhI": "1", "qq0ar8_9FSM": "1", "XEEU1nQeGNA": "1", "1dc1eKHgy_o": "1", "3RnT8kVXbHA": "0", "6uLBrg6ai0c": "1", "u06rDf-kUt0": "-1", "e8374g64kCE": "1", "SaENQKoFHiQ": "1", "k7KgP_jPDwU": "1", "rCwn1NTK-50": "1", "wN0G9qdMDYI": "1", "m4ZEEaPyeG0": "1", "4X4MwbVf5OA": "1", "T1Scd0rNt-s": "1", "XWzNExv2nA0": "1", "V44DI0ZP8Cg": "1", "iKQH9wQaviw": "1", "TL4LEfRr1TI": "1", "Ejf8lk9nYH4": "1", "F0WaSy5jNLg": "1", "UVYUCU8XSLE": "1", "B3NGN4t4hm4": "1", "YKD1XHDTJNs": "0", "7pi6BtYXD1w": "1", "Ytz3ljpYwIo": "1", "r1D1jI61ckY": "1", "aySEdLaEDc8": "1", "Ol7x46IpMTQ": "1", "GqnjzONrPiA": "1", "r0m0tP0nR_0": "1", "2RHEjneBRak": "1", "bdHSIquSHMw": "1", "0sNFdX66Pyo": "1", "Bl6PZDkaT1I": "1", "lsmmgFxI0Jc": "1", "dA_aAcfA9Es": "1", "ApnyKv1GuNI": "1", "ud8p5t2sXOo": "1", "ofTqo8j-k8s": "-1", "moPBR6os8Z0": "1", "Vz5DXIezqr4": "1", "ZUJudM0jSPA": "1", "7bzk_XrXroI": "1", "Ei6JvK0W60I": "1", "-2L1zQkJ8UA": "1", "WxgBXJM6zJ8": "1", "miC1VZ9UVCQ": "1", "vJIwQtUZYy0": "1", "sdzPp7V21fI": "1", "teHGVlPT3qA": "0", "pbdzMLk9wHQ": "1", "W6nouIb9BnQ": "1", "Pu5JppruFGI": "1", "uykVxooNL70": "1", "-0wp-TLmP0A": "1", "C7kmm16PoDY": "1", "KT_155-ROy0": "0", "Gd3RBgp0CLU": "1", "alOOJiRRuz8": "1", "RGQf9dn0pDk": "0", "nVa4mlFZEmM": "1", "WREXBUZBrS8": "1", "iYhCn0jf46U": "1", "l6i-gYRAwM0": "1", "Uq3NsDX4Clo": "1", "7vMVNA8PY7A": "1", "_6rj5jisB7g": "1", "kHFnc_eV4Lg": "1", "NIB5fvxbWjg": "1", "vVaSYcRnxRQ": "1", "M2IpET_ydUg": "1", "msMehuZo3x8": "1", "-1yXdOufzKE": "1", "1CxQW3bzIss": "1", "z1rCMzkbhmc": "1", "OkT_d2OTgv0": "1", "YW-XHa3Q2cs": "1", "sbFmK4zZ9Ys": "1", "rZMkBHI0uR0": "1", "_nufc37CHso": "1", "Vxd9W0RVgFY": "1", "hHxE2wdegms": "0", "qQYz0I5dE_A": "1", "n-XABtUQFNw": "1", "OgzDWlmyyYA": "1", "iMfTHHLbj5g": "1", "51t7y5UyVaE": "1", "7VCYBtx6h4g": "1", "bTwWShYxcoU": "1", "MXiJBp7HK5o": "1", "UUJd2Ptfr4A": "1", "jHbCL__KKw4": "1", "UTQinvFuX3M": "1", "rHaRhKOcr2M": "1", "8N9gSS_HRcE": "1", "excxIZ4wUvg": "-1", "Z8yW5cyXXRc": "1", "Tx4SBSV9KVY": "1", "5I7VtzGcgtk": "1", "dMgiG6EmTfE": "1", "-KSKkmypTZM": "1", "K4wLg5g1xPw": "1", "v4gitDm3byQ": "1", "womx9GYLVD0": "1", "8795zWhHjJs": "1", "pTdXVmgC3us": "0", "33D5iccLDK0": "-1", "8sjUcp0UQI0": "1", "WSDvRkmTNA4": "0", "oirB6r0PySE": "1", "LOjETlSufwo": "1", "MOBdTP9ZB-I": "1", "qLIW8JWk1RI": "1", "o1tZ2QN33SI": "1", "Dip_ThFvjKI": "1", "vYGvoUNw-Rk": "0", "YlKDu_XtG_I": "1", "F8bXFTHPK_0": "1", "vPcjTefW_Ao": "1", "P-i6PlKdMug": "1", "C6d4o6hxZOY": "1", "Y_7WgXAlLFg": "1", "VXyA7bZLoCw": "1", "N-nfMbFKC0s": "1", "EwrgDhck57E": "1", "-XzQcpcgCKY": "1", "7sVGB2_zARY": "0", "ZnbMEkpBs48": "0", "By0S8NpLPH4": "1", "9n0w7F5hGYM": "1", "JbsJPO-ZreM": "1", "A01uRcmyuWc": "1", "OFYSUPlZmcg": "1", "oF--p4Dkv_Q": "1", "CkF1rck0hIc": "1", "YqKMI05XHFk": "1", "MfzNEmqeIWo": "0", "BtKw7V7hGok": "1", "sXlmF3eI9R0": "1", "dpzu3HM2CIo": "1", "2uT9fjUmm-M": "1", "Y5Io2bdZP1A": "1", "P1T_Kk0cWLk": "0", "FxoNbut0vqQ": "1", "ArTzPA5AsTg": "0", "95QcBNJN984": "1", "WX3N0Rr-q-E": "1", "iYpxxHQrP_Y": "1", "DRQJ7_TXAPE": "1", "ujEqAi6-VGo": "1", "CxvChSSLXVk": "0", "D3J7R6WBJJc": "1", "yH7BaQEguYs": "1", "sRv9_Q3HOmg": "1", "-AmKP9VE2Ms": "1", "tE2JZ5eQnUE": "1", "u1OmpTPffQc": "1", "IQovoot_ZUM": "1", "JqNjeNeJzuA": "1", "iTUUWOV4Vns": "1", "Cx_5i5rWVE0": "-1", "R50jeoI8K0w": "1", "TdrE1VMxzoE": "1", "rt_jK-veOs0": "0", "nQCDPCKoKhw": "1", "r_X5C6e3ZeY": "1", "Lvd5gy1Xqps": "1", "iyi67AJhB74": "1", "WEJJUGJZxpU": "1", "5fHG8U96EZA": "1", "a5abtmwuo1s": "1", "qpurHfNLY24": "1", "VbHw6bnVc5Y": "1", "ROmhkfzXNko": "0", "1xGroEzJgYs": "1", "HssUnxcw9wQ": "1", "yeL--HO5-EM": "1", "bwz98athxQ8": "1", "zx_cmAIyaDQ": "1", "PccOSTr-qvA": "0", "qdHd735ZGg4": "1", "fqiqW-QiySk": "1", "_ZILy1qRZTU": "1", "-ijH3cRJ1BY": "1", "eH4DkWxoVT0": "1", "8oE5guoix3w": "1", "pzJCbdgf6hs": "1", "TnHydQ94Z_Y": "1", "3LJvV4dHtHA": "1", "qGVleYQkSyM": "1", "MhWRyh6ymiM": "1", "ck14LKBI9GM": "1", "rZNiP2ufp_Q": "1", "dcNrh8FL3vE": "-1", "eCSBRIkS2mI": "1", "YD7ya_NssNM": "1", "zFSs4LlRW9E": "-1", "-VmCOAGhHkM": "1", "HaYFeUhyQ9M": "1", "aumsEbfWnjk": "1", "JinBKqSCSac": "1", "NvEC1qZuehI": "1", "GZ3x1tMre50": "1", "mMM3Yhro508": "1", "rOc16tTA0sw": "1", "G01psD8GU-M": "-1", "DMA4o6zqw58": "1", "6HF7pSdZaNE": "1", "mQDit9-z1Xw": "1", "vVkFT2yjk0A": "1", "OfTObl7qgjM": "1", "U7pdH1cVbyY": "1", "_krbxXawoAU": "1", "Rzu6zeLSWq8": "1", "OsN3-29ijIQ": "0", "D93S3UVU8pk": "1", "wJhU1BLVezw": "1", "bAImHu2qNEM": "1", "ujpmTe8PZUs": "1", "ks9vBiL4SkA": "1", "b8TC7zxvWBs": "1", "j1U3s8TVACA": "0", "zuX6Qknahkg": "1", "iN9hRCxwxBQ": "0", "EkMtaZ6coK4": "1", "Xu25lUDJZgY": "1", "58ldzvk0t50": "1", "eWHF6rmt1WE": "1", "h8Ek3v1RBEU": "1", "-rYZwYEpCds": "1", "Mkq_1O2iNHg": "0", "kRyEpJaHn8U": "1", "sWS0GVOQPs0": "1", "aEK37MBTUPk": "1", "GHJrXqAKR78": "0", "0A_35Z4eQfg": "1", "-lmw0d6S6jU": "1", "cyVzjoj96vs": "1", "AhZo0QfFO9E": "1", "FsW2QM2oLy4": "1", "tAnlcW_ILyw": "1", "zrIe6n-ZK_E": "1", "DyMtcblMXfM": "0", "eke4s0erdgs": "1", "gKqqoQ0ug-Y": "1", "29dlGyKAySY": "1", "fiMdhT67xqA": "0", "8KuQ3nhpctA": "1", "e3_OV5oODj8": "1", "7AVmI73va4g": "1", "TszuuF7cbac": "0", "X72GUu9V0aw": "1", "Oh4COhEGRCU": "1", "ZN_sDtN9wH8": "1", "bggFBWn7YoI": "1", "K8ddz3Bu4KI": "1", "yu9sWjnJFHU": "1", "NgMr2lyh4k8": "1", "FDwlgxqaOiU": "1", "jnvgq8STMGM": "1", "7T3J4n_PJaI": "1", "gXlDStpJVhM": "1", "doSdHnKNtRc": "1", "ltqssfzVyrw": "1", "VEmQEFCBp2c": "1", "Sia6jCXUraM": "1", "-cSFPIwMEq4": "1", "t_3oIy5jAG0": "1", "1bRja3o3Sro": "1", "6HNKqffU3Cc": "1", "L8RP9Hxw34Q": "1", "pNTu9RjThRM": "1", "orc5fBf14vs": "1", "7DZao4kN73M": "1", "UC9qnjOUjss": "1", "XHPamIfsT7k": "1", "YN_eu8Jk50o": "0", "6AOvnPY_d-U": "0", "GvzEX7uBXKY": "1", "vQYStgWhejA": "1", "-GXvYexMoZY": "1", "taMDXh7yBIA": "1", "vyeTdmBn_x0": "-1", "BEoqmJ_6DVE": "1", "E7QpcewlSqI": "1", "6Obj5eoSpu8": "1", "Bw0KIjIfprU": "1", "dHyPPvksUTs": "1", "Evnaic2jP7E": "1", "FlzMcscSa4A": "1", "xlb4SfKhsdM": "0", "AJYN5rdrZXo": "1", "3biYBKLNBe8": "1", "OJ0x_X0xXgU": "1", "3UOGKO7tM34": "1", "2MwarUSvaLM": "1", "6xYCsZW07o4": "1", "5CaMUfxVJVQ": "1", "gNBRxgr9zZc": "1", "N2oL_gXECtg": "1", "kNLwH8AEa7Q": "1", "LEc-35QNaoM": "1", "8hDtBVP3U4Q": "0", "ohIH_EchYWU": "1", "vmfBkVQCd-M": "-1", "VSdxqIBfEAw": "1", "omjMG1JU21s": "1", "_Zgi2KNtWVY": "1", "L90XMfzURqg": "1", "r3-JcET_Rzw": "1", "nI9_BTm41MI": "1", "OhIEt5IN6GI": "1", "6tqO8iiP_70": "1", "Hi2RE2Em6Cw": "1", "hzkuTNxrqAM": "1", "sh6vqhOUX8Q": "1", "14xmGANmavI": "1", "5NYMRt59d78": "1", "yH3YLcQxxmA": "1", "Gw_a4iutD1Q": "1", "kZCbvpJ4O6c": "1", "QCk54X1xYVg": "1", "yr78_7Kip3Q": "1", "M7cUYVviK50": "1", "krxgYqVdOG0": "1", "RzDr18UYO18": "1", "92RWz0gr1z0": "1", "ewcsazvpxT0": "0", "VIfRqrSjJis": "1", "RH2clfEPxAU": "1", "UKn_7fyB5fw": "1", "Qq7c7hBXlek": "1", "50DKFO15np4": "1", "F6Q_47Odm1A": "1", "A1W6Ku5bJR4": "1", "zE9wNkE820w": "1", "QZVAX69ujEU": "1", "6uFQAqwbwSg": "1", "Plh9sAFEZJw": "1", "WlNH9bzju8U": "1", "puDC_XSKRes": "1", "z2q7y50zxNU": "1", "wcIhCTi_HHY": "1", "OobrfR125uc": "1", "obHjzVSAJQY": "1", "SXQY3A2eJc8": "1", "H_WSu29W1CQ": "1", "yhkkrkgCNkI": "1", "pkpX7tU3vuo": "1", "fMxb-f3uTis": "1", "m82OKNwOeaU": "1", "mByznNYCWTY": "1", "OqiJOPXpksc": "1", "zryW3mGUsa0": "1", "BRMQ08cG4Xg": "0", "PmrTDZy3f2M": "1", "Hsufiso4mLo": "1", "Nmgice3ieZ4": "1", "-DFuMqROFCQ": "1", "4a5fS0F6LLA": "1", "lxlmA8Pr_iY": "1", "rkqehuUTQ_4": "1", "dvWGLcdI8o8": "1", "stbtl2Arkag": "1", "erhsuXTyDww": "1", "l7IP5SV6GqQ": "1", "3mqscqDcoEY": "1", "Jv5StAv77Dg": "1", "CO0qwl5k9R4": "1", "hX1S4U33IgI": "1", "oUMo1il7me4": "1", "47ZZjEXcJ-U": "1", "yEH4Yum4nN4": "1", "sqLNG9VYUcY": "1", "N6h1SMjQEog": "1", "V68UXteyuFg": "1", "dx6z-vDgz_Y": "1", "v-gwjJ_NXKU": "1", "iQuTPEYg2ow": "0", "RAxElNM-Dmg": "1", "UEVa2swtC10": "1", "XjfH8wJ0zqM": "1", "LnoumTpLMfk": "1", "PFbeP6YqHzg": "1", "VDut1RkQP_s": "1", "eEgMjH9bVgQ": "1", "KJfX0FuB1Dg": "1", "6oJXL398aBU": "1", "dskwrtTt2wI": "1", "bWUIugV3AGc": "1", "jAF2hZxdFRE": "1", "7fF8uIRdfYE": "0", "R9ixmH48CF8": "-1", "BnQMq5wtZcg": "1", "E-MRp96TgbQ": "1", "SYF_EP4tmaY": "1", "kHCDajKs17E": "1", "KjpVMX3wcJQ": "1", "cbtf1oyNg-8": "1", "TVETIivaXlU": "1", "u1QdH6ZgJ3M": "1", "-iJAbi92xeM": "1", "O8TgVKtRB28": "1", "m9j8v2jhGqk": "1", "e52TSXwj774": "1", "WkYnX_VCMP0": "1", "osB_PSneUik": "1", "csrPT9ClVUc": "1", "D5l-H3fj8Rw": "1", "dXJ8AzlsX8w": "1", "kCvF0GmiHq4": "1", "2yO4-Oh-JP4": "-1", "eX4MdXF3OWI": "1", "a9WB_PXjTBo": "1", "VicXmrGCnYA": "1", "dcTjsBMIRU0": "1", "bL6aaatfWQU": "1", "QR8A3T6sPzU": "1", "893HhPM_0ks": "1", "7aUTdYsZda8": "1", "z7CnMN3xi9w": "1", "GXhXsex8y9c": "1", "F9_Vz_xVjAU": "1", "we3aNazTODs": "1", "sSPP0wQslQo": "0", "cbfDGMfXimA": "1", "opNPUpLEJic": "1", "Mq0K8Q1lMgo": "1", "SfAxUpeVhCg": "1", "UzNcixxdnZs": "1", "113mRmchumY": "1", "XwdUXS94yNk": "1", "TSF8EKPxPVU": "1", "qoxRKfaG36Y": "1", "peUxhH5TKtY": "1", "mucuLrWHGqc": "1", "OlZqBR3yTiw": "1", "mcpgGmo8_4o": "0", "MVLzkTuVmrw": "1", "axsqWbxZJGc": "1", "X9dyADHwK74": "0", "kxTo6d34mUM": "1", "vQgbLkJVgAU": "1", "-gMjPezr8TY": "1", "fDoDUC9M0Sg": "1", "a_FEhbdChkI": "1", "RMqv_GlnyR4": "1", "LVeBHwRbXB0": "1", "FOiY8YMJ4Q0": "1", "KdRrP1Kh9TU": "1", "i0IJqIzO_YM": "1", "QFsXJGlShTo": "1", "_OEijvTi0NE": "1", "tqVrAFFovNM": "1", "pM3gfiregSQ": "1", "3bY7aOx8WHk": "1", "gm6TV-sg3zc": "1", "o3zD6HbcblA": "1", "7LQpRQh2KSQ": "1", "R_sX8DNJHJg": "1", "2IJtQvaK9GE": "1", "YcD3HHmKT4I": "1", "wvmnRLFYIIU": "1", "zSWES5qtht8": "1", "TcOOfpf_YBk": "1", "DZ0x58a_L4s": "1", "zftD8q7SnJg": "1", "vn6E0boDX3g": "-1", "fKTTV-E-aLs": "1", "YCejo7c6pBs": "1", "qzilmXQ0ReQ": "-1", "wM75ulDRkhI": "1", "UJFDaEE799M": "1", "2wNW481Y39A": "1", "lNfPcMGneb0": "1", "WJiz3SD5g1M": "1", "4Vn3mLIlqp4": "-1", "rY8MhKBZadk": "1", "utjtqCgUDnE": "1", "eFYH9kMHiIg": "1", "XCrhZswcukk": "1", "e3fv8IbnhXw": "1", "pgheNRqftos": "1", "yjno-e4WMtE": "1", "Q81bsGI-JcY": "1", "xTCrs-wSacg": "1", "xgk4J8eLRSo": "1", "TEsp-IYQaOk": "1", "ZE72ilXg0jQ": "1", "Fobc_Jnx0Zs": "1", "XJdi689BqKA": "1", "WfV45T0PXQA": "1", "Tt4odad9p8c": "1", "8BCIOFSym9s": "1", "fsE0g-8CDQo": "1", "64RHWvy_SoI": "1", "_th7oVWjrXM": "1", "O2vBJt1iG60": "1", "qSvb7o7xrxg": "0", "_6MAkLJ79LE": "1", "skedzvviBWM": "1", "CzcxM6u7ey0": "1", "I0ZqXv8KsJc": "1", "HzFdDFhenk8": "1", "LSZPNwZex9s": "1", "hmT0WGVjT4M": "1", "9iL8pGHgBjU": "1", "-u8ejR98KRE": "1", "8zTDbpxT8ZI": "1", "LmSmrSm235A": "1", "moWeryJjRNM": "1", "4Or2Tanfrtk": "1", "dhwKGg4mhiY": "1", "zXhfwbjSovs": "1", "uEZBoUdS7f4": "1", "F02kgBHjBms": "1", "SswMzUWOiJg": "1", "3jx_NcuZXac": "1", "HexTZbSIEII": "0", "LhGJvGhIzaw": "1", "prqaLhnNYIo": "1", "t06p60TPtjA": "1", "STqFXr5N5AI": "0", "29GrCUTdu3A": "0", "H-V7cOestUs": "1", "wF_LJfwFsE4": "1", "T1rZ_GuLZ6s": "1", "8AsihR-MCig": "1", "ib-Qiyklq-Q": "1", "WhfntLl6xx0": "1", "OfY4PyFM3uY": "1", "zeeBp2uqcKc": "1", "HnL-7x4n4d8": "1", "eob532iEpqk": "1", "lVt0ZyO9ft4": "1", "D3KsGTIeO7A": "1", "faAZo970RA4": "1", "qi7RgBU1nlE": "1", "Sfy8UYRhmpA": "1", "TfOumoFSs0k": "1", "Pzl86IjTpHI": "1", "yZdWPqpVbEk": "1", "PXTagE7BtRU": "1", "NWug8UKCZxo": "1", "uVqSmJW7JFg": "1", "kI-e19z0Og8": "1", "QqScHid0h-c": "-1", "ENp3y6Sk8pk": "1", "1AIDh3-sGW0": "1", "1krJqn3smbI": "1", "tRnp4UPI-Qk": "1", "HRu7W935dyk": "1", "YfFlaavmqSU": "-1", "3quMz-EAThw": "1", "Ht3HsVs9alo": "0", "8Bc0WjTT0Ps": "1", "yGVaArcV9BE": "1", "z4-O-tLsCDo": "1", "tevkM-vPqLY": "1", "NteAPGprDJk": "1", "xDrHWtN2-C0": "1", "hmXp5nrGSwQ": "1", "dQmK1CnwOUI": "1", "2-_qRS4Li7A": "1", "oal-vBFmnRk": "1", "uIVfcqanGEU": "1", "SZ59-omEYgc": "1", "6FSOKnW9BLI": "1", "GINmvzOpfvc": "1", "tYysQOHTimo": "1", "cwRSIRBzg-c": "1", "_T5FcBB9GIw": "1", "cp1DMQ-x33k": "1", "b-j7H71q3jE": "1", "L4t-fCKQCP4": "1", "d4gb13p2Vao": "1", "ckXUcAULF6Q": "1", "qjKMAolOf6E": "1", "UwY67LYzH7Q": "1", "Bkcz98qXUPo": "-1", "28pbk_cQx-w": "1", "vEEWxUHKUZA": "1", "EEfdypNxAVU": "1", "_lDncgUwor4": "1", "bp67DsgTqSA": "1", "ut5qa3B9GEk": "1", "Bh3b6M4g8BA": "-1", "vSROQRmdZJU": "1", "LQqyDj7RX6Y": "1", "nlpZRK2Yfd0": "1", "jjV91ZRqu-o": "0", "2k88FGifTFI": "1", "kH3JycOMCR0": "1", "W3U_Vxmqn9Q": "0", "C39GKOf9clo": "0", "Zk1LRs39xGE": "1", "Q5qZedMTkkE": "1", "111MTs7MGuw": "1", "dGfQgat7KiU": "1", "s2DTEADGSpw": "1", "3zCtPnz-Bxk": "0", "z7HGLN8r84E": "1", "nfGldW3PnE8": "0", "EkcRPhF2gO0": "0", "0dwNyxycNqQ": "1", "QI3x6pEwmHk": "1", "vnOyMSEWNTs": "1", "8SVnrNaNv7A": "1", "uww_MqZD1Tw": "1", "BEgmHJj7D2I": "1", "YkruVmCZoJ8": "1", "FoGGDKV88Fg": "1", "e6o8PbAsGKA": "1", "LVZy1FIua2M": "1", "M5A2a56ALMc": "1", "RtETcsKfVo0": "1", "uqToVzu0iTc": "1", "SNgjU783Y8s": "1", "wnwEntgHyFI": "1", "IqlrxA2Atdg": "-1", "QMqVijLB4z0": "1", "yjjb_Dy7tXg": "1", "wJl8sIAZV-M": "1", "b_L3jgr97FM": "1", "BjWVEQGcjsU": "1", "MLk_dCtwJsY": "1", "Co1oj3o4tbE": "1", "dY1ecfWT3GQ": "1", "eI6mIlHKrVY": "1", "oFGA1IFGMU4": "1", "CUCC8D0Pq_o": "1", "_6n2tvHQHag": "1", "DvpKouRTCx0": "1", "MTUyMzR6ucQ": "1", "EQobIUE1zTU": "1", "SEkGHaD7ldk": "1", "sgMl-iZ3tZM": "1", "iUP3PMLdoOs": "1", "Q4uSKvXEuZc": "1", "8eA24a6ohjs": "1", "j0BDwzN4viw": "1", "gSUMLpmLV4A": "1", "rn0lwGk4u9o": "1", "dZfkSAQWz9E": "1", "3wdaADBIoH8": "1", "RaFcbOBw8bI": "1", "hlDFpwZPWJY": "1", "1u28Z6RM-FY": "1", "obC8w93I5HA": "1", "U-VzZQGWOqA": "1", "_yl7YfEyK4Y": "1", "tll-4WONtg0": "1", "NENrMgUl8JM": "1", "F_ivP4xqeZo": "1", "Z76fSElJu8o": "1", "apN1ptgguzg": "1", "O8vZjrvYIsI": "1", "azDtIqe-zzE": "1", "N_r349riLEE": "1", "Af1OxkFOK18": "1", "EJxibzQfeBA": "1", "py5J2ucsK9Q": "1", "rFq7M1vUIgU": "0", "Y96zjf5AXUg": "1", "_RuQrkMzvf8": "1", "Owq4457dtXE": "1", "Snoxw4F6xp0": "1", "-D-jpc741rw": "1", "o3GksS6WGgY": "1", "NIsvor0ID_U": "1", "uhhcaN03tXs": "1", "idQhux3kqTw": "1", "1w1myYavVsE": "0", "rnBAIJ1mzqQ": "1", "EIv10asX7cc": "1", "8iXdsvgpwc8": "1", "2o1TA0PG6pA": "1", "0cP-qr1JUBI": "1", "tDIEpusrQyE": "1", "CjaChfeguhk": "1", "DdD89s1Xjtw": "1", "wKn5K5V7tRo": "1", "D0cyg74awpI": "0", "mSzGpC5Xihc": "1", "DFM4DSJHs5w": "1", "Pm4_Sj1L4b8": "1", "q8Zc3ilbkWE": "1", "WzQ6a2UKlGM": "1", "YG2nGaRCWjo": "0", "T8y7uf2LmkA": "1", "snEIjWR4lQw": "1", "J0HKpQyhmcA": "1", "1iAzpTqRIgY": "1", "w5NH6qXvB9c": "1", "vtP-S9OS0o0": "1", "wVheMazNeM4": "1", "zP3DcpSSH34": "1", "tWeE2-X7wn0": "1", "DYYy8_GCdn4": "1", "Rr6qaG8RlUk": "1", "CNoivLvheUA": "1", "MQLMeywyy7g": "1", "h5LR-IZbbc0": "1", "wO7HQ4fNrpA": "1", "7vCet60rr_s": "1", "XE9DaSxwEr4": "1", "ffQf0ztguzs": "1", "g0MdXNmwxdo": "1", "Yr5ZWYRaAyw": "1", "Ao0jaXRAarQ": "1", "9MepHcKOYeU": "1", "KtkfE_OWSzo": "1", "zR_-YIPP49U": "1", "ZbTCfuCnWCE": "1", "a0YTHkqtzOI": "1", "VoP0tAvHcGY": "1", "07i6PO1gP10": "1", "gbDtpeS0iaU": "1", "DiZdqp85EfI": "1", "P03flnwV__0": "1", "VFYiqDh0UxE": "1", "rSTGOyDFPrU": "1", "XUDLLRI_jXo": "1", "e6Qhmdk4VNs": "1", "h61AVRe_Dd4": "1", "VZ9HkICDuOI": "1", "eJvwxDTlue8": "1", "IM-QYuzrXC0": "1", "cv157ZIInUk": "1", "uDBJ2ktSZpI": "1", "oSHtuXXbig4": "1", "uGlYpkQfk_0": "1", "_I1UfeCH3SY": "1", "Om5zrGo1n6c": "1", "ql7uY36-LwA": "1", "DH2yYPyH0VY": "1", "98BIu9dpwHU": "-1", "-UGQp9pfU_Q": "-1", "5J58i_qbQxY": "1", "AhlpVjZxutw": "1", "w10a7OCsjzE": "1", "_VX6IOJtn7U": "1", "v3nD2ySQugQ": "1", "mkLjjgxy7hQ": "1", "zKQbsrRutvE": "1", "h7k2uwJmwxo": "1", "Q9aJBgPpgYY": "1", "7qRIx5t31zo": "1", "x8JRZDVq-Ho": "1", "MX3P_fcgtHM": "1", "CwpNQWrD8PY": "1", "Rbrea2OXbRo": "1", "Dlf1_vuIR4I": "1", "kte8Eij3TPQ": "1", "EjQ5Yw72xtA": "1", "RdCs2K_ZEpU": "0", "KDuLZeVfYcg": "1", "tsZUuI2bSG4": "1", "KGr_KFiCX4s": "1", "315bcBoZoLw": "1", "V-GgoHaHz6s": "1", "MYSmij0407A": "1", "STVn3BmZXw0": "1", "u0DTlkN_E9c": "1", "CpnYLvVrA0g": "1", "hMa1yH5QCxk": "1", "lyknI5_Wcqs": "1", "a1gpOAYth8k": "1", "oWdZEJW1vWY": "1", "Fj7kFvk-T7g": "-1", "qCoReA4dNV0": "1", "fB9ERHjCzfI": "0", "7iCXk67TIB0": "0", "l0fJnbuc1ig": "1", "daIrc6uBRkc": "1", "5tisdEErLHA": "1", "V_3H_Y5QUWw": "1", "tw-6rkZ1Cmw": "1", "99iAONlvpbw": "0", "zvq5rMEbNbw": "1", "bqeGxMgVOHI": "1", "Cu-qFrFMc_w": "1", "1dF9t_xQGks": "1", "vft5RNJ-U_4": "1", "7IcGYHU8WBo": "1", "TR7JApjgIGw": "1", "7T5jX_BNnb4": "1", "agI77DDECkY": "1", "hQokYC2-b2A": "1", "U9y9McTwNKE": "1", "mCVaLGPHqOI": "-1", "Yh0nkoJgDM8": "1", "-usbQDfTIqE": "1", "D-ie_aFsfb8": "1", "4va3G-CNNUo": "-1", "SDwxwvQEdPo": "1", "vRYfouuHPvs": "1", "fdB79Gb1aVE": "1", "ZlCVwarmwJM": "1", "ivLmx6ixRRc": "-1", "Tbxq0IDqD04": "1", "HT666XwJR2s": "1", "Rjbxuv62C7I": "1", "15nAJorLmHY": "1", "UW4K0hKqLX8": "1", "f6cvgN0j_CY": "1", "iQnmoquHwaA": "1", "xzv8YzbhM98": "1", "Ih4VYnbm6Sw": "1", "1Sy-fftmGeI": "1", "3KyvlMJefR4": "1", "KVgijMlXMps": "1", "d6hllDE7VJg": "1", "l5tcxmnv8c8": "1", "iFNi5-hppUE": "1", "qiFQsxGUQOI": "1", "62Pitv-cm3s": "1", "FuKGC1djld0": "1", "xaZlPaj5SAg": "1", "eeVelhH-aIU": "1", "7ZvOqYVs2ao": "1", "KJegaxpGBQ0": "1", "yEnxF4sPmpA": "1", "tBxMpuiBO7Q": "1", "1q8ihgBaYog": "1", "i0NloNxh4xE": "1", "JY02BTJrrOc": "1", "P3IjDZWcsTE": "-1", "hE3XQXd99iw": "0", "cBoD_zRfz_4": "1", "Lu8To4CwPfg": "1", "DEmA_QF30GI": "1", "Hy409bgKcgE": "1", "wZMZdQzoQgo": "1", "byPCI7Y4paw": "-1", "yq17qH-zxKg": "1", "5hp2YS0GzCY": "1", "VHz30rlNHCc": "1", "6BB9MI_8bsE": "1", "YJeaO0trUoQ": "1", "BWTmYKKCmZk": "1", "FT7lLnd_DYE": "1", "L4zQ_q0fbmw": "0", "M7-KYW_FgqM": "1", "3vaDzDzRH_c": "1", "BDumsN1NCGg": "1", "rK4Bh_arF-E": "0", "lT8bG7XqnBw": "1", "JbxLsqJIdsk": "1", "9Id_r6pNsus": "1", "sRzh8uLA1tM": "1", "JTRJBpNTcHA": "1", "qKiQA5e-fPg": "1", "khDdRExFF-k": "1", "wuzlcAKPoDg": "1", "b_u5C749aKQ": "0", "RdPDrilMi_k": "0", "6ThU8dS1ItQ": "1", "KfUCkewOiBQ": "0", "YK2VZgJ4AoM": "1", "TUftNzYgYrk": "1", "F-OgKyUuFfI": "1", "pV7-cwgRjL0": "1", "BpOvzGiheOM": "1", "0LcHFkXmCb8": "1", "8FYJKrHNeqI": "1", "hnI9nAIsSeA": "1", "nWJut7KQhI4": "1", "SPc70pG-7tY": "1", "0xQ-HyzAgRk": "1", "YRpzk1oQ5jQ": "1", "6-BPFPwv8RQ": "0", "P_o1_li9FCI": "0", "KpqEGS7asds": "1", "jO3K0B3kLZs": "1", "enJbXlb4zqo": "1", "Q2TtdM4iI5k": "1", "IJKXCEXByp8": "1", "otR8V7rlnjA": "1", "DPEJB-FCItk": "1", "6VEHt9cmtzI": "1", "-NGN4J6F_vI": "1", "CCBnUx5uMqE": "1", "92_2HbPjFdU": "1", "9VYLCP0JeIU": "1", "ZJXRdce_INo": "1", "Bw1Iwzst2bc": "1", "KnwxN24E2yY": "1", "B9Tx6olI3l8": "1", "Oph4fcJmPBk": "1", "3iv2NnAxVmM": "1", "U-AjA5VOZjc": "1", "XdOiF_qdQLI": "1", "eU17_kd-e4w": "1", "jgnUqYSxflg": "1", "uA-_HGiV6eM": "1", "ueDjWG29Kwc": "1", "XVTo4y5e08k": "1", "iLsDZjIH7sE": "1", "zqlVUFL9hlQ": "-1", "R2QRUN_gO74": "1", "s0sbTLCLpgY": "1", "N0TY3_9-Oe4": "1", "jzj7STruKgQ": "1", "cYIN-b8qjmo": "1", "js6VqTldWi4": "1", "Q-0MP0Ql4II": "1", "hxW2qrzciIA": "1", "QhOXx3JRlMM": "1", "JWMM7HPeTHQ": "1", "uw08j-yOfcE": "1", "GqKXkKplELU": "0", "vAO47Lz9kxQ": "1", "qaOvHKG0Tio": "1", "iyNQr8k622c": "1", "Rk9a6BodzdM": "1", "dn7u5XvupSU": "1", "PJ-JBFXh2IU": "1", "97z8WZXrCCo": "1", "WLb8AwuZ7N8": "1", "sNBdU0PwWKU": "1", "JpVULjoF7uI": "1", "XLBfHyfSD5Q": "1", "LMPKVWN8NQk": "-1", "wiixrRgysks": "1", "awq90APEVgw": "1", "ctVKoj2jZLU": "1", "MixNh9L7G5M": "1", "Nu5VJMv8l3k": "1", "-kVhurg5b9U": "1", "Ln8_AUCIkAw": "1", "tCAY8YH0X7w": "1", "YdB4DJArCns": "1", "OGqfFQdSbIw": "1", "QUOqFV_v5po": "1", "PySuLH7NAQg": "1", "YxhJD40NaMs": "1", "eOhRcauf7tU": "1", "GF1RZ2A1cq4": "0", "a3LUeeDwLXI": "1", "GvMbfC-Z8mc": "1", "RMEEpw0oh10": "1", "rskFaiDIEwA": "1", "79GTD0Q3-yI": "1", "CvZ3WwEEtPQ": "1", "b3F-20ld720": "1", "uoABty_zE00": "1", "xxYjJ341_Fg": "1", "i7GxI9aiiYE": "1", "rTJT3fVv1vU": "1", "694TX2lQ7Uo": "1", "-UP6DuhIc4s": "1", "BR07oZC0QHU": "1", "YkyTQP27H6s": "1", "DM58BGhJ6oo": "1", "TVqe8ieqz10": "1", "OWZ6xtVLmzA": "1", "0pGgRgTnMTA": "-1", "tMe3WDmxBEI": "1", "IvwkyXwn8vY": "1", "0KIqDAijbS8": "1", "6mpS6V6Ucrk": "1", "5QLUr7zVBeY": "1", "zAGRVQG2dyc": "1", "42f8stXuFPQ": "0", "XXCvPwgx320": "1", "KS_6HHQ7jOA": "1", "MV-_bqt_ePM": "1", "VcaT_wRwmuw": "1", "8Suu84khNGY": "1", "KYd5XMs-nVM": "1", "lDUOmY80GhU": "0", "PbA1F8z_ppY": "0", "V32xhSMhCXE": "1", "ULL6DqJfdoE": "1", "jwM5_-2Z1JA": "1", "qfSVlybYNho": "1", "T_y3HfRGRek": "1", "TLHP_DXmBcE": "1", "ApqQW5Nx1qI": "1", "FtnESCiZRnw": "1", "fQYvkhlhH4Q": "1", "Ccj7qX_NdJw": "1", "IlN82YoEpNo": "0", "iZQbY4sVGDs": "1", "NySN_plfiNI": "1", "S_US6re0sHM": "1", "thNmEKUBG5g": "1", "UYy1GmJgFXA": "1", "3RucyZiPfjw": "1", "5Ea5lKyWxGc": "1", "TkHA2pf1gvc": "1", "ASsZ-u9YV3c": "1", "KDLIl7eP1w8": "1", "bKWTB682GdA": "1", "v9ilXA1bHg8": "1", "GM2C0fiZcp8": "1", "4ArXuQwjj7Q": "1", "dGef5vWiUow": "1", "QSgnWYlUtj4": "1", "3iHP5bBWFrw": "1", "NWlOtBV5zO0": "-1", "ou9AabR6_1w": "1", "h7y6iE0aB5s": "1", "qPdSUywxbR8": "1", "fbiru-km-Ps": "1", "rIzbZndT79s": "1", "W-2MXzendwA": "1", "TyDl1yEVQ_I": "1", "KE1myHdqlWM": "1", "q0rSbR80GQk": "1", "OYolmh5LDbU": "-1", "4Krky4i6Xk8": "1", "nVyYWy4dgc8": "1", "FcVno8saeZY": "1", "3iH2jJLfR0o": "1", "dt8WKBM6Tjs": "1", "bYluhQEhyeE": "-1", "9go38MgZ4w8": "1", "P8LARnyyJKI": "1", "-kwRrnS5vV4": "1", "6T2olgjnDWY": "1", "RErvLXHsKmg": "1", "iQ1-jSvxMJ0": "1", "pfxB5ut-KTs": "1", "LpjojQea7Lw": "1", "7Guufs3mdgg": "1", "yY7VmNv6ud8": "-1", "UK9VU1aJvTI": "1", "hBwjS_4ow1Q": "1", "QKt7A_wsq_8": "0", "C6Ds54kVdlQ": "1", "yTLQBOlgkTg": "1", "BzNhTGHgdeo": "1", "bL2qqJOSw0c": "1", "WEv1DrfntZ4": "1", "E1KVn_XQlqA": "1", "c32CSBdhb-M": "1", "IhdJkFH7K38": "1", "GqrhVFrDTd8": "1", "g0u0oEUcasU": "1", "VbVa0cPAJ1g": "1", "HypgcCT1r68": "1", "6kYqjTA_VEg": "1", "9y5CFRb0FyA": "1", "mfrZmzP2ZTU": "1", "WIlPFRsseQ8": "1", "7Kb3rDbBWEI": "1", "_8n3VwG1xWA": "1", "jJ2yGIYMWwo": "1", "7QBgCfKfXqQ": "1", "SQNmOC7W7-A": "1", "bNGtPI3AQLo": "1", "8M-sAPobpfY": "1", "kPiC_fTPIbc": "1", "DkJ2tyCzyiA": "1", "sF0M_Rpv4Os": "1", "QtznmBe_T8w": "1", "qTz5jAn-XX8": "1", "fz5IRdFIpvA": "1", "a2E5J157hEo": "1", "v5LjcaN0kuU": "1", "sjgLb0HJ3VE": "1", "Gn18qz-iVJI": "1", "pieK7b4KLL4": "1", "ZXXXTD2iKUU": "1", "hNhSBhJHBls": "1", "1USbTGYv9ZM": "1", "jlXRengzZoc": "1", "3hb1pYdEuLE": "1", "Dv_yS_90D3k": "1", "PUEI7mm8M7Q": "1", "d_MreRQ7_-w": "1", "e0vyx9sa99E": "1", "wczdECcwRw0": "1", "9WoM2bHfr48": "1", "_anNRzbAQQ8": "1", "AZMSAzZ76EU": "1", "2gHeBVyqJRo": "1", "pQO2VtV1PNg": "1", "y5Aj3mEvCa4": "1", "fHV2iN0TmMA": "1", "FFsL8JBVWm4": "1", "B8--HRraGck": "1", "LHt7msyiLsY": "1", "CGb4s-Hix90": "1", "zgDqAfSvWEA": "0", "DoXRMooXv0c": "1", "2eXbSwaVcVs": "1", "K45m79fEyz8": "1", "XQ-NXWecM94": "1", "ttvHDYgEs94": "1", "fLCEd8xk1BE": "1", "rdcLg35QMs0": "0", "u_R5j1B_jOg": "1", "-W3yiAPR6g4": "1", "4hScgyXu_9c": "1", "JYu3LjgnT9s": "-1", "m064aD_kH40": "1", "UTjDWkaR6ZQ": "1", "hIqC9IYMUOU": "1", "D5H1A7-6E_U": "1"}