{"KONL05sae4E": 27, "VZ9lXgcYL50": 12, "6ThU8dS1ItQ": 25, "Pzl86IjTpHI": 26, "XutXCTwwmYc": 21, "h6CcxJQq1x8": 8, "w22oOw3RIAk": 19, "XkgGZobFUq0": 28, "1KkVdbUr250": 32, "D-Q5mUes_8k": 9, "bqmzpwxDJ9s": 9, "mcP_f1UEQVo": 33, "-nYhixp7bXI": 18, "xtJqw--DGl8": 33, "qhbliUq0_r4": 30, "EIUSkKTUftU": 6, "QEDRDrV55q8": 2, "5AP5zQrJRIg": 26, "DlB4hFTAxOo": 2, "PsH4uuRT2w8": 21, "sPneQzqhh4g": 9, "G2wBnjtmmg8": 2, "ue5tV4SDldU": 21, "QNh18bRw_0k": 8, "MX145Tu4MHY": 6, "i6O98o2FRHw": 16, "9IZ4CN-CTCM": 10, "5AuLkMBAFZg": 33, "Ejf8lk9nYH4": 9, "iZIHSn1ILxs": 8, "w4kHmbZTvyI": 2, "-S0Azz85mlA": 3, "gm_n76Dsl0c": 1, "BhHONpmlxPc": 19, "g7xSwrdkOMM": 19, "dNjIpip6e3A": 9, "B-XHdkCsc5U": 10, "-wXjs6DXoeY": 23, "QXAYIYdvnys": 1, "F0WaSy5jNLg": 21, "hFYCjZvv8y4": 7, "7GKuZu9xkj0": 22, "r3idOGxm3FA": 12, "n1ClxdeiIUg": 9, "lfABnAS5i9Q": 3, "BntPVmeo7ro": 8, "mulAi7cno2Y": 27, "1jP4O7rEHQ8": 10, "-iKqr230U9M": 32, "wTfBWIJ8xQo": 9, "0tteHhYh9rU": 33, "z01w7kSkDbg": 27, "baicgyq5UQo": 10, "n_ERe9-EDSM": 25, "P9LHzVEPodg": 21, "7jXUWe3MV_c": 21, "xeo9mVnuuWo": 6, "LL0s6qOIGr8": 13, "-XidtaAetyQ": 37, "MhWRyh6ymiM": 20, "hy2rGDWgOu8": 25, "8zOgbkg6Akw": 24, "bCxiuuJVT-8": 3, "azJEx1URHsI": 19, "biEjueDCnqM": 18, "mh6vHoyBs58": 8, "ghex3MkcoJw": 8, "dUig9IAwggM": 4, "HtYOm59fys8": 3, "2Zr7lY4WsFA": 27, "7nr-irGW9bw": 33, "NFg3HBMJyV4": 6, "xK9KHSYmDRQ": 3, "7oHsDGnZTcw": 25, "UU0SP91D9Js": 30, "DXvW6i1U_uc": 29, "1WlRcXIO5ik": 12, "onPZIVemXKQ": 1, "Bdegk_3T2K0": 21, "Pc5gHm8Po20": 19, "9MepHcKOYeU": 3, "0A43tb18T8Y": 8, "VRrMu7B1L2I": 15, "d4rxwT7TwXg": 21, "QrnoERrXXAQ": 21, "NjFnoU0IJrE": 33, "Jtakqt3Jygk": 21, "-T7zyezBkuY": 1, "4jpmWTqKeW0": 3, "tr3dFSzh1yU": 10, "e01a4-ClcTs": 1, "VX5au0LOJp8": 17, "MsmxhpjYa5o": 15, "5ecTR_nQzkg": 19, "Gz-sC-vSIXk": 9, "ObdSno1uoQs": 8, "E4_ygnUilm4": 7, "7ks-zhWCA_Q": 21, "kfrZnIx2VFE": 6, "287EUNf3yAk": 26, "hQmqe4Esq_A": 25, "kTaCT8ZmdJA": 9, "dgFsMuuX-NQ": 12, "jcH8WPds_qU": 21, "r5vgDdzJ_So": 21, "JuHMQ0QpH44": 3, "J3POpdFlxWE": 34, "zwY6acYYO3o": 1, "nazd-KgCjVI": 26, "V8YkHR9sOoA": 34, "Ht3HsVs9alo": 26, "gQPN3UKQM-U": 8, "PGkHLhnHEb0": 19, "mzj9mzcKEGk": 4, "_E3VBQa-nAU": 10, "PIi_RQU3skw": 20, "rfTDkbIfMvA": 3, "1ZnlWOojI3M": 6, "IL6UWPlf9EM": 25, "YRRBs71p7II": 10, "pnyo92tqh3g": 26, "UYTrnuXHces": 11, "RzFMm6I--zc": 13, "JOOfRE4m7PE": 18, "5doFzYPjl2U": 5, "6AR0xq6g5Uo": 19, "pXI340MQ2-o": 9, "X5vjQQXauD0": 1, "2v7lsnPvgtI": 24, "tjgtLSHhTPg": 10, "6IweE9qcQZ4": 18, "L4mP9pR-mzU": 2, "xhH2r3mKFeI": 9, "tLzfc7Ba12k": 9, "6PKAv5OPf40": 21, "Hqhn3eiNTr0": 25, "Bf_z_7B4Ifw": 6, "ZBLkTALi1CI": 21, "jqDrvC3E9kw": 21, "5Xwg7tQjXsk": 21, "q-dGW2ataZ8": 22, "wi-SZOU1S-s": 19, "0gjRzLqXijQ": 16, "D4pZN0wNuCI": 25, "Bp4tUXc5wZo": 28, "g0qawngQi6Q": 31, "YxyrZN1ETgE": 17, "6YEoYGArMas": 33, "-HWd3Nqu8_0": 21, "uHsLu6X1vys": 19, "ptbJZ9HBw2k": 10, "KKbRAazkiWc": 9, "qU5SVyxmW-k": 18, "iNDaTA3u6-g": 18, "Bp1KfEGUzZo": 19, "5u95Zc7AbDM": 9, "jlLJR4xj9p0": 4, "9grrfloJCgc": 21, "3T_xq0U5D5Y": 25, "qbBLDBohgrY": 12, "gugjMmXQrDo": 34, "kF89VnRrWr0": 12, "pLWpyBVx-Go": 18, "3KHSWaEamQc": 25, "kpjbhe5HJaE": 10, "iZW04_BdyG8": 23, "ILQq5hQhHYY": 21, "ofTqo8j-k8s": 26, "6h3G-lMZxjo": 37, "sch_WMjd6go": 36, "vLQGXHy5m6Y": 21, "moPBR6os8Z0": 19, "LwabxgoSGZY": 8, "cp1DMQ-x33k": 27, "zkd5dJIVjgM": 26, "ulECncwlNMQ": 5, "9Mj3mvkIyg8": 26, "7Ac2cZPOD00": 8, "PaXPMCoC6zA": 27, "vh_EwI8pjQU": 21, "hro4AdTYiTA": 8, "yICX_ZQ86Mw": 2, "uS4e1_gW6Es": 19, "__uCQMKry3w": 37, "qV3PhvCf_Jg": 21, "F7viKAPDmT0": 2, "kOSsIIxQ_dE": 30, "pkRfPx--R44": 29, "oRdpoJFPQjI": 12, "QN_UqvcynYw": 8, "EQtwo0xPvK4": 2, "KCmOB2L_djk": 1, "tojTf7I5H14": 3, "Gu6vmNz-PhE": 15, "MkpUGyWQlV0": 21, "D9_WzE28IwE": 3, "EZ5MxR80uYw": 10, "f_SwD7RveNE": 18, "VJwFUNHtCJQ": 8, "487-TyrRkfE": 21, "TCFnaU88FZM": 11, "U3jgo5ea_zc": 3, "B7g63DAr_i0": 19, "f1PNQwHZuJc": 9, "d2QNuDUTocE": 10, "QDCwAJ87CKU": 25, "VWPlZSL9ZMc": 7, "OWOBAD4OKwA": 19, "HxznTayRCYQ": 9, "t5UjmHOl4pU": 9, "25x_OMYCYSg": 19, "qO2AXQXyb-E": 15, "wEKFJWdJ5jg": 19, "y7ROJjWS2L0": 3, "oRValgHDvxE": 29, "sdzPp7V21fI": 3, "MBpIkIyxdJ8": 37, "b-CJNGx_Q0A": 23, "wFl4N4PXlkU": 1, "G1kkx2m-JSg": 26, "tO0L-7lkhPM": 25, "qQYe6KGAJ5E": 13, "_T5FcBB9GIw": 27, "obdd31Q9PqA": 19, "2nwRiuh1Cug": 37, "D_Uhig7L22c": 9, "9PrskhcKEXs": 25, "MX3P_fcgtHM": 9, "4oVEQgP0MZc": 34, "vJGh-7EKXhE": 25, "UzPq0hDdDhs": 27, "453ei_1PbPE": 21, "rm6d2oy8GRk": 1, "geMg2QxNml8": 6, "DWUE-aWnL8Y": 37, "pOEAvEklvNA": 11, "TYWMe7cTsRs": 35, "ZVrXyDjHaWI": 33, "g6QJybQBjyM": 33, "Cq96VAnp7r8": 18, "yfp2Bg6iUdY": 2, "LVrQmgihkQI": 11, "pLKxTSqCVUo": 19, "aKtMe8nFFq8": 23, "LkD1bNmp0ew": 13, "CJERLygAda0": 17, "0B79RkBxSgU": 8, "TsQXQGaasUg": 23, "99iAONlvpbw": 26, "YbKLOybMb30": 22, "qjKMAolOf6E": 9, "esLy0y01fAc": 5, "C7kmm16PoDY": 1, "lLblbGzXQGY": 9, "YR5YJ3qzIx4": 1, "gYQbQmtA6IU": 8, "sm9uHf9sm6c": 7, "i02LUMkc268": 6, "EJtZiGb5nEU": 24, "_u0WOqjJTcg": 21, "oIFlHYXjcIU": 22, "goZODLC7fao": 9, "J-QipXhQM5M": 34, "7Cqz-S8Phv8": 8, "hm0BD1pP4gc": 18, "oLLbt0jyqDA": 10, "rBey5TrvoDw": 1, "Q4rR0BbTBPk": 28, "0QkZL3l1t-w": 37, "7XZKEK92JT4": 15, "I0dq4sTLcIc": 19, "SP8E6ouSiC0": 2, "81ymFnvpfDc": 19, "jhFqSlvbKAM": 25, "YrtMUonPErU": 28, "j7OHG7tHrNM": 30, "bTwWShYxcoU": 37, "kZV01QAcl20": 1, "INyo5ctzmGo": 26, "bfs8hVNvVik": 21, "KxmtYdEWVzo": 21, "nzHihXOiNqk": 25, "h6Hq_MOFJDA": 21, "Vjn2JKrlkcU": 34, "uwDDvP8Yssc": 8, "giGkt5oAhT0": 34, "ZyGL6B7OH5A": 27, "CYxU4ao-9WQ": 25, "XeK3VLmwatU": 17, "zmI_uwjTuY0": 2, "EY4c2mh15Yk": 10, "kkiz1_d1GsA": 37, "2G0loI0Jn5M": 10, "56D1U2G_ueg": 14, "Yqz3eT_fzVY": 19, "RNBfP7ynZOo": 18, "qa3edsMzHkA": 37, "i8vDt5GUb-8": 18, "3zQ1lFaQBVc": 3, "LS9Qt8pRSr0": 17, "gt0QF8-dTNw": 26, "5UzfYJ-mkzc": 25, "ngUrBm4G1aM": 19, "CceSRMmhv3w": 33, "Q285dYl2mZI": 9, "SpSMGxnpCmo": 30, "USggQ0Zv4yw": 21, "lDypBPyWiak": 3, "SJT2o0W9I00": 25, "3CJ-7R2g3NE": 28, "Muc87KlFb7I": 15, "tIG0kB9lOxo": 8, "SqtxzgFpP6U": 6, "I_WGI3y2jqM": 8, "5gKjLV2wKmg": 21, "QRmPD2nMnBc": 37, "XhoGR8emqE8": 15, "T36fK0A8ByI": 18, "othEK43gJHQ": 15, "brnHS-lmvyU": 11, "B9Tx6olI3l8": 10, "F6CGI3XkAiQ": 10, "hsvAj6qfmFQ": 28, "SsL9v1vuzAI": 21, "5o9Dp6D91fI": 26, "yl98-LC3fsU": 3, "znGQlB_e9KA": 17, "6L92MuJTJOk": 12, "UVYUCU8XSLE": 25, "em040d_x7xI": 21, "A5Rnnwk9jOA": 17, "BqS_gtuGPGQ": 4, "oYjwXjwvAv0": 19, "-aR3Gpsn4v4": 18, "qLY8arYdr_k": 36, "NQFhPsQ_81U": 12, "Vf2rlIqGlqM": 1, "5R8euGTHBR8": 8, "bWKgzgGNi0E": 19, "y5trB-JyC54": 27, "Z9Sw1hmjpz4": 17, "kHFnc_eV4Lg": 34, "Ta-fub2dbhI": 21, "zk5HsBQYUZw": 19, "WfMVC2BOFSw": 29, "pDISaoGsZZA": 31, "ViorVDgiiOg": 12, "KmmGClZb8Mg": 17, "F_-gmK5qRrY": 12, "xkt8L0NtSjA": 9, "y9LajlJjd4E": 23, "0gYBy1rECII": 21, "KbmJLVrFvuc": 12, "75F3CSZcCFs": 9, "Y7Q4uJ80fAY": 27, "BWeGCT7vS-g": 13, "E__fCHZkjKg": 10, "qRJl22anZkM": 3, "CPYUo0awFOc": 25, "YjzesjojNhA": 6, "5ukZqmjvAFA": 10, "kLOujBv-ZAI": 19, "p7pINSytVSc": 1, "A2VOu1UQeMM": 26, "GfUhExdNjK8": 10, "UIOdk3AhVA0": 10, "CupTwyj3JrI": 19, "C7WeZbRbxwg": 6, "bQ3nBSTpq4M": 8, "NpwdcmjBgNA": 37, "cXw2gm4yPEE": 21, "dJaLU0w5Do4": 2, "qXndoRUKAhM": 22, "Bl17Mwl8Mno": 15, "S3QH-ZriX7E": 19, "47cAxRX3aDg": 12, "KyiV12WdJew": 3, "uba1Np4qhOo": 31, "IZrrEBD-KjY": 21, "Ao2PTDCiRxU": 36, "9gY0FB9qZJg": 9, "QCsd_reCiSI": 25, "vYEXzx-TINc": 3, "i1JccYQFDWw": 5, "rKUNJMrFeUs": 33, "dGfQgat7KiU": 19, "sxlyWieYZsE": 1, "KE9bc5KskM8": 26, "E3Onos4Eq3Y": 37, "c2ZSZrGc-O8": 35, "oo5zwV6_yVs": 6, "dytCWrf92zc": 33, "jqQbiJy1Ys0": 9, "udJtfSkRgbA": 15, "Nr-44GQ4_kA": 19, "eArp24v04tI": 25, "5lAf59TrJ4I": 26, "XxQyVD2dJYs": 21, "1Hi0skAwlHM": 27, "WNGSN_wDYw8": 19, "D1leFabPbPw": 29, "XaPXUR0rz_A": 6, "ryaUGJ9Oljg": 3, "90fRlMQTdSs": 19, "lRexthrDNi4": 26, "ApnyKv1GuNI": 33, "e4SQT8epHOc": 6, "vJIwQtUZYy0": 26, "vONYT-5OVps": 13, "hlDFpwZPWJY": 10, "mqqFdXMySk4": 10, "lW_9SYaWAQg": 10, "0dwNyxycNqQ": 12, "7N9HoLhZGsU": 8, "OlAObmM8I2s": 11, "m97UWd2QuAI": 21, "QI3x6pEwmHk": 12, "n9tSN0178Us": 19, "8Ozc-h-29M0": 1, "55BZ2gSsSmY": 27, "36CSS3UIzxk": 21, "Vxd9W0RVgFY": 8, "z2vkIFMr2IE": 24, "8SVnrNaNv7A": 31, "dUwUAWmA3rk": 3, "vfDXlgmKFyU": 3, "lk2B8988ws0": 18, "-U3LjDN8ErI": 26, "ThIrw_LpuRA": 3, "SILvPVVAhBo": 10, "DZRmcKX85so": 25, "QxafIhYFOr0": 10, "DJLDF6qZUX0": 2, "uVsTeLs4Tdo": 3, "lqmrQ6xPpHg": 24, "yfFs0o6pCxc": 2, "WypekECQUFE": 20, "FnJ645xph3o": 8, "WFNXwor69-U": 12, "AnUIod4tX98": 17, "TiWbtpX4jsI": 3, "woBi975eQs4": 6, "CXPgCq-EMk8": 16, "yjppalDAvOM": 21, "ZbUs0jeQATk": 20, "lVQsqs7xCb8": 1, "3pNGO5ppfQ8": 10, "QalnisJfHEw": 34, "b5HLsvwLPpQ": 11, "zl71eFcqBnQ": 26, "sjBPrJJ6qtU": 24, "njY94weLbJ8": 1, "_LmxXeKzbT8": 9, "jZ6HPyhlChw": 28, "8luSJxVswFw": 19, "qsueDj8nOM8": 27, "YydYJoz36UU": 3, "MTtCV_XSMi0": 17, "2VgiVK_hOhM": 21, "0K8lrVjT6fM": 3, "9zFNmTwdjhc": 19, "Go9rf9GmYpM": 8, "P03flnwV__0": 15, "BeougwoxuMg": 17, "xl3uLkAT_C8": 9, "lSYMX6PmT34": 3, "Ml54UuAoLSo": 9, "w0YjO1zVHgY": 3, "__kJ7HsL10Y": 22, "8nMOcw70RX8": 25, "7MJu_aWn1nI": 1, "onkxJLj0G7g": 15, "gerq4GpHpKw": 37, "7kxXVnAtnOQ": 10, "rHaRhKOcr2M": 12, "J64QS4tE6ic": 2, "uNMRTsGR2IE": 16, "din6kkS5tgQ": 13, "rCzpKNwZAYo": 18, "40qofTTQJDU": 20, "J5MehrJECnA": 8, "3nKGrlVvabQ": 22, "pc9gcKjvzkE": 24, "xYA7AnVwejo": 1, "M5WhyVCEDN4": 2, "i2MhRCYkgbI": 21, "pg3zKfI-wqw": 12, "SaeJUCVEp2s": 34, "sNWrEsHw1tI": 17, "8-p0CxW87pg": 8, "c7nRTF2SowQ": 21, "82n1PX1hVEY": 25, "jPoM2o9kIBM": 8, "4u_Ed0Bh-s0": 3, "064ipuBiWDg": 38, "-gMjPezr8TY": 8, "_WJThbomts0": 33, "AtUBeFiWi8Q": 10, "4hnBp7x2QAE": 21, "BVWXKziczM8": 19, "fncOu6dp1IY": 27, "bL6aaatfWQU": 28, "rHCLxSNz3P0": 6, "IOqTCaziZp0": 19, "8tEsxbCl21E": 26, "x09iroEd63Y": 10, "bE1EwcPQF8Q": 21, "SGxKhUuZ0Rc": 10, "jB_ZCX971aU": 18, "o3PI6HFK3Hk": 9, "rII8wTV7uy4": 11, "pM2OK_JaJ9I": 3, "zeGT4UArCdc": 13, "SNgjU783Y8s": 17, "OAlyHUWjNjE": 18, "wnwEntgHyFI": 2, "b3Z5pAZe0E8": 3, "lvNmIZqU52g": 21, "jMqcA3wiKG0": 26, "h95-IL3C-Z8": 32, "lrMD_z_FnNk": 22, "TusJ8HSLaUs": 17, "tudsOEsUYWU": 3, "_SsccRkLLzU": 26, "vUF7ja9ehIs": 25, "3dnW8QJxHD0": 8, "xQd8KL87XqE": 12, "xwNe5Kqi3Ho": 3, "Ocd4NfC7Ltc": 25, "meW77mdWU7g": 10, "MNVqXKj-TrM": 17, "g4qWbtSCxtc": 33, "abLB7aTmnE4": 24, "5Oag8iBB7HE": 19, "u5kiz7GhJt0": 33, "1KPPtmE079M": 19, "DkcuzQRpVuE": 9, "PduXAn1cg1g": 27, "cCqaWIvJCpk": 29, "F0ZSXQCXX1A": 10, "hieKgQNQpMA": 6, "BwuzfOeYpBA": 19, "uLJhZEix5MY": 25, "rx4jEIZyTZU": 2, "wbtlv2cImxM": 10, "lCOcjWG6Ykc": 8, "JSd8CqBEbcY": 27, "JgaGXv1XnrA": 19, "vH2LsFcWOFY": 3, "b_L3jgr97FM": 10, "SzRUsI6Q25E": 26, "WikU5oIkL8c": 26, "iHwdQdwc_Tk": 26, "glPUjj0HIvw": 1, "10okyjMjlH8": 21, "aw0OZ7wZm6U": 10, "1Dp0aCWbQSE": 3, "uINFVM7TTdY": 11, "fi7G0RgqcxQ": 10, "M0LfLk9lLEg": 21, "kBX9-WUsMAg": 15, "_gXnfGIc1Tk": 25, "Vot3KDw2z3o": 11, "K44k9GTx6nc": 27, "Zpk2uauRdA8": 26, "1t1dgE25wEU": 9, "TeUcij3L9No": 17, "cDkZqT9IvYE": 26, "bbEy98llGRU": 3, "O-9xmen--6k": 18, "WLU75lftzc8": 4, "GOhbZZy02lQ": 21, "bsdxZOsqG6U": 17, "gcbLmoYWMiU": 21, "yIkwq8keNBI": 18, "dmnR0XncYAU": 10, "14X98i8psts": 9, "g6vKa8Be3s8": 1, "2vWY-da-6wo": 3, "-2l-FdatcTI": 25, "U219eUIZ7Qo": 33, "9gspElv1yvc": 31, "2q_nYfSX8go": 3, "ML160wA9mME": 8, "WfTJL_h0XfY": 25, "WxG7LgQ2Sig": 2, "3_1LKqsFguE": 19, "aI20RX5j76w": 21, "_JQxLrPj1I4": 25, "dBVeiyPVWrU": 19, "v-S3iSqKs64": 25, "gm1uNgHw6Xo": 17, "SXy6JElmgHU": 26, "j-QYIP7o2-A": 37, "wYj5o4kQsXs": 8, "T_y3HfRGRek": 18, "yQxTNjQe0Xs": 6, "yRmiC-Y-b6g": 25, "xqbxlE1c3DY": 25, "xgO-u83Os_I": 1, "QweNsLesMrM": 9, "797j7LY1eb4": 25, "Yu08_9FtfuE": 19, "GRKQJQIcn5o": 37, "2evNRe8LF_o": 26, "In5fvjwUi9k": 3, "V_gGAPOZbFA": 10, "JhmEARapxK4": 15, "IT_MbDpfOBE": 21, "c19HRM0x-lA": 6, "cvjQ_AduY0A": 21, "v7Q1giJOpxA": 21, "VOv1IQCoBnQ": 2, "uwl_MuFbCXI": 34, "ROzC0-LD1P8": 11, "_wZSB0b9OCA": 25, "LHNvoqxPHKI": 3, "BGs8PDQmbLQ": 3, "cDzYgqkQ_lE": 8, "VPlxNhEc2lA": 30, "UTGaYkbvse0": 37, "mGs4CjeJiJQ": 17, "o_QWuyX8U18": 10, "BDj1fYlwR00": 21, "a3NQ7CA-8JY": 19, "68O0z6lssfE": 37, "HmRQvoMCfH4": 7, "2ULiauoHeeI": 6, "0CXqEHMgiFg": 21, "GdZxbmEHW7M": 15, "E_9N4hLL1lg": 19, "jA4DR4vEgrs": 17, "5hBqqxYcDN8": 25, "9woMDyfevso": 19, "bJZAvOefJiI": 6, "QDSL80ie8tc": 12, "vYGvoUNw-Rk": 3, "6ck7frxs-Uc": 19, "kfzqUsGMHE0": 10, "ZvEPYH7GRUM": 3, "HKV0QuQsonk": 8, "HAIz-I58btE": 23, "xFnB0uK7PcQ": 15, "DLGac1KQbsU": 9, "JzaYcTPLWbE": 21, "v8DWf-rSHn0": 8, "B1Vcbm-XWtg": 3, "8EuTbKjanvQ": 8, "DV6X7POhdoo": 9, "u6Rhcv0APng": 22, "tSjkuMtiI28": 26, "H2EIsnr_cv4": 21, "jZyzxpKY3EQ": 15, "fz5IRdFIpvA": 17, "ng8LHbaEsj8": 9, "BRKbcWGkw1I": 8, "06WUc7y8vak": 21, "E28I5oK9OHE": 15, "_KimnwIfhXc": 8, "uxieMOdo6IU": 8, "wY7Gvq0P4hc": 36, "5qUJhkQQaGE": 17, "FivFaqZrr4A": 37, "qrXvICGm-58": 8, "YKjnuR1ILfY": 19, "7Bbasf7qWxo": 18, "igqR7Pcxfmk": 19, "YC6YRjD3080": 21, "XkaWyrm8EQg": 21, "krhB_An8fT4": 9, "y5ejwRj9t1Q": 27, "uY3tZNrIstA": 6, "HAZ-wyCu8uE": 34, "Fr6FklMc6B0": 9, "5zjTJ4YPfDw": 8, "UWTDQ3nOT2c": 11, "80S3N-QnpZk": 21, "LjBIJGMum9A": 27, "qw6_5t8XfSk": 2, "cZTD62e566U": 10, "UKDWPYO0slE": 26, "nusZoYBbibo": 8, "Nfh92hKLO6c": 3, "NJEKqI1e714": 22, "IRsUvDENjcY": 3, "lYKgRdBJ-vw": 25, "OL946vRUDJg": 9, "2vWIqW7Tnts": 25, "YVRVAZb4iHs": 16, "9xGRii6IA1M": 1, "w2DZN3NWefA": 8, "PIqEyF_t_QE": 6, "bEiXvISNID4": 9, "5DCow4J-pDE": 28, "Hs3Y5jQkuAk": 8, "uniqmkPeaZ4": 33, "kqinSvgeJQI": 16, "X96RjH8WC5o": 3, "TElqNU5ytVo": 1, "qRvAXsaHNkY": 27, "Zz-E8AexUjc": 10, "73wV6KlGm-A": 10, "l10LhdDwTZc": 1, "YWnUmpQhiOw": 12, "t_HrcY8AWhg": 3, "tDmBIYAVsos": 34, "ZMoO5eLmDBA": 6, "LfdiClhlLZk": 28, "YoYF_RAm0nQ": 23, "MHyRirkiazU": 24, "Nkk7SYkUbLQ": 16, "NWxwgL9_IdQ": 12, "2qS1ZSqwIgM": 7, "5hteeecX1oQ": 17, "uuZ1n7Kk0qM": 2, "a0YTHkqtzOI": 13, "Svg-DvNARKE": 21, "o3AWcdWVqgk": 2, "_9rL1pPXblQ": 26, "ttw4abodSJE": 21, "l7HqwAleUQg": 35, "FVuNTiqHys0": 30, "_F0XLsyU1rY": 27, "WjBuFH4NPno": 26, "ijtjoFaORy0": 23, "p0LtpDFxHCQ": 19, "K783SDTBKmg": 21, "OmrA8nOZF2Q": 26, "MWWTabHiV2E": 25, "1XLyCDsKhGo": 9, "FVsgso273EE": 21, "88KNf0MtU14": 21, "NK-oRUR3EY4": 26, "ITyeI3YyYw8": 28, "39RQH0mpsVQ": 19, "aNN9nL2vppM": 4, "9kc6UYdC5nY": 15, "vukxkPTuVNI": 11, "p9Y24MFOfFU": 37, "hNqwBTCslMw": 32, "O4OJoXKWTBk": 6, "axN-hs4slpY": 37, "oh8-PifcIUQ": 3, "pQpQuGV_gMA": 3, "oVDf3PvWN04": 5, "yX-TZe8SeYk": 9, "V7g4e5m5aRc": 3, "_8hk6XVNr_Y": 23, "d4m2LDCuADg": 9, "HpoEk8nlUyA": 15, "U7d1GJf2QJI": 12, "B0YOlACRlJM": 8, "19EW551nCS4": 26, "WLL67CN2hnw": 21, "jgC8y0ksrRg": 1, "aSdqsA3fzLA": 22, "yKY2O4KFmMU": 8, "MVLzkTuVmrw": 17, "qqpcBpSsj1A": 21, "N-nfMbFKC0s": 21, "ub_a2t0ZfTs": 34, "xQkcQF8G-GM": 17, "pEoZbXB78NI": 21, "idJvKQr7LWk": 26, "zMIKBDwUcrQ": 21, "LJP1DphOWPs": 16, "Du1dnKppn-s": 18, "SlR_fwcU3MU": 8, "glzTAb58u2M": 11, "oAYn2lwc3Yo": 21, "j_YJysHv3OM": 23, "2Md5lPyuvsk": 8, "X7ifDf6chNw": 26, "UNiGSf2Sy30": 27, "fvc2to0bQLc": 3, "AR-Iz1fts5M": 3, "nOsdS5irjAo": 2, "0G7g9lw20l4": 19, "-F6tUN2j0Iw": 10, "EOyQfd7OqIY": 1, "QKXo9r6Kb5U": 21, "3mmu60CNl0Y": 21, "st7eMfykiVE": 21, "IvNkGm8mxiM": 26, "CTo5DfBtWkY": 10, "POGBdDSVybk": 26, "Kjmq-ADfcGw": 19, "7UjqLfjsfMk": 3, "Q3v-N8o3lc0": 8, "pvVNY2YC5zI": 9, "bGFyHV2vbwE": 25, "eikcKu89fDs": 10, "rqp6S6qgVg8": 9, "tE9U4mMqKP4": 8, "z9Cym8YHP94": 17, "DG6fhub9HDQ": 37, "9qHdPhkSSNQ": 33, "tqn06X3AuFk": 15, "785YQKmgiTo": 11, "xtz2mdX0aEE": 10, "IdblOCGGeHM": 16, "7WbKzWdhx1o": 1, "ZDuxWGHA-Z4": 9, "p18n5FONuNI": 15, "xqbebWU-0TI": 25, "lPDOh5ZifyM": 21, "SQNmOC7W7-A": 25, "WO15VbjYv54": 15, "x5vtRQZmnwE": 8, "HHzchaDJJ70": 21, "0AgezPhuOdI": 26, "QuZ0kzdNWGo": 35, "NhsEmtSd8Mc": 21, "4ruCsnRmP4A": 8, "C0wsUlzMBro": 37, "DsjRBYJTGtw": 27, "R7JBDzuHVb4": 9, "Y3qYT60DSKQ": 17, "yYciCBZXg70": 27, "t9qdpPeqQfQ": 2, "78lnkMgee5k": 21, "d0uJxHWaq0k": 30, "nyOfJTi0jFw": 33, "qi6n_-wB154": 30, "14c5YOc0ZcU": 1, "uVzhtuuy0b8": 10, "bSyh4oPLXpU": 18, "I7CZuPiY-4o": 9, "43_vQdp2k_o": 10, "Qp6-A-t0LVM": 26, "6yVMik5Mfwk": 32, "yx5ZKZY8jX0": 19, "EJxibzQfeBA": 10, "r6GQEtUREWY": 21, "tPZQkkbuD2c": 16, "Unp24R9UdZE": 18, "_8enIDEKrzA": 28, "aNCk9O7FLwk": 19, "XvcdllFeFBY": 9, "bjBbFn6celE": 12, "SPCR1GBnSy8": 9, "yj9iEcOQDeo": 2, "OJVwWi9s4z4": 25, "cFPEoqZtbCY": 25, "kM-mQ1aTfs0": 25, "zN1id2dmH3o": 23, "w7cQRr5Yca8": 2, "Ry1X61Vf33U": 24, "2_Egqs-sYzg": 10, "Snoxw4F6xp0": 8, "j2KZDg7giDk": 24, "Owywvqg5IOQ": 21, "WYsrlger-2A": 7, "3d5id_cwHUM": 2, "NwM0YG_uTS8": 15, "HAIWK9IXpHg": 19, "Lgitw016T44": 19, "1DHo8fYFsd0": 8, "B-xG3D8OMQk": 2, "M-XIMtd8ilM": 21, "w04xmH2SOLA": 19, "4Zv9vRz4QYM": 15, "oeYKFRV34kY": 37, "Kx48dmDB28U": 18, "JOJ01KXTw-A": 27, "PKvNCP76fvM": 26, "0ji_-OJlVbI": 9, "_XOa7zVqxA4": 17, "b2UUhm4edyc": 26, "Jg5--STf-iE": 10, "XLpQDBP20X0": 19, "dKj4PDldebc": 26, "sR7kyIxQ000": 10, "5Jfn-U6EGzU": 19, "mG4Di2nytAk": 19, "TCKVc-y3Uak": 24, "7QV-F7rlmtY": 15, "GXru4Q7Lgxo": 7, "9WoM2bHfr48": 3, "YLorRByRe0Q": 21, "Bfd4wc4XChQ": 19, "Clu36dt2y88": 2, "KSRHLwYgLSM": 26, "0lkHzmmSyAE": 17, "g4Verk1Bgow": 10, "HHPzxa6znPU": 21, "JK_NinOmFWw": 12, "26bw-hBiAAI": 26, "ZsFUqPYlYjQ": 1, "2S2VUCdbhg0": 6, "7DrFY3H-u8w": 10, "8iA2G4xlEpk": 15, "0ljPuSfPbSw": 19, "VhK5gJDmSc8": 9, "NnzBnGG8YRA": 17, "bRKqFFIw18w": 4, "fyakMTYNtns": 12, "MNjWQlr63i4": 4, "-V2r_9Um2Tw": 10, "gJGPsrTaGiw": 10, "dac6BZCv258": 20, "xfBo1wwM3eI": 25, "kEhUA5OYm1M": 10, "AU1iq9rqYJ0": 1, "n4OAtMEXNfc": 1, "ieSzsh4hJWI": 8, "1lMxZNFripE": 25, "lN2fuKPDzHA": 36, "kQyAJv_Ordg": 8, "KHx0_NFuGb4": 25, "RsCoPb43TUk": 6, "brvGSr_BfQw": 37, "taW_SQIEeLk": 17, "6iQ7ZDUutU4": 37, "bzoE5dlxH2s": 26, "wKY4Qe1DjI0": 25, "nZH6YKmtQV8": 1, "YV8zGNe7Ebg": 8, "yA8b6286wMY": 23, "8qIS3rCrrE4": 9, "MWDwZWCfp64": 1, "tCl_yDquP9o": 19, "s2BwOMBlato": 16, "W7NgPvQZr7A": 10, "ItX7H66gsrQ": 19, "Pui78pskx24": 17, "PzYKsLch4GM": 3, "Y9yX02HwMVo": 8, "Fk6hyUyz0Ko": 9, "TnBHGpp0pVU": 12, "K5fn087Jk4I": 9, "7-OnEe-dauE": 2, "LMCGADFNDiQ": 8, "tpD4ZPamt68": 36, "sqxPcurgxUA": 9, "AvBKlBhfgPc": 35, "4Vn3mLIlqp4": 34, "jdpQir1sqiQ": 10, "excxIZ4wUvg": 17, "solPCNc_0Ww": 19, "psgJqcvkTuE": 6, "83_ceB0TsiY": 7, "Rh8GbPnoqCI": 34, "tpeEqt3kpKM": 25, "WGQdXUw2uSU": 15, "Z2ZxKWNbncE": 3, "g_AtNY0bYAA": 21, "C6d4o6hxZOY": 3, "QLPyuFVKGak": 26, "x24tpUkfL5w": 4, "1SlSxuhLJVE": 6, "VXyA7bZLoCw": 19, "W9yu66upJtE": 8, "TW9eDrgM3Xw": 13, "iKdEbzF7xpk": 25, "36PqkY398U8": 10, "e-r7gp51KQU": 9, "KJXzkUH72cY": 1, "q1x2Df4yveo": 19, "AQ_XSHpIbZE": 19, "OvfU1NpCJQQ": 16, "WzTSE6kcLwY": 17, "TUftNzYgYrk": 23, "ycbHldRpo9k": 2, "4F-fzXW1xUM": 24, "rt_jK-veOs0": 9, "yD94CV7kLHE": 9, "qo9lEPZ_0ao": 26, "4FLEzXhWQ6g": 22, "XdA4OtR88bc": 21, "yVI7JelAzPc": 8, "4tA8wtLaui4": 10, "bg_zxsxyKyM": 8, "AhZo0QfFO9E": 19, "sfluIhj8Ef4": 26, "ZN_sDtN9wH8": 19, "xlb4SfKhsdM": 18, "8uK-mCxVl84": 1, "82kYQ7j7X2s": 34, "6kkeGgRG-uE": 26, "cTfmQht0AdE": 10, "MXCZVmQ74OA": 37, "wJukf4ifuKs": 22, "B4kwU1kjOV0": 2, "p5n2x0ox47w": 19, "b9zUN-9sNBI": 19, "MpTe49ha0lU": 19, "1pda__NOfts": 15, "4vGcH0Bk3hg": 10, "ftgxuNLVvVw": 2, "OowcDddCdwQ": 19, "9Qyb0fK6RJM": 22, "lzOe1J8pZB8": 19, "F-z_WSTjr7c": 2, "erhsuXTyDww": 8, "xM0rsYbAO_k": 21, "W5W_i8oa9cE": 2, "kw03nalTAMQ": 3, "mqtY88BUi0M": 34, "z0nrVYvE0b8": 33, "n6sAGZ5F7Cc": 21, "Bqfow_TmNh4": 21, "fXT3Sma4-rg": 9, "pk2hJRVijm0": 25, "P0N5JcFqx4M": 33, "q8MLuni8rzc": 3, "KZMYWAW-5Js": 21, "dDTBnsqxZ3k": 37, "u-K6ymOtnzE": 12, "HIuSiteKQXA": 18, "EtZWhm_5ojo": 3, "zcdDg30VBgo": 6, "cLqnbOhRovY": 3, "iyi67AJhB74": 15, "ZE72ilXg0jQ": 16, "_UU29bZjgz4": 20, "wICpMU9nvRo": 18, "syPqNTmupvY": 21, "o3MbbQhZfq4": 21, "W5N5Hlt7B2M": 21, "qnCnAwws_AQ": 12, "ivtk6VArFxc": 18, "xE7m2FRVmrM": 27, "_6n2tvHQHag": 8, "ew9cEATPzDE": 6, "kPtl2DGWzfc": 18, "A-taWymx1WI": 21, "dSEI_Iny_zc": 6, "rV9I-xX5AOg": 25, "wurSu_bJ97U": 27, "pQO2VtV1PNg": 21, "N55Xcid1eWg": 18, "x-2uWj8yv0M": 23, "_3tlUqHla3Y": 17, "4b9Ji7DvsjU": 26, "BrI7VRfqgo4": 25, "N6Ns-SpRQmU": 18, "ipdtwLlWNZQ": 8, "tKXxJ29HEiQ": 3, "plnNTqye4Qs": 22, "q5Mjz1RTfkU": 21, "BlfinjxFEYI": 9, "iTUUWOV4Vns": 25, "zvydETA5cYw": 3, "-B7oSp8hfF0": 25, "Rdz3fUiK4XY": 27, "xs9Qu7uiokw": 9, "AK88MQWsYj8": 19, "1De5_o_DXH0": 9, "0AHGLGQgAn8": 33, "wYCNYifjjgs": 37, "uhhcaN03tXs": 9, "YAhMheigaZE": 24, "A8N1RZweP6U": 18, "e3hB3iOQKjY": 37, "kdr_8uvG9hM": 21, "tz25tcFSusc": 6, "pQCXMkfwZEw": 4, "TSRvY1kKebY": 19, "O7aSsaTqBCc": 21, "HjKRxa7ZyMs": 31, "U0Ezto8HG_8": 13, "w10a7OCsjzE": 6, "JiOZ4Bz2d-Q": 6, "faTF8wpZ4gA": 34, "HdeX6CbeoKY": 9, "KyoBQk6Kp7o": 17, "INzp3nnp5P8": 34, "GmxUEy3pNCw": 24, "m9kAH2v9200": 27, "2j4RF6cx0SY": 37, "FxZ_Z-_j71I": 10, "TMN_cfCSFWw": 6, "X4GZfvXx9Js": 12, "6Zd6Z2-fjik": 21, "62Pitv-cm3s": 25, "h5LR-IZbbc0": 12, "HJxkAcj9TKM": 10, "sM7MSXNmFpM": 21, "HdG8LCHCGso": 1, "Hr-4Aln1Il8": 15, "RNvmfmZqd9I": 1, "ckwJXpe7fQs": 17, "jO3K0B3kLZs": 26, "oYAbmJaztU4": 24, "Uj6G1C6c0uw": 19, "0LcHFkXmCb8": 8, "XH3Xu1-cvII": 21, "7TxknbusTa8": 8, "kNP2lahOhvo": 3, "ZDVkPARmDkY": 19, "snEIjWR4lQw": 10, "bB90Vkyqrts": 19, "IdL5stxwXws": 6, "E1GrfYVfxpY": 21, "sq9r50EYJh0": 21, "Sd4C8_FMdjA": 26, "bfBAf-Jg-aU": 34, "RpNLUFA34iw": 4, "S_US6re0sHM": 2, "F-n-2itvI6M": 9, "IqhfGwnGNDg": 25, "CXO_zyozrHA": 2, "60ewmq3ui7A": 31, "oJbdSseA0C8": 8, "e4TXO49n0P8": 10, "B9oUpWCwiUc": 9, "t06p60TPtjA": 17, "jJRQSsT34-8": 19, "bQRLVxZHKPs": 26, "qdHd735ZGg4": 22, "bXL8QPWLbBo": 2, "QdwsaqwfK8s": 27, "BqjKUubsohs": 7, "oYcGSeXiUI8": 32, "7Ol2HYCnVbs": 21, "796KD4SNzwE": 10, "4sw1N05KW2I": 26, "4hScgyXu_9c": 19, "WAeepKLHuF8": 2, "i3Nkujj45pk": 12, "UucLMljiDHg": 10, "3yieFIhdeJQ": 9, "tcYc33ughfQ": 27, "6jyAEqhfHTE": 5, "AEMK1O0BDqA": 27, "JkBNmBQb5qY": 19, "jRCTcUh-XOc": 2, "7iSA4FPLPv0": 23, "rw5arTc26-0": 17, "Ar7Fj1LzFp8": 4, "f1ZK7T5dezI": 21, "QHOaJSXr9HI": 34, "W6gfvDxLlOQ": 21, "zKaIlT_lK1s": 21, "kKtDqM1H82w": 12, "Sw3tEcz2PK0": 19, "0P3A6V_sDSI": 12, "KKKOpKvk9Ok": 21, "KSZ4tSoumNk": 21, "L8HLt6ogZsg": 15, "jlT4kr0TmHY": 8, "4YHfAIdmIXw": 13, "Z_hwMtG2xCs": 18, "Sm_cJiDLQ74": 19, "jR7RYKPJBdo": 8, "um2ro-3T8A0": 9, "owZLdJIfPw4": 8, "Cclzg9ZiUG4": 8, "u91BucJ4MKE": 8, "ccWrbGEFgI8": 21, "G1cVbfyFdf0": 26, "rEtXkFmpsRk": 2, "oddWuCHBmzA": 26, "efstterUes4": 19, "sQqCzJjev_8": 35, "jmNrvlQ73pU": 1, "7oWOTN4YyYc": 2, "aYNaRnZtYug": 1, "qc5dR5_QKo4": 21, "XV-1XpGxhgo": 26, "i88Nmkosodc": 17, "4oxd-x44YYI": 24, "2IRWtukPJag": 8, "TM0uO6z3zsQ": 37, "wNjQishYOy0": 8, "LJ2iH57Fs3M": 21, "gHFqqIv8aqQ": 27, "zhdZcBsa-dk": 17, "u1PbLQ8nE5s": 9, "VueSBzrIh1o": 15, "aAYw69hU2Yc": 10, "P-boL9Olh-k": 13, "tSJXjRkCKvI": 6, "8g1K1iJb6MA": 12, "juDuVT2goxs": 8, "dX9GTUMh490": 26, "mP-Pb4L_hBc": 8, "9HppFNyqVOI": 33, "aTi6i0FZCfI": 3, "dI-xHMM8wXE": 1, "RZSkUTWZyeA": 21, "0hySFt8O11A": 34, "bRP1QMmfg-A": 11, "A0rP5UI0w24": 12, "rClJW9gnchc": 33, "9Lw-2ZGvyLw": 38, "HJJvbDeByGk": 8, "EKjWRiNXV00": 21, "czYixQFLbd4": 7, "VK4xZiHDXPI": 37, "Yowkv9zyaF4": 33, "SxgcPuY58Js": 9, "d8AEoNHSJZ0": 21, "T9BlI9nhqTE": 10, "O6NCUmac3aY": 21, "UVQIIyfUC-M": 8, "aAVFCH9x7Og": 3, "q1L60jfPgBM": 19, "6XRXBrcdtWg": 36, "pI_zfyJn5QU": 6, "fq9mw8wR-1Q": 38, "_WXDXoy9wrM": 17, "HnL-7x4n4d8": 9, "URwgy0J1ObI": 8, "7ifmgu23ofk": 23, "vsrjiL1gV6I": 26, "7ClI2bp__Bs": 1, "RfCubGgMkms": 10, "xw1NIDFUdJI": 7, "v8vneqAgaRw": 25, "MeF134YMoS0": 8, "lCuLxqGd0go": 24, "GG_eFXMdX3Y": 19, "CPtRohwHMB4": 8, "9sz6xhPkGJ4": 19, "CGb4s-Hix90": 13, "yf39vt0MKug": 2, "dlcbYh3IKVM": 36, "a05SWVIPdb8": 2, "4W6VxtNZjok": 9, "1fqAvkpW5yY": 1, "4dpMzSTI4UM": 1, "BUpky0h5_PE": 25, "4FlwJwL6kdo": 12, "jUnG9FOmbqo": 12, "htCL8zVxvQI": 15, "kj-SjwVsBDs": 3, "6uhCxBk6cQE": 19, "lPdD8NvVfw0": 13, "BemkXyTc81w": 3, "Bnb5iX9aunc": 21, "jtXLAKwssPQ": 21, "RvUIbqKyppY": 27, "Z6JAg0zzI_A": 3, "Dz28sQc-1Mk": 1, "HgwvNhQ_YzQ": 37, "gclcnemDpZU": 9, "K1HaaiNUTCM": 9, "5fq9iIxxA1s": 11, "jwTIa_2A9ZU": 26, "ZzdpNfkh8_0": 1, "g0jv6M6rW7w": 16, "oLUPlTA9gsY": 10, "AmjUGJwu810": 37, "PDbTC-ZyE6M": 19, "Tuj8gy2ICU4": 5, "gMZM8MG6X1o": 9, "p111hxJYsVo": 10, "F4dQ0RchtJw": 9, "CFHpEF261Eg": 9, "M0mXUC0cUPg": 9, "EQobIUE1zTU": 37, "ZD-de7HR3MA": 24, "Wwza_J8qCU8": 6, "CIXE0Mr3rBg": 9, "R98sgmllCEg": 10, "fyxJwYV1a6s": 8, "o50_ZlMnjqY": 26, "ypS0543V_UA": 18, "YyRtlIddnmo": 17, "fOUilxJWm24": 3, "fo4hyKfDJgY": 13, "UTYPim-9XWw": 6, "as_SyfYC5UM": 21, "-UyVgaFE8-s": 2, "WoYf3DQv6_Y": 23, "R2PhoBA8qKY": 18, "mrh9tPkQwCY": 9, "fk3-cuv8q1M": 12, "pCOeEIcldgc": 16, "NP4mgObDeUU": 11, "BDumsN1NCGg": 37, "rOc16tTA0sw": 8, "KY82nmR7U4o": 27, "RS3iB47nQ6E": 6, "-NmjyP-Oqz0": 26, "Rv3niQ-w3y0": 27, "1MF4sCvkAAA": 34, "vX6FXRgcKQc": 1, "zXU9Ur9QznE": 2, "2msbfN81Gm0": 8, "u51OxZF1ltI": 33, "PxE3lJDQnC8": 18, "EC9j6Wfdq3o": 37, "FD9UTBWo51w": 25, "jcC3xM8Wa1w": 24, "bwMqup0CERc": 10, "h7kAzhDDBOw": 9, "r8cDvm26VYI": 27, "HTOP6TOJwOI": 8, "EzW4d4QknOs": 9, "iTXN9uCd0mw": 21, "CYSOVMVWxro": 15, "V9epMG_zeYw": 26, "erbbAcIfbrY": 25, "jsP0W7-tEOc": 27, "EYEHUOpwNvE": 26, "HG8tqEUTlvs": 19, "6HF7pSdZaNE": 24, "S6D7uS5GGOQ": 18, "4nIUcRJX9-o": 11, "ujqpkmaFvmU": 36, "j4tXCs4KgmU": 3, "XP3cyRRAfX0": 10, "we1c5uzYsTI": 6, "FJurUjmDs_k": 26, "BZkyGJ_SFqQ": 17, "bK4ks_2CxxU": 19, "GTYUpomg4xI": 20, "Z2CrW3ntd4I": 17, "7MclW0Srs8g": 1, "_r7yKaDxGvc": 17, "jutQL0DNstM": 3, "1qB0lb401ZU": 9, "_AQl4lUrov0": 17, "ejEBSeddCg8": 3, "VK03aVJekGg": 21, "0-U4Yr9UNBo": 10, "zv750BWrUhY": 18, "Pj_mSZYeLrU": 20, "PjquJ5hi6zE": 23, "pXy5gt2R5mQ": 9, "ALaqqMY2m0k": 2, "TF-NuE-U6No": 26, "VWPayR39awI": 18, "yCCwnCxDv5Q": 18, "UoWsCNqMiOg": 25, "qN-qliCpTmg": 25, "PPqKOfCzN20": 8, "y5pzhmGX1sk": 27, "WGsch35hQHM": 19, "rFdhGh8eG3U": 24, "n8E6kPJT0tU": 2, "JDk3GQkTyN4": 10, "2_M0SDk3ZaM": 38, "rZBxVuTClUc": 1, "m0vQOnHW0Kc": 31, "O8B1ZNv9m4s": 25, "t4_dZPVg8KI": 25, "kM8l40QKddE": 23, "5W4MYJt8c4w": 21, "_HckRLrBXQM": 4, "AEAJrT8PeOo": 37, "qIVDxL2lgN4": 2, "jpldOdMH2w0": 13, "XFsZ6BO4LU0": 2, "HOYnOeo42ko": 9, "vL6v9lLf1_c": 25, "PewCSYS6a6s": 37, "fNgkNVKeKPs": 19, "hInnyzLGS2I": 12, "JnP2bVBZ9O8": 36, "IuUyMMXix8M": 8, "__C7sd_UDU0": 36, "HQQs3nl0LcY": 22, "NSvnw3tvPSk": 1, "zAQa8YWyXTA": 27, "qAY_o36paQ0": 2, "xM_VQ3NZsf8": 23, "5VPFKnBYOSI": 15, "-7ERMwnoxSI": 33, "xkrLWjNxYbY": 21, "spCknVcaSHg": 12, "w03OE6SaL8Q": 29, "YM-th85hRUU": 9, "bNGtPI3AQLo": 33, "7X_6k8CjdVI": 16, "8nG_wVxO7EM": 15, "RLsXfrDwf9Y": 21, "iB5txqIl8jQ": 10, "4HGR2_uN-f0": 17, "ApqQW5Nx1qI": 10, "VX32RKuqIVs": 2, "g9qIjULYtkk": 16, "qriNbVCIsow": 9, "Hk2kUKrrxtE": 15, "rZx0iJVAN7U": 17, "pS9sUm5Y0sg": 10, "y6XSIY9Vs-o": 10, "CdKcjxUib4Q": 23, "px6TQ0ZMIsw": 13, "vQfmpXsLV_4": 27, "XCibiAnJ6Ts": 34, "5Y7rDOogcU0": 26, "uRQjkM_iD4s": 18, "4k0AGQyMbFE": 31, "STVn3BmZXw0": 17, "NmCKcaAlWZI": 15, "sIgv3tTYYqQ": 15, "1Fki1SJ17kQ": 15, "Rm5HibK7qso": 9, "8mnFRw-6mUo": 19, "RhY_pQm0wYM": 3, "dJy8MUESM3k": 25, "tzY7qQFij_M": 23, "0jBFyck8J5A": 37, "RaEeX4J_TyQ": 8, "ClKMIr3WpjY": 3, "PC2N3EYngns": 18, "wO8-L-7SF5E": 9, "L_ycAXqOYr8": 1, "eI6mIlHKrVY": 33, "WrE6iE7xnN0": 3, "qGkDqfdgVEQ": 9, "S2nBBMbjS8w": 8, "le8En3oKY_c": 19, "GcVF5wR0kUw": 26, "oWdZEJW1vWY": 37, "hJW5_iZNdFY": 25, "hBVq3NElVTE": 1, "yZ15vCGuvH0": 17, "pnISZdg_3lw": 17, "tsBrlDMRGGI": 9, "uLTIowBF0kE": 17, "sbKBvrEr2wE": 36, "HK958YS_YNA": 8, "i7mmXeRvgLo": 3, "u4hlzRNu3uE": 2, "h1HQxcTYTho": 24, "TBXe-XerqRI": 10, "Cs6A-FCUPdw": 21, "9Ac-PGCfxFE": 21, "nVtWGS1bAtU": 10, "XgUJP6xGHOs": 7, "vTbG8OQcE1o": 1, "QeVy6TnjKZg": 18, "a9WB_PXjTBo": 37, "p94O9UZ5Qzc": 19, "m8AdoQI_QE0": 12, "O6rHeD5x2tI": 2, "2jaOd1v1B0Q": 1, "i3bR8PrziS4": 25, "AWp297iE6Iw": 17, "9l2FeI5GMg0": 26, "vQt2NRT5yP4": 25, "g_dFf9mWxPI": 25, "LlZz3WNbOkw": 25, "69MpLiYhsXw": 6, "t9AV9szGAG4": 6, "N-rgqDhnLoU": 1, "OtsVUdEfrQI": 12, "d5kW4pI_VQw": 33, "DH7hqFMxsTw": 9, "ezNqB0tsIF4": 22, "rrxE_KCnO44": 1, "FxoNbut0vqQ": 19, "rA2JuxRdlmA": 31, "onbZV52GWpk": 27, "qeEC4BDyhNs": 9, "T1kPrrUuueE": 25, "29dlGyKAySY": 25, "iUdQhl05fKQ": 9, "C6hKQ2YW23c": 25, "wqiw_E4tyuQ": 2, "dWspEgdrUdM": 9, "BhYnz0JQKUo": 1, "KSv45XgmH4U": 18, "kWSIFh8ICaA": 21, "TJKftD6fTj0": 21, "D4jc9xxikuE": 3, "qzilmXQ0ReQ": 27, "M4dTKckmLwE": 26, "A4fMRDP1d6w": 7, "rPf0CCG9mTQ": 2, "bxcX-aJG-4k": 9, "tcoFNsTzx0s": 26, "fI6LQSoH37Q": 2, "mmePn5kPfh0": 9, "Y_EeZ90dG48": 23, "g7trxwtUgVg": 8, "5Z_zWIVRIWk": 35, "2yLmrcQLNUY": 6, "0WUF3yjgGf4": 10, "7_dgiNoBWio": 26, "czcb5dXjlZA": 10, "913xrM9FYpI": 21, "k6SVsf0k2i0": 10, "MyD1lK8qr14": 35, "o6afGyzyrVE": 3, "ybdoIj5y_XE": 9, "t7kxPYzigCQ": 2, "Htbo1yW6qeU": 18, "FEMAEdYryJ4": 37, "jIPE9QM6FeM": 21, "sWS0GVOQPs0": 32, "S_bVfu9zpHw": 26, "wq25qD44hC0": 1, "afS5ks54tms": 26, "i9vXSX4htCk": 16, "J7QKeV2-ghk": 17, "fMuw1guPdts": 13, "O7jAhwbUfNE": 34, "YqKMI05XHFk": 26, "dpzu3HM2CIo": 10, "LO6TpbqTTxI": 27, "evApapdysp0": 27, "g5YOLVrVHGg": 13, "teWcTS31dts": 16, "MDni5wUNiuU": 27, "oTS1RIZboqU": 8, "TypQ-iYqiLg": 19, "tfcoOFmZbVw": 3, "82-H6MZnT44": 18, "u94i5CWENzI": 37, "4XQ7x7c2hkQ": 6, "KQCbke3pps8": 8, "nyhfJTFJHu8": 37, "jc5XQSVeQ2c": 31, "HNbyvCB3ncI": 23, "fNZf5shOq5k": 27, "FyVjesaMg1E": 21, "eW_0aYguJ_E": 10, "0glSaIGRrhI": 10, "v_C9mKEPG-k": 24, "9ypxRGSrS-k": 9, "jtO_MN-m5r8": 21, "7ZOKDqjqbX0": 1, "z_Wah7jp0Jw": 19, "iQ1-jSvxMJ0": 8, "MbJ5t5YWYpY": 22, "VjGU3I9degQ": 8, "jssITlGSR4w": 28, "Bxaq80Hp5bY": 25, "PE73KDDn658": 19, "TfOumoFSs0k": 2, "HbJHkwHZCCM": 8, "o31szjNyh4Q": 2, "w9R6K1mecEE": 9, "STqFXr5N5AI": 2, "vUAPQ-zAUTE": 2, "pw6JRuItcus": 37, "Vp8fcHI0-BI": 34, "Q26s_zWTykQ": 2, "nojWJ6-XmeQ": 18, "Xr4SYrOzYps": 10, "noy9lF9Xu68": 38, "i7NPb5lmQpY": 15, "dskwrtTt2wI": 30, "0V4UyjEyeOA": 8, "ctemZdDG7YA": 8, "MP-p9i85sNc": 19, "uNvmSvmNvQM": 3, "rWfqkrAM8IY": 10, "WZElUMthBPI": 17, "-5zYYZpuTbU": 21, "G9wSAb_EbkA": 17, "4va3G-CNNUo": 25, "U9gBE9g_iZY": 11, "6e_JbxJijn0": 17, "DPM3ejkd3fw": 17, "R41NNPBqRCk": 10, "0XSNrKgA94g": 2, "VdonoCCQF9o": 21, "8AsihR-MCig": 10, "NG0MKXxdhrw": 5, "RBQ-IoHfimQ": 32, "CLzi3okueM8": 37, "350tD8E7htM": 9, "EgmNEgIFBTQ": 8, "RQ_GiVoT1M0": 10, "L0KmvWL6Dfw": 8, "tjaJgMDgBuA": 36, "dOZjgXEAsAA": 37, "28pbk_cQx-w": 23, "PJKAr1r5zlA": 17, "verzNYAOQ7s": 8, "8QRs0ejxjEc": 8, "KKNUrASDloE": 25, "WhF7dQl4Ico": 19, "5-t6AIMSCdw": 17, "BDan7ClvO3Y": 2, "7X2m2WueNcU": 8, "2IEZNte5ADg": 12, "oZCRAxCmar0": 25, "2Dq2-98HliQ": 1, "JndtG8Y7yfw": 34, "zB3JekAH9rc": 28, "W3U_Vxmqn9Q": 23, "w9Sx34swEG0": 12, "ug64FCgrQl4": 6, "u9FEg5qur14": 19, "XZn4opyPfEI": 13, "wxPU_xDgECk": 12, "XbLZe1r0DJk": 25, "k1OTQQ9u7XI": 15, "JvjmH9w8_GU": 9, "DujoTffyUvI": 3, "eyzWlMZ1Y54": 1, "dLchejnnjEI": 32, "BgZluCEBS6w": 9, "DhOIJBk7KaU": 21, "Bgqxt-kfYIY": 16, "UKmhK8G--7c": 37, "YQs0OxlF9bY": 18, "bZIzRqDOSZo": 8, "q9fms5He5bM": 33, "iVHy8MG2CQU": 6, "G2ZqvClReZQ": 10, "4hN0ai9WzBQ": 31, "nz3qGgt7b2s": 3, "HjD7Z36wX5I": 26, "GzmuQehRy3A": 12, "6-2L4PTV14A": 21, "LRgqD7JgF-U": 28, "rfpAkNyHAtQ": 10, "47LCLoidJh4": 32, "iJgnAHEHBYI": 26, "o2P5E7cFt9s": 27, "YY5KxPI6ApI": 21, "iQnmoquHwaA": 24, "tviPLpD8VG8": 3, "08ySTcxh_cU": 23, "XXwV6lUfMqw": 15, "8fs2Yh1PFwM": 21, "JdN1t1lMVxU": 37, "2Jhrr4RRywE": 21, "mkLjjgxy7hQ": 11, "Ws-yd9YPfdE": 21, "jVs5tTEuA-g": 26, "QoqWo3SJ73c": 17, "0DuFujGCswU": 25, "fqXm8MCWfbA": 17, "c9THt-uJRTU": 2, "_HS0UOQjU5w": 16, "awq90APEVgw": 10, "KbgKbMk5Q3o": 25, "l1vnsqbnAkk": 21, "bvLaTupw-hk": 33, "54WiJFln6I0": 25, "gg8P9fM3G8k": 21, "HZu1cTg-xUM": 26, "-44_igsZtgU": 26, "OqHDg-DGWsM": 22, "WdKHNZS3cy0": 37, "E3h-T3KQNxU": 26, "xRtVNIqwUS4": 2, "OX98015fQFI": 10, "-zXKJMml0s8": 18, "FXP9jlpcRaI": 19, "Lhozndg5VSE": 10, "dgTrzCMFg9c": 1, "uQeh2G161Bo": 21, "8ZO-7pL_MrM": 9, "uvMvIVd3S7A": 9, "5HoQ-HblRG8": 17, "Ypcm9B6o7pA": 30, "ZjNRXfRXnoc": 22, "UlRWeauFduc": 12, "VYp1s6AwuRQ": 9, "H02iwWCrXew": 9, "W3-9CKP-PhY": 23, "fylVXsXr5Jk": 12, "wToxrHzVpxU": 9, "xLhJIFC8xkY": 10, "t8APOFub0Pc": 19, "jnvgq8STMGM": 26, "iuubaXDeXh0": 8, "tWeE2-X7wn0": 17, "cLTgxDkJRN0": 7, "cN9OKXtzHtE": 12, "O3ax2tmczi8": 8, "OWZ6xtVLmzA": 5, "qfZ7o3dIJYE": 9, "lnuCDXMoZd4": 8, "YjMgUanz6h0": 19, "uLg4kDAGZuw": 1, "-7rgfoEEFmk": 1, "nosXM4KdAac": 10, "ysgwcKNdWg0": 19, "bGJSEEx2pXc": 8, "Dd_GSSQQGNY": 2, "2fQUYCPe3Cs": 1, "FuKGC1djld0": 3, "3DYUUdkFQl0": 17, "ohRN3yG4TEI": 9, "tWDprSdH2xQ": 27, "oSFnotAmcoA": 11, "nMzdAZ3TjCA": 19, "bATzbhGbjiM": 12, "axAmED7lqe4": 9, "wvmnRLFYIIU": 21, "Jr4gOCh_4Pw": 9, "kUJjvwkcWcg": 2, "K_-GdDx2TzE": 18, "2ywv_JCyolU": 1, "6bJOIqVAD-s": 1, "9n0w7F5hGYM": 27, "WF_HqZrrx0c": 19, "Ak4hpFbIbfo": 1, "yQUN7QAnMp0": 21, "9Sn8H42FZcI": 17, "kcrO-lf345o": 26, "zSM6sAtyvyg": 20, "wtaXjzQQGE8": 9, "bJafiCKliA8": 10, "FlWfmhyulg4": 12, "4naT8ckkj5Y": 19, "O9sgllm_Bhc": 9, "pR236CYNZfg": 8, "E71sKFD-spQ": 28, "xhVCOdS9mXo": 9, "0xyNNlU4ct8": 8, "XG0_olXLkKg": 10, "FV7ee0Cyzwg": 21, "l1gZkf_-UyI": 8, "VMjRSnokms8": 1, "DyO-z_7Ip9c": 2, "Sia6jCXUraM": 28, "7scG09FPwKM": 6, "v1HMR9nRmlY": 19, "jVADtFaZgQE": 25, "7JUExZaSNKA": 21, "HbTs3TLo414": 27, "KShkhIXdf1Y": 18, "NoOqyH03p3Q": 21, "7b5CKSqlz60": 9, "Vn2ZyRUZ4-s": 27, "FqhFUbtpiB4": 19, "MrXtSMzjhMQ": 4, "y5LAwk4cVjU": 15, "V_DT-mg_3IA": 10, "aaZnRfrrunA": 10, "4KKgR5YWmYg": 21, "fRtPDHtlf_A": 18, "ohp_nmI_TFA": 9, "9dgQ6AUYWCU": 8, "yZ1XM9LwS64": 17, "0yA98MujNeM": 4, "FhfcdqMTtU4": 1, "eySoKn9U5s4": 17, "OB6r2Wi0E98": 16, "lvBCvA1LE8o": 8, "NTYtw7NDm9o": 1, "CDM1FPFxbVk": 19, "g0ha6Mb5_YQ": 21, "P3IjDZWcsTE": 17, "ZEKqLxtjwDQ": 6, "_UKLncvGxQ8": 1, "Jn4B1gjHug0": 8, "64KZVm0kWnc": 17, "cw6x80Qdzak": 21, "up-FKa0aEuI": 36, "mz0N-jVrRWU": 34, "rt7JZSrDJA8": 35, "wvWHNkLSDkg": 19, "R-hl57xTLE8": 21, "LagGSTiSnto": 32, "LxK743gc0PI": 18, "7is6r6zXFDc": 22, "ZZUyZmYbfbY": 21, "sAhHHpzXOI8": 15, "pSe40tX-oTA": 35, "D5MLutafypY": 3, "s6rrXuFM9TI": 26, "XVLBEsG0MH4": 21, "NQhwNtY3N2k": 18, "_hnOCUkbix0": 10, "uA-_HGiV6eM": 27, "lOGdCg61QoE": 3, "FCOlOcMk8XI": 21, "PcFtcoo0ic4": 1, "3k3HkjXcduA": 9, "zFubzSu2AOE": 2, "AZ56zUxpXes": 26, "hi5TfqXrplM": 7, "owGykVbfgUE": 17, "4okCm_f1YMs": 9, "0rFt8QE4lkQ": 16, "urkrB7gNwMI": 8, "CtWirGxV7Q8": 33, "Z8yW5cyXXRc": 8, "8uO5PAD_CYA": 13, "VyLXZ2GQS7Y": 26, "4pcO7_S2WQs": 17, "Ti6saRaKJYM": 10, "FHDKHKixKdY": 34, "3JsyhaGHq_E": 9, "ZcgzoGU141o": 18, "U-knPQ9H_pg": 17, "JqfCxPdrv1U": 21, "a2RY14Zqdvw": 26, "I9Bv1J0wK3k": 10, "EHu2hoc9ulE": 18, "PHLxK2QKZ4Q": 22, "PqyiFtLnKkc": 2, "wrIZnC8q7RQ": 11, "F_M7zOew2Pc": 6, "MQfikxbS4zE": 8, "a05vigJA4SY": 21, "WA1h9h7-_Z4": 6, "4JhzwNuo75M": 9, "W-dbAzEERb8": 34, "sgG6uztmhA0": 5, "WTHkY42X8FI": 21, "aYnA8TCzUvc": 21, "86IpU3g-S8Q": 8, "1z-36uCr9XI": 19, "_U_4J_e6tQM": 21, "dZmuTGFusIs": 1, "Iy5jiYWuNKo": 12, "gMa5xYEMyls": 12, "sV6ITSt4jzM": 28, "rUFnH7KYMFE": 16, "GgiDBuBxl6w": 21, "laot_Eomr3s": 12, "qAGVilt3Rls": 21, "fwcYbo7pjto": 28, "1zPYW6Ipgok": 10, "5WQWX81M8R8": 9, "taMDXh7yBIA": 26, "pwF74hxbs6o": 19, "FT7lLnd_DYE": 16, "VyM9ok6Z3PY": 9, "jOd3dJUKJFI": 9, "gvEvRBeYO2M": 7, "1sElYG7LmUU": 19, "UQtqa5F88LM": 2, "QT8AiihKFR0": 17, "8QzYlBM30NA": 11, "8iHEQxJXq9I": 21, "EmzgkMsf_GQ": 26, "EbnWbdR9wSY": 12, "J2pIvg-2vEY": 19, "d6gJ6dACtqc": 21, "Ug75diEyiA0": 1, "XHSoS4p9688": 21, "btu1hCc5F_U": 32, "6_WAmt3cMdk": 12, "x7AIfMpyHtA": 1, "ck14LKBI9GM": 8, "MTx9-ohAeWo": 21, "_NJKQkQu3NI": 21, "uDCsU5wUvdQ": 19, "ZjFK3L4cvQs": 19, "yXE_p_1Squg": 1, "rCwn1NTK-50": 21, "_3sLwG1ZSBA": 27, "7-kSZsvBY-A": 17, "NX0i5rLzAP4": 23, "2f_kavukuKI": 36, "dHyPPvksUTs": 17, "Avsp_UJ3mrY": 7, "-5X2kzIDroA": 18, "lvVOtwezkXU": 26, "mxr83Vkrh00": 9, "c4LCP48QYl0": 21, "14xmGANmavI": 22, "WpByXzdMQfk": 8, "BJQfT9C5Adc": 18, "7gMZ62PsvRM": 1, "AEMuSvSiFNU": 17, "8UqZzZWZd-Y": 6, "t0EFibqP-7w": 21, "v8J1y8o3TRg": 28, "DxDsx8HfXEk": 12, "zt3Gvdu9mtM": 15, "OobrfR125uc": 26, "kjc8kOCB3_k": 19, "zv0ZPyj7S6M": 9, "n_FN7pu-huU": 24, "Zov6yho65G0": 19, "jr2gdPY-88w": 16, "SvvLsAMsOJM": 30, "UNEHhUC4UJc": 9, "fF0ZmIf7H9k": 21, "RKwaILk_VYI": 22, "ty7Fu2kIfPI": 3, "Bja2_Qclk9Q": 18, "uHskC7JRL9M": 21, "dlEbGH9HeVg": 19, "V6F2szDteSI": 3, "Wo6BkRgvYF8": 28, "Wecenw1IWHY": 27, "LD1NnIZocrM": 26, "aZSzMIFZT7Q": 26, "0b98BFCqOvQ": 10, "FmlzOh-1KJA": 37, "8EtGkNVD320": 21, "AgdqKj85jVk": 18, "zSi2QvSWkVA": 11, "64G5FfG2Xpg": 32, "USD2QsP-Rzw": 37, "Ju-ETwtYuT8": 8, "ILxjxfB4zNk": 38, "orc5fBf14vs": 10, "IDAr48u3BB0": 5, "wqT2IdFyQ5M": 30, "1Pahqq-1hp0": 8, "UDTZCgsZGeA": 6, "JJmqCKtJnxM": 6, "qeefSTrkvrk": 25, "FxZNhjkMtFE": 8, "BbdfppY2ldQ": 3, "KTJ7BPvw-Co": 8, "OON2bZdqVzs": 10, "WHdYDNs0qq4": 10, "KLlOTAE1CZM": 19, "ejMqe1WBtEQ": 21, "R2QRUN_gO74": 8, "d8E2pHgxnsU": 4, "uxtNrVVVWVo": 19, "Ed3vswxJKgI": 7, "khDdRExFF-k": 9, "dlNnjtEXyi0": 2, "rmPRHJd3uHI": 3, "Nlw1YnVW58c": 2, "SPyoiOTdHio": 6, "z1zeaOK2atg": 17, "7gPc6027rb8": 15, "kNLwH8AEa7Q": 37, "wgBz_WD-jYA": 19, "SwGrUMlagk0": 9, "dTcv5q4WfMM": 1, "TmnY_Q0YBVE": 29, "UUNIeOB0whI": 37, "kdFh8P8Ijng": 28, "OEQzJRRIXKs": 8, "GI4QhYrDQjQ": 21, "_G-PTQ2OWe4": 21, "X2cs8gnb42A": 22, "Pblj3JHF-Jo": 21, "x4amZnI_1dE": 21, "tOpsnNf9Wj0": 10, "jmCwWbAWyZ8": 25, "84lAxh2AfE8": 10, "dSi0fJq0wKI": 19, "g8qLBtTnALs": 12, "ohIH_EchYWU": 17, "5AaacAMljG8": 21, "1Yq6W7YAHM4": 36, "2OCkgMrY0U8": 37, "N60utqXf5HQ": 1, "r0lwusMxiHc": 37, "iNfChrsWlPM": 8, "APAcU3YBhYc": 21, "E3pMBPFUPFM": 26, "nnsSUqgkDwU": 15, "v_bNTCeju-A": 17, "XvjhIbEvA_w": 21, "4h0Qvc6_MfQ": 9, "DOIQ5i87-Kg": 26, "WQk6A7eDE5w": 18, "zuzaxlddWbk": 21, "V44DI0ZP8Cg": 3, "67jh16fASvI": 19, "htEtTra7rdw": 32, "1vf3U4aPiMk": 28, "AUc4wJRa9-g": 25, "KSQcPOicGiI": 12, "nfzWl8dDqwc": 26, "ty6MhpnOXC4": 26, "G3fXdPM0OrY": 3, "3RucyZiPfjw": 19, "4X4MwbVf5OA": 17, "v_AMEYsBxZA": 33, "TULVRlpsNWo": 21, "LT6n1HcJOio": 9, "23kdGfzDaCs": 7, "0UoJyED73bQ": 10, "dX_YU9zCqqA": 24, "klDDHU8HZp4": 3, "UNabu9daJUc": 19, "e60aAnThrvU": 6, "GTaUku9cy-8": 11, "bHwLgwBd6k0": 3, "7fF8uIRdfYE": 24, "ojqMGlqYHPg": 1, "jt32In8YzZ0": 13, "fk_YSO0py7s": 36, "qPIj0KJc7kI": 12, "6i-nMWgBUp0": 21, "yP4A6r34Vd8": 17, "MTgeUVOxl8E": 17, "lTerDhlAEMI": 11, "ZTUt7kpM_LA": 19, "LUOJSnR9z3k": 9, "HtUeBaOzBKs": 34, "en4muUSIRT4": 1, "QPc9LhKA5C4": 21, "Jze_zGYTGxY": 21, "EOxCl1P5r4k": 15, "4kvHbFmj38w": 26, "sMnNjTARUEk": 22, "IwrstxuicZk": 27, "K8dGb3-ZCHM": 33, "8JAhnmtotIM": 22, "PkWUuTlXq2w": 9, "VF-8WR38bq4": 9, "7b8zeykara0": 21, "0O1OrTcfqBI": 21, "1TS0yS0sUaM": 28, "29VGZtnCD30": 2, "jgKyFA5i9Ng": 19, "PAjWzgYjG0M": 21, "5NYMRt59d78": 5, "BoKUmFuV7iQ": 21, "c0BCoeOf-Ys": 19, "yH3YLcQxxmA": 21, "C_8TGTKdrlY": 12, "giJxJdSuq74": 17, "AEIS7UJJFAA": 23, "bivaifVTQME": 3, "0eN9KP6lOZs": 1, "xTpv9lc_qMw": 2, "N2muWKtHCnc": 8, "FqvLcVBOhP4": 34, "intua_p4kE0": 10, "GURvHJNmGrc": 10, "9CRH-ocpJLI": 15, "PD8p6KzcL2w": 24, "LeJVNum2zwY": 17, "MX9qu69-NiM": 27, "1t7rSZT_77E": 10, "QCk54X1xYVg": 8, "_TBd-UCwVAY": 32, "sWVKynMQTTI": 25, "6FNITWjpbLM": 25, "eBDXxtnRp4Y": 2, "x4nH_YW2F1s": 25, "31pEZWaIhr0": 8, "0etzTTWyISw": 20, "kcftkEN3vmg": 15, "m8Ihwi_w_xQ": 12, "TYIeVjKlPTw": 9, "NmannAYiwh0": 4, "377kVIgBOJQ": 6, "xPY7jrcEj5Y": 17, "kqT_5f08Nxs": 1, "_oACRt-Qp-s": 1, "ie621R03ZcU": 13, "ZY0cdXr_1MA": 19, "H6JzeAHCd98": 26, "X1Uj9SPvSaQ": 8, "83nS4EGKU04": 10, "MBToS72o8gM": 18, "1I4Dpq1PQjA": 9, "2qdW7ramMr4": 10, "Hs6AebdPhSU": 1, "PdBQS8lp4xY": 10, "-g8vTq06KUI": 26, "uQereoIxioI": 26, "Es_uivijpek": 18, "SCNB1z360A0": 10, "6VEHt9cmtzI": 21, "2zfqw8nhUwA": 10, "sXAlpHSI-d0": 34, "vPETP7-UfuI": 21, "SxAqnB0NbEI": 15, "ryaGZETR97s": 2, "R4vkVHijdQk": 15, "H50wW4eAFKo": 21, "DwhTYFwfACA": 8, "psmD1DVPIrU": 26, "UwY67LYzH7Q": 16, "TNCJh9WwU6w": 25, "__CTejhHZSU": 10, "V1-qbHbuNBU": 2, "Hzgzim5m7oU": 16, "_Kmh4BbJPz8": 34, "Vz5DXIezqr4": 27, "o1BiFTk5Acw": 9, "TnXArm-NViI": 8, "GTkpq85sFO4": 20, "ULJBEQ6-NLE": 19, "NcGhLcVqxf0": 9, "iqEEQpleFJQ": 9, "T4tOvkvCvwQ": 21, "5r_KVwao1aU": 27, "nX9P6skzZNU": 11, "-c7Ca2CY6x8": 22, "p916yeFa2Xk": 33, "ThgaRoMvgXs": 13, "7pOoSe2K5DU": 3, "cvnqS95cEJ8": 18, "VMxyZQfMmM4": 19, "qyNs577d400": 13, "48zAauZBi58": 10, "jtwh3nQP5Uo": 17, "NQp0z1sbtxo": 22, "mR9UgTWUELo": 17, "oAa2O202avc": 16, "Qg0pO9VG1J8": 26, "dBRdzeC7kz4": 9, "ganRbr-WBiI": 32, "y9ajRIgTJNA": 1, "RsKcfsTznYE": 3, "yH7BaQEguYs": 12, "IKPtNDYezLY": 8, "5JLBU-QQpoo": 25, "7ae0tzVo8Fw": 10, "tZGNqFGIpiw": 27, "zSAh2YJhMNE": 6, "ENau7AkayN8": 2, "BBTtQwipT4k": 9, "oBIeme32Xwk": 7, "Y_56BQmY_e8": 34, "VrtCpjXDyqM": 7, "C1QLMHgX_VU": 10, "lNNDr1vH83Y": 8, "HZChlynmtgc": 15, "JvcH3kpEP8E": 12, "lsCvzwgNL3A": 15, "3t6bLugtJkQ": 9, "r-2Hq9QNmVE": 4, "TX8AAUOGKSg": 37, "xm4RaDWsRgE": 8, "DKAPJyFAzs8": 17, "GMovhjpIegg": 9, "cO7iCbtlcIc": 8, "eHh0bqD78b0": 1, "Qq7c7hBXlek": 1, "XyZtMfMWONI": 1, "7T3J4n_PJaI": 27, "b9zjwmDHE3Y": 27, "s2DTEADGSpw": 21, "2xwUuSM06xQ": 28, "50DKFO15np4": 25, "wKB9HRgkKRA": 36, "WIdu34kekJk": 5, "UvDs7RDKCag": 21, "hYyMMs-WO4U": 37, "L7bHdo2DJHY": 34, "KObDkEBwuTc": 8, "RwvuckZDpB0": 21, "RM2JAlPRYKE": 28, "eU17_kd-e4w": 21, "0Awzkw_73D8": 11, "gEpfTicDVUE": 17, "IDumJG4RXt8": 21, "dqxBrcgtX-A": 21, "KaxwXegbgug": 34, "jgnUqYSxflg": 10, "brq5oJFIKJ0": 21, "jlWwjUZUROA": 6, "Hv7t_zFUDBk": 21, "TosjG0E191U": 1, "eQL3EiJnXFU": 12, "HAmI1MJECZ4": 34, "O1Z91YkPatw": 9, "mqdj-MFAhi8": 16, "2BXRGzjo1_Q": 23, "cnIYtqPUlFs": 8, "_uQOchrK7NA": 12, "3FtNm9CgA6U": 34, "KuNcSp2T4Lw": 27, "M9uxiTWZLwg": 18, "1dcPHVFHCRY": 9, "-35m_mkcHnI": 15, "heV0CNzC9OI": 10, "Ue-TqmP6I_g": 21, "m58Bp6PfXss": 2, "aURA4lJSP5w": 25, "kjBGSC1ond8": 8, "TXKGIAdv0sE": 6, "odI7pQFyjso": 30, "wt9VctrBOZY": 1, "6e3z2H1O5zE": 24, "O5G4fVe1LUA": 9, "UJVlHwpS6Nw": 25, "HNo-_DEEm54": 25, "79uA-gHvw18": 8, "Ug_iluxQ1IQ": 5, "ST0cR2-JcZ0": 9, "ecV5FhZEvi4": 18, "XBXlh4E9HhU": 8, "7AuhjzxAudY": 15, "jGldy-ABbsw": 21, "pwh1INne97Q": 10, "_Gpx07V3GFM": 8, "z62vD5BDDUE": 12, "bBLd07rz5mU": 3, "UgEEcM-jYHY": 24, "uqToVzu0iTc": 17, "ou9AabR6_1w": 17, "rG8nXUY9UP4": 13, "AAs2hd9AJoE": 8, "t4Xt_XS9BJA": 8, "LPa_NGIIn0c": 29, "aF5Ipu0DIyw": 25, "a7w7CTL8VaE": 25, "CD8wwepuGas": 9, "Ghl19lJJ_mA": 9, "N_r349riLEE": 10, "t6MCn8wPR1I": 25, "pv4WZkppmTU": 9, "js6VqTldWi4": 15, "7ZbLntTvV8o": 21, "hPxZiCha6pM": 27, "I886RBjiODg": 2, "kf7lTlqb-qo": 3, "6CbQOLqZ8IA": 19, "UI_nj4NXpoQ": 26, "xlowDDEXpWw": 12, "AR-dXdnjljc": 23, "mJPYPE335KI": 5, "CDuxXjaJwbI": 19, "5sXwEoeurSo": 19, "Iyf5b3uglUc": 16, "-xK80YG33q0": 19, "UrEPJkajMSE": 23, "UmwQjuJttwk": 24, "IPme5GPdiCs": 10, "TKL_cn8vhjo": 9, "pkpX7tU3vuo": 26, "8pmw5CAc3rk": 37, "zWzsOZMrbVs": 25, "b6EBK0ujV3o": 7, "KsdD1MJXOpk": 18, "cDS53Y8q9lE": 12, "oDcb3eAAK1s": 27, "BqCXsGCggWw": 21, "BOZywMwhEIM": 9, "Yh0V68c1ybw": 3, "_GBSwxyPuaE": 33, "5U9I7QrpSkk": 9, "c-PfqVlBUuQ": 8, "8j2wmtOrzy0": 15, "MKv8XsP3huI": 28, "7w_AT2sHBss": 21, "kZnBpmZXBms": 3, "PjcNjEFtUSg": 21, "_rnKWUHi7_A": 25, "ZYpqxlkaenk": 26, "Cqs2F-lpGrA": 19, "DFM4DSJHs5w": 10, "yu9sWjnJFHU": 5, "drjhfrRFoeA": 15, "-IqXOsikgVg": 9, "xEYInUvLalQ": 6, "Oph4fcJmPBk": 9, "44e-Y08_B-0": 21, "uxJyPsmEask": 37, "mBbjL3Ktn_c": 26, "RyeDBZaxFa8": 8, "694TX2lQ7Uo": 10, "7geyX1Er1zs": 9, "l9b5jym0ig8": 19, "iZVWAfmRELE": 1, "HHA0HRjDgc8": 34, "qFTcch4BOgg": 37, "EPOcxNMzNhc": 1, "38eCsBwh344": 17, "r-m27SZUFj0": 34, "2j65DpagyhI": 8, "qq0ar8_9FSM": 18, "XEEU1nQeGNA": 6, "1dc1eKHgy_o": 9, "3RnT8kVXbHA": 26, "6uLBrg6ai0c": 10, "u06rDf-kUt0": 19, "e8374g64kCE": 8, "YGmX6m78zDM": 12, "ZbTCfuCnWCE": 21, "SaENQKoFHiQ": 19, "k7KgP_jPDwU": 21, "3Es9d1aYEHY": 19, "wN0G9qdMDYI": 2, "5YB748GUPIc": 11, "LLrTPrp-fW8": 3, "AZMSAzZ76EU": 21, "T1Scd0rNt-s": 1, "G7kYu0U-O9g": 25, "XWzNExv2nA0": 21, "lPuWWADcUbY": 10, "rSTGOyDFPrU": 3, "iKQH9wQaviw": 19, "TL4LEfRr1TI": 19, "-rMrkyMn-sY": 10, "stZFVrvPJ2Q": 21, "TRmgMe2STL0": 10, "B3NGN4t4hm4": 9, "YKD1XHDTJNs": 16, "8Z9hWVZ_BiM": 25, "7pi6BtYXD1w": 6, "Ytz3ljpYwIo": 9, "D5GBWernLHE": 9, "r1D1jI61ckY": 37, "aySEdLaEDc8": 12, "Ol7x46IpMTQ": 8, "GqnjzONrPiA": 37, "r0m0tP0nR_0": 6, "2RHEjneBRak": 28, "bdHSIquSHMw": 34, "0sNFdX66Pyo": 17, "Bl6PZDkaT1I": 10, "lsmmgFxI0Jc": 1, "dA_aAcfA9Es": 21, "OufDn0KKAH0": 4, "ud8p5t2sXOo": 34, "RpnCkBZVI6o": 19, "eLhLqDUwPok": 27, "8ciagGASro0": 10, "ZUJudM0jSPA": 25, "7bzk_XrXroI": 10, "Ei6JvK0W60I": 36, "-2L1zQkJ8UA": 10, "WxgBXJM6zJ8": 18, "miC1VZ9UVCQ": 9, "uAgxZ-l5pY8": 33, "BJDPKBNuqzE": 15, "teHGVlPT3qA": 3, "pbdzMLk9wHQ": 37, "W6nouIb9BnQ": 21, "Pu5JppruFGI": 9, "uykVxooNL70": 8, "-0wp-TLmP0A": 17, "yR0lWICH3rY": 13, "KT_155-ROy0": 18, "Gd3RBgp0CLU": 33, "alOOJiRRuz8": 24, "RGQf9dn0pDk": 9, "nVa4mlFZEmM": 9, "WREXBUZBrS8": 3, "vWv-RMV2nOE": 6, "iYhCn0jf46U": 17, "l6i-gYRAwM0": 37, "Uq3NsDX4Clo": 24, "7vMVNA8PY7A": 2, "0xYchV3KaVg": 17, "hyPKPXZvJ2E": 13, "_6rj5jisB7g": 9, "sLys8115YGo": 16, "NIB5fvxbWjg": 23, "vVaSYcRnxRQ": 3, "M2IpET_ydUg": 19, "msMehuZo3x8": 21, "sSVsUsbs1eE": 25, "-1yXdOufzKE": 25, "lDUOmY80GhU": 2, "z1rCMzkbhmc": 19, "_IYJO-Ik7Pg": 2, "YW-XHa3Q2cs": 15, "KwSurazWkh4": 17, "sbFmK4zZ9Ys": 19, "rZMkBHI0uR0": 3, "_nufc37CHso": 25, "v9ilXA1bHg8": 8, "1vtcf13zT08": 12, "hHxE2wdegms": 1, "qQYz0I5dE_A": 27, "n-XABtUQFNw": 2, "OgzDWlmyyYA": 9, "iMfTHHLbj5g": 10, "51t7y5UyVaE": 20, "7VCYBtx6h4g": 9, "r_dbSSQotZ0": 35, "MXiJBp7HK5o": 15, "UUJd2Ptfr4A": 9, "jHbCL__KKw4": 8, "UTQinvFuX3M": 27, "Xh9jAD1ofm4": 19, "8N9gSS_HRcE": 11, "w-lOJDXt7ag": 27, "CpnYLvVrA0g": 7, "Tx4SBSV9KVY": 22, "dMgiG6EmTfE": 19, "-KSKkmypTZM": 26, "K4wLg5g1xPw": 1, "isvfvNmoPYU": 6, "v4gitDm3byQ": 36, "womx9GYLVD0": 2, "8795zWhHjJs": 1, "pTdXVmgC3us": 18, "33D5iccLDK0": 6, "8sjUcp0UQI0": 25, "WSDvRkmTNA4": 12, "oirB6r0PySE": 28, "Vq8LsV8heLc": 25, "LOjETlSufwo": 12, "MOBdTP9ZB-I": 8, "eJvwxDTlue8": 15, "qLIW8JWk1RI": 36, "RxqXF9ePllU": 2, "o1tZ2QN33SI": 23, "Dip_ThFvjKI": 2, "FsofrMY5kbo": 34, "XHPamIfsT7k": 21, "YlKDu_XtG_I": 8, "F8bXFTHPK_0": 10, "vPcjTefW_Ao": 19, "byPCI7Y4paw": 9, "P-i6PlKdMug": 34, "9cLZQ_2ITLI": 8, "tkxpzXqE5ZU": 18, "Y_7WgXAlLFg": 3, "ZJMGS7l0wT8": 9, "EwrgDhck57E": 25, "-XzQcpcgCKY": 21, "7sVGB2_zARY": 18, "-iwCVXD_lA4": 22, "By0S8NpLPH4": 2, "JbsJPO-ZreM": 17, "A01uRcmyuWc": 7, "QUOqFV_v5po": 1, "OFYSUPlZmcg": 12, "oF--p4Dkv_Q": 9, "CkF1rck0hIc": 17, "eoCNG4yP3Tc": 19, "MfzNEmqeIWo": 5, "BtKw7V7hGok": 31, "sXlmF3eI9R0": 25, "CgxYSbtp9JE": 15, "2uT9fjUmm-M": 19, "Y5Io2bdZP1A": 10, "P1T_Kk0cWLk": 3, "j70ha1PUlqk": 35, "mJ-6clXHMEw": 9, "ArTzPA5AsTg": 25, "95QcBNJN984": 25, "WX3N0Rr-q-E": 32, "iYpxxHQrP_Y": 19, "Fiyy3Gc5Mes": 22, "DRQJ7_TXAPE": 9, "ujEqAi6-VGo": 7, "CxvChSSLXVk": 18, "D3J7R6WBJJc": 10, "FZA37-7bw6o": 21, "0OOz0ixr9MQ": 24, "oINYoy98JJo": 15, "sRv9_Q3HOmg": 1, "-AmKP9VE2Ms": 8, "tE2JZ5eQnUE": 6, "u1OmpTPffQc": 12, "IQovoot_ZUM": 8, "JqNjeNeJzuA": 8, "S_JjGZYpy7I": 19, "Cx_5i5rWVE0": 10, "R50jeoI8K0w": 26, "TdrE1VMxzoE": 8, "3wC7XjH-pTQ": 21, "HyRMsv3aEkM": 4, "r_X5C6e3ZeY": 26, "17j5QzF3kqE": 17, "Lvd5gy1Xqps": 8, "v8DZc2PUUq0": 1, "DH2yYPyH0VY": 3, "WEJJUGJZxpU": 3, "5fHG8U96EZA": 27, "wrAiclq3dw8": 12, "qpurHfNLY24": 8, "VbHw6bnVc5Y": 20, "ROmhkfzXNko": 1, "1xGroEzJgYs": 6, "HssUnxcw9wQ": 26, "G7BQHahjL3U": 21, "yeL--HO5-EM": 16, "2idFHFN1J9Y": 26, "bwz98athxQ8": 21, "zx_cmAIyaDQ": 27, "PccOSTr-qvA": 9, "1GvKSd5g8eA": 23, "tnJ8pPSEW6k": 10, "HEb04FxT0sg": 15, "fqiqW-QiySk": 28, "nfGldW3PnE8": 17, "rskFaiDIEwA": 31, "-ijH3cRJ1BY": 10, "eH4DkWxoVT0": 9, "8oE5guoix3w": 37, "pzJCbdgf6hs": 21, "TnHydQ94Z_Y": 34, "3LJvV4dHtHA": 1, "qGVleYQkSyM": 25, "kRyEpJaHn8U": 8, "P_o1_li9FCI": 2, "rZNiP2ufp_Q": 30, "Zpa6ttwYENs": 17, "dcNrh8FL3vE": 7, "eCSBRIkS2mI": 6, "YD7ya_NssNM": 19, "tkUHLrFyaEk": 21, "zFSs4LlRW9E": 9, "-VmCOAGhHkM": 15, "aumsEbfWnjk": 19, "JinBKqSCSac": 8, "NvEC1qZuehI": 6, "GZ3x1tMre50": 10, "mMM3Yhro508": 18, "cc-ClutaN_I": 21, "G01psD8GU-M": 7, "f8T8eWBmls0": 10, "Dzu_bpCcfuA": 15, "XwvKXU8Tnx0": 21, "DMA4o6zqw58": 8, "PoUfNATA7R8": 26, "nmwXdGm89Tk": 10, "mQDit9-z1Xw": 1, "6-BPFPwv8RQ": 8, "OfTObl7qgjM": 12, "U7pdH1cVbyY": 26, "_krbxXawoAU": 33, "6xy_lt-Z5b0": 9, "Rzu6zeLSWq8": 10, "OsN3-29ijIQ": 8, "D93S3UVU8pk": 10, "wJhU1BLVezw": 9, "bAImHu2qNEM": 26, "ujpmTe8PZUs": 3, "ks9vBiL4SkA": 19, "b8TC7zxvWBs": 20, "j1U3s8TVACA": 15, "TVqe8ieqz10": 10, "iN9hRCxwxBQ": 8, "5JuVHCJVYf4": 5, "EkMtaZ6coK4": 25, "VT9XM1SSkv0": 26, "58ldzvk0t50": 1, "eWHF6rmt1WE": 25, "h8Ek3v1RBEU": 30, "-rYZwYEpCds": 3, "Mkq_1O2iNHg": 7, "FvQ26Ik11JE": 15, "v6OEChj-UiI": 26, "aEK37MBTUPk": 15, "GHJrXqAKR78": 11, "0A_35Z4eQfg": 21, "-lmw0d6S6jU": 12, "cyVzjoj96vs": 26, "RZNFH-jH-eo": 19, "FsW2QM2oLy4": 21, "tAnlcW_ILyw": 19, "zrIe6n-ZK_E": 15, "DyMtcblMXfM": 3, "eke4s0erdgs": 25, "fiMdhT67xqA": 1, "fMxb-f3uTis": 10, "e3_OV5oODj8": 27, "7AVmI73va4g": 21, "TszuuF7cbac": 2, "wIdpxZnD_eA": 23, "X72GUu9V0aw": 17, "-NGPwtXywLk": 8, "Oh4COhEGRCU": 23, "bggFBWn7YoI": 2, "K8ddz3Bu4KI": 19, "PTXV1QRAsko": 12, "FDwlgxqaOiU": 32, "dxtVed45gVo": 30, "15nAJorLmHY": 10, "HLbNXOJ9nN4": 25, "rBPmG2lK1uY": 16, "gXlDStpJVhM": 10, "doSdHnKNtRc": 18, "ltqssfzVyrw": 34, "kHCDajKs17E": 17, "VEmQEFCBp2c": 21, "vxlUCIqbD8M": 34, "-cSFPIwMEq4": 21, "t_3oIy5jAG0": 24, "1bRja3o3Sro": 8, "6HNKqffU3Cc": 12, "L8RP9Hxw34Q": 19, "pNTu9RjThRM": 25, "RMqv_GlnyR4": 19, "7DZao4kN73M": 3, "nZjQ0H_jpsU": 23, "zuX6Qknahkg": 11, "UC9qnjOUjss": 9, "HmZm8vNHBSU": 26, "YN_eu8Jk50o": 25, "dWgLVUmW0Cc": 21, "6AOvnPY_d-U": 2, "GvzEX7uBXKY": 19, "vQYStgWhejA": 7, "-GXvYexMoZY": 21, "G1FV7dND0NY": 11, "vyeTdmBn_x0": 8, "BEoqmJ_6DVE": 23, "MV-_bqt_ePM": 18, "u1QdH6ZgJ3M": 1, "Bw0KIjIfprU": 18, "jEZMSF2jNYg": 17, "Evnaic2jP7E": 23, "N0TY3_9-Oe4": 2, "FlzMcscSa4A": 26, "mVPku-xItv8": 10, "AJYN5rdrZXo": 21, "3biYBKLNBe8": 19, "OJ0x_X0xXgU": 19, "naUzg6XAjM4": 9, "3UOGKO7tM34": 37, "2MwarUSvaLM": 26, "5CaMUfxVJVQ": 1, "gNBRxgr9zZc": 10, "N2oL_gXECtg": 10, "B0raS3U4RK0": 1, "6kYqjTA_VEg": 33, "8hDtBVP3U4Q": 26, "gJHxTUHrgdw": 17, "FhjX5ld3_v0": 20, "vmfBkVQCd-M": 9, "VSdxqIBfEAw": 15, "omjMG1JU21s": 19, "_Zgi2KNtWVY": 26, "L90XMfzURqg": 3, "r3-JcET_Rzw": 2, "nI9_BTm41MI": 33, "OhIEt5IN6GI": 19, "6tqO8iiP_70": 19, "Hi2RE2Em6Cw": 19, "hzkuTNxrqAM": 27, "sh6vqhOUX8Q": 3, "ASsZ-u9YV3c": 32, "oDdZP2Ge6TY": 25, "0Vxjh6KJi8E": 6, "Gw_a4iutD1Q": 32, "kZCbvpJ4O6c": 1, "BZ1Y2-KV1kg": 17, "yr78_7Kip3Q": 18, "M7cUYVviK50": 12, "9dxua41fAgo": 15, "krxgYqVdOG0": 10, "RzDr18UYO18": 35, "92RWz0gr1z0": 15, "jwM5_-2Z1JA": 22, "VIfRqrSjJis": 22, "RH2clfEPxAU": 17, "KsLb51xLivk": 1, "UKn_7fyB5fw": 3, "irUYwVN_AQ4": 21, "NFFLEN90aeI": 10, "F6Q_47Odm1A": 34, "A1W6Ku5bJR4": 3, "zE9wNkE820w": 3, "XKR1ScQUpcA": 1, "6uFQAqwbwSg": 8, "Plh9sAFEZJw": 3, "g6krjPi4Osc": 8, "WlNH9bzju8U": 8, "puDC_XSKRes": 19, "z2q7y50zxNU": 10, "wcIhCTi_HHY": 12, "BSaBDtpts4c": 10, "obHjzVSAJQY": 11, "SXQY3A2eJc8": 8, "H_WSu29W1CQ": 1, "yhkkrkgCNkI": 16, "7Kb3rDbBWEI": 9, "ZN6NYpSZa0w": 6, "pDGxehBp3Ug": 34, "m82OKNwOeaU": 12, "9mRCi5vxrA4": 15, "mByznNYCWTY": 21, "OqiJOPXpksc": 1, "zryW3mGUsa0": 8, "BRMQ08cG4Xg": 8, "PmrTDZy3f2M": 1, "Hsufiso4mLo": 8, "Nmgice3ieZ4": 2, "4a5fS0F6LLA": 7, "lxlmA8Pr_iY": 12, "rkqehuUTQ_4": 19, "dvWGLcdI8o8": 21, "JCHm9BeCSlo": 21, "stbtl2Arkag": 10, "XqORbzbEfoM": 21, "l7IP5SV6GqQ": 17, "3mqscqDcoEY": 8, "Jv5StAv77Dg": 8, "CO0qwl5k9R4": 34, "hX1S4U33IgI": 20, "gEMUUL-Q7Io": 25, "oUMo1il7me4": 2, "JrOCJMcs7Z0": 23, "47ZZjEXcJ-U": 9, "yEH4Yum4nN4": 8, "1QA9pvLiu_s": 9, "G2Sn8z6hkT0": 9, "sqLNG9VYUcY": 12, "_BZsIY6PUPU": 3, "N6h1SMjQEog": 19, "V68UXteyuFg": 17, "dx6z-vDgz_Y": 22, "v-gwjJ_NXKU": 9, "RAxElNM-Dmg": 5, "UEVa2swtC10": 6, "mcEV4TeUxRY": 15, "XjfH8wJ0zqM": 3, "tbTHevlbdqQ": 12, "LnoumTpLMfk": 17, "8VdG8eCxors": 1, "FfezfZPw-qk": 8, "XftGMT8qDtQ": 20, "PFbeP6YqHzg": 22, "VDut1RkQP_s": 9, "eEgMjH9bVgQ": 7, "KJfX0FuB1Dg": 15, "Z4FH6w_srFQ": 8, "6oJXL398aBU": 9, "4VwxRqT3qRY": 11, "bWUIugV3AGc": 2, "znzSrhKtPbc": 12, "R9ixmH48CF8": 18, "BnQMq5wtZcg": 12, "E-MRp96TgbQ": 24, "SYF_EP4tmaY": 2, "WExHEUYou8Y": 6, "KjpVMX3wcJQ": 7, "cbtf1oyNg-8": 15, "TVETIivaXlU": 18, "6Obj5eoSpu8": 19, "-iJAbi92xeM": 3, "O8TgVKtRB28": 19, "m9j8v2jhGqk": 23, "e52TSXwj774": 10, "WkYnX_VCMP0": 21, "osB_PSneUik": 26, "csrPT9ClVUc": 1, "D5l-H3fj8Rw": 22, "dXJ8AzlsX8w": 18, "kCvF0GmiHq4": 8, "2yO4-Oh-JP4": 8, "eX4MdXF3OWI": 21, "VicXmrGCnYA": 21, "7ZvOqYVs2ao": 6, "dcTjsBMIRU0": 2, "HaYFeUhyQ9M": 3, "QR8A3T6sPzU": 10, "893HhPM_0ks": 9, "7aUTdYsZda8": 2, "z7CnMN3xi9w": 22, "GXhXsex8y9c": 5, "F9_Vz_xVjAU": 8, "we3aNazTODs": 33, "F7hwvWIK1eM": 3, "sSPP0wQslQo": 19, "cbfDGMfXimA": 6, "opNPUpLEJic": 28, "Mq0K8Q1lMgo": 17, "SfAxUpeVhCg": 34, "UzNcixxdnZs": 21, "113mRmchumY": 8, "XwdUXS94yNk": 34, "Im77qklKzm0": 21, "qoxRKfaG36Y": 8, "peUxhH5TKtY": 21, "mucuLrWHGqc": 3, "OlZqBR3yTiw": 8, "mcpgGmo8_4o": 19, "SswMzUWOiJg": 10, "axsqWbxZJGc": 10, "X9dyADHwK74": 9, "kxTo6d34mUM": 1, "vQgbLkJVgAU": 19, "fDoDUC9M0Sg": 8, "4ArXuQwjj7Q": 19, "a_FEhbdChkI": 36, "7LF0CNb6-KA": 10, "LVeBHwRbXB0": 5, "FOiY8YMJ4Q0": 12, "KdRrP1Kh9TU": 10, "i0IJqIzO_YM": 21, "QFsXJGlShTo": 6, "_OEijvTi0NE": 37, "tqVrAFFovNM": 17, "v3m8zkjquYI": 30, "pM3gfiregSQ": 18, "3bY7aOx8WHk": 12, "IlN82YoEpNo": 8, "gm6TV-sg3zc": 26, "jTNrakZWppM": 28, "7jeYZCzg8uk": 13, "7LQpRQh2KSQ": 1, "R_sX8DNJHJg": 25, "2IJtQvaK9GE": 27, "YcD3HHmKT4I": 23, "zSWES5qtht8": 10, "3iOO3uerUJY": 3, "F0yNIR6IrCg": 18, "zlulSyBI2aY": 21, "DZ0x58a_L4s": 21, "zftD8q7SnJg": 18, "vn6E0boDX3g": 6, "fKTTV-E-aLs": 2, "YCejo7c6pBs": 15, "U5NMrprbsvY": 9, "wM75ulDRkhI": 33, "UJFDaEE799M": 21, "2wNW481Y39A": 1, "wVheMazNeM4": 1, "WJiz3SD5g1M": 23, "ql7uY36-LwA": 8, "rY8MhKBZadk": 9, "utjtqCgUDnE": 18, "eFYH9kMHiIg": 17, "XCrhZswcukk": 8, "e3fv8IbnhXw": 10, "pgheNRqftos": 8, "yjno-e4WMtE": 12, "Q81bsGI-JcY": 36, "xTCrs-wSacg": 9, "xgk4J8eLRSo": 1, "TEsp-IYQaOk": 22, "1jy3Ow_edZM": 22, "Fobc_Jnx0Zs": 26, "XJdi689BqKA": 28, "WfV45T0PXQA": 3, "XYxUzUzCpqo": 2, "Tt4odad9p8c": 21, "fsE0g-8CDQo": 10, "64RHWvy_SoI": 19, "_th7oVWjrXM": 11, "O2vBJt1iG60": 3, "PE1CuvlqlmE": 21, "qSvb7o7xrxg": 25, "_6MAkLJ79LE": 21, "skedzvviBWM": 10, "CzcxM6u7ey0": 2, "I0ZqXv8KsJc": 7, "HzFdDFhenk8": 25, "9qQAn-wmUDM": 19, "hmT0WGVjT4M": 10, "lNfPcMGneb0": 8, "wJl8sIAZV-M": 17, "fbiru-km-Ps": 18, "wiixrRgysks": 2, "MixNh9L7G5M": 2, "LmSmrSm235A": 2, "moWeryJjRNM": 16, "4Or2Tanfrtk": 9, "dhwKGg4mhiY": 25, "zXhfwbjSovs": 19, "uEZBoUdS7f4": 6, "F02kgBHjBms": 21, "t9cmoT_wb0A": 8, "3jx_NcuZXac": 1, "Q49CQwAmPIk": 21, "HexTZbSIEII": 19, "LhGJvGhIzaw": 8, "prqaLhnNYIo": 27, "iSsRWJdTlFw": 10, "29GrCUTdu3A": 2, "H-V7cOestUs": 27, "wF_LJfwFsE4": 21, "tqYVWN0AUuo": 21, "sOjOznUVlKs": 21, "ib-Qiyklq-Q": 8, "WhfntLl6xx0": 2, "OfY4PyFM3uY": 12, "zeeBp2uqcKc": 24, "U6xmeqm8k7Q": 17, "eob532iEpqk": 14, "qWr8_tsG0Oo": 26, "D3KsGTIeO7A": 36, "faAZo970RA4": 1, "qi7RgBU1nlE": 26, "Sfy8UYRhmpA": 8, "nQCDPCKoKhw": 19, "GEVMkdScUZc": 1, "j28GvX5sFHg": 29, "yZdWPqpVbEk": 10, "08bkLusdaOQ": 12, "PXTagE7BtRU": 3, "NWug8UKCZxo": 13, "IvwkyXwn8vY": 22, "oVngo_slWJ4": 9, "kI-e19z0Og8": 37, "QqScHid0h-c": 2, "ENp3y6Sk8pk": 21, "1AIDh3-sGW0": 19, "1krJqn3smbI": 1, "tRnp4UPI-Qk": 26, "HRu7W935dyk": 26, "nkBBsOEY8PU": 2, "YfFlaavmqSU": 2, "3quMz-EAThw": 3, "7t2mi19DcmE": 21, "8Bc0WjTT0Ps": 6, "yGVaArcV9BE": 33, "z4-O-tLsCDo": 24, "tevkM-vPqLY": 35, "NteAPGprDJk": 21, "xDrHWtN2-C0": 9, "hmXp5nrGSwQ": 38, "dQmK1CnwOUI": 10, "2-_qRS4Li7A": 6, "oal-vBFmnRk": 33, "uIVfcqanGEU": 13, "Ggg0bsUfLBk": 18, "SZ59-omEYgc": 2, "6FSOKnW9BLI": 24, "GINmvzOpfvc": 2, "tYysQOHTimo": 21, "cwRSIRBzg-c": 19, "Vuw5g1tBrvk": 29, "gqkNPcUMffU": 21, "b-j7H71q3jE": 17, "L4t-fCKQCP4": 12, "d4gb13p2Vao": 19, "ckXUcAULF6Q": 21, "2T-AxWMZBfU": 8, "Bkcz98qXUPo": 19, "12sqXKF6Zv4": 21, "vEEWxUHKUZA": 3, "EEfdypNxAVU": 9, "_lDncgUwor4": 32, "bp67DsgTqSA": 1, "ut5qa3B9GEk": 3, "Bh3b6M4g8BA": 26, "vSROQRmdZJU": 2, "4IaDS9MpzH0": 3, "LQqyDj7RX6Y": 8, "nlpZRK2Yfd0": 8, "jjV91ZRqu-o": 2, "2k88FGifTFI": 12, "kH3JycOMCR0": 36, "X6pyDwa3nGw": 27, "C39GKOf9clo": 3, "Zk1LRs39xGE": 8, "Q5qZedMTkkE": 22, "111MTs7MGuw": 37, "xIJORBRpOPM": 37, "DED1fp04298": 27, "1QEYO2f77Qk": 11, "3zCtPnz-Bxk": 8, "z7HGLN8r84E": 9, "bKWTB682GdA": 30, "EkcRPhF2gO0": 7, "1j6YA03hm4k": 36, "4_IbqebS7hQ": 2, "vnOyMSEWNTs": 23, "a0BAU5rUQ-U": 28, "T1rZ_GuLZ6s": 8, "uww_MqZD1Tw": 27, "BEgmHJj7D2I": 34, "uhHMWLjL77U": 10, "YkruVmCZoJ8": 17, "FoGGDKV88Fg": 9, "e6o8PbAsGKA": 19, "o3f8VgQ_dqk": 21, "M5A2a56ALMc": 20, "RtETcsKfVo0": 11, "n0r3USJnZnA": 11, "wcAXkD9DjD8": 1, "Sjl5_vDfiuM": 6, "IqlrxA2Atdg": 18, "KDLIl7eP1w8": 6, "VcSBO8YAnTQ": 3, "QMqVijLB4z0": 9, "yjjb_Dy7tXg": 19, "XoVVLtkDWq4": 10, "21ivbtgqJkg": 2, "ZUG9qYTJMsI": 17, "BjWVEQGcjsU": 5, "MLk_dCtwJsY": 33, "Co1oj3o4tbE": 10, "V5JEThKxsc4": 13, "dY1ecfWT3GQ": 10, "y5Aj3mEvCa4": 10, "oFGA1IFGMU4": 15, "CUCC8D0Pq_o": 9, "f_mJmL5B47c": 17, "DvpKouRTCx0": 2, "qBRG4RkE51Q": 16, "MTUyMzR6ucQ": 9, "yZaOUpzq4Kw": 15, "2UHi7m-oWgk": 15, "SEkGHaD7ldk": 38, "sgMl-iZ3tZM": 17, "iUP3PMLdoOs": 26, "Q4uSKvXEuZc": 26, "eI8YZdejPKg": 11, "j0BDwzN4viw": 21, "gSUMLpmLV4A": 15, "rn0lwGk4u9o": 25, "dZfkSAQWz9E": 9, "CRiC9iTnlNk": 26, "3wdaADBIoH8": 2, "RaFcbOBw8bI": 17, "tLtschJxRy8": 34, "1u28Z6RM-FY": 26, "obC8w93I5HA": 26, "U-VzZQGWOqA": 37, "5DjgnckVwYE": 2, "_yl7YfEyK4Y": 6, "J5I_qRADxIo": 3, "tll-4WONtg0": 27, "TcOOfpf_YBk": 15, "NENrMgUl8JM": 25, "F_ivP4xqeZo": 6, "VU8k5iTim-I": 26, "Z76fSElJu8o": 8, "apN1ptgguzg": 26, "O8vZjrvYIsI": 21, "lJu7oFtAeZs": 25, "azDtIqe-zzE": 10, "Af1OxkFOK18": 17, "3LB9sKseRGg": 3, "1shK-j_u6LI": 1, "py5J2ucsK9Q": 21, "rFq7M1vUIgU": 2, "Y96zjf5AXUg": 19, "_RuQrkMzvf8": 9, "Owq4457dtXE": 19, "I6COwgigJ-g": 10, "-D-jpc741rw": 25, "o3GksS6WGgY": 17, "NIsvor0ID_U": 19, "WlUvQkW4B1k": 1, "idQhux3kqTw": 10, "1w1myYavVsE": 3, "rnBAIJ1mzqQ": 26, "8iXdsvgpwc8": 9, "2o1TA0PG6pA": 21, "0cP-qr1JUBI": 19, "tDIEpusrQyE": 18, "qbKXo9K59ZE": 12, "CjaChfeguhk": 29, "DdD89s1Xjtw": 1, "wKn5K5V7tRo": 9, "D0cyg74awpI": 2, "mSzGpC5Xihc": 19, "Pm4_Sj1L4b8": 10, "q8Zc3ilbkWE": 19, "WzQ6a2UKlGM": 11, "YG2nGaRCWjo": 12, "T8y7uf2LmkA": 33, "YF5O6tHcxQU": 25, "d_XTFjvvcnQ": 26, "J0HKpQyhmcA": 8, "1iAzpTqRIgY": 18, "w5NH6qXvB9c": 15, "vtP-S9OS0o0": 9, "Dk9s3SlM2Rs": 12, "zP3DcpSSH34": 33, "z6Pj5oJzYLM": 21, "DYYy8_GCdn4": 21, "Rr6qaG8RlUk": 22, "CNoivLvheUA": 33, "MQLMeywyy7g": 9, "OkT_d2OTgv0": 2, "wO7HQ4fNrpA": 33, "7vCet60rr_s": 14, "XE9DaSxwEr4": 15, "ffQf0ztguzs": 7, "g0MdXNmwxdo": 12, "Yr5ZWYRaAyw": 26, "Ao0jaXRAarQ": 9, "AHEqtl6XtOc": 8, "uCd6-MZqPZg": 37, "KtkfE_OWSzo": 3, "zR_-YIPP49U": 12, "EIv10asX7cc": 10, "VoP0tAvHcGY": 1, "G9ZvxYcPJk8": 35, "07i6PO1gP10": 26, "gbDtpeS0iaU": 3, "DiZdqp85EfI": 36, "FsiEfbIaEQU": 26, "VFYiqDh0UxE": 10, "XUDLLRI_jXo": 12, "e6Qhmdk4VNs": 33, "zeArvKw2Y-c": 13, "h61AVRe_Dd4": 17, "VZ9HkICDuOI": 10, "jAF2hZxdFRE": 27, "IM-QYuzrXC0": 18, "LwDyMlfcxwM": 9, "uDBJ2ktSZpI": 8, "oSHtuXXbig4": 19, "MF12L_uIAzU": 9, "uGlYpkQfk_0": 21, "_I1UfeCH3SY": 17, "Om5zrGo1n6c": 21, "56b09ZyLaWk": 33, "iaUcLzxMFq4": 2, "98BIu9dpwHU": 28, "-UGQp9pfU_Q": 7, "5J58i_qbQxY": 33, "AhlpVjZxutw": 21, "-oHJDSE-MEU": 28, "_VX6IOJtn7U": 23, "v3nD2ySQugQ": 10, "eZgD89VYkVc": 3, "zKQbsrRutvE": 1, "h7k2uwJmwxo": 10, "Q9aJBgPpgYY": 26, "MpiJtAgb918": 12, "7qRIx5t31zo": 28, "x8JRZDVq-Ho": 37, "YfkNEq1XioE": 37, "CwpNQWrD8PY": 1, "Rbrea2OXbRo": 17, "Dlf1_vuIR4I": 8, "kte8Eij3TPQ": 1, "EjQ5Yw72xtA": 2, "RdCs2K_ZEpU": 10, "KDuLZeVfYcg": 9, "tsZUuI2bSG4": 18, "KGr_KFiCX4s": 14, "GhFGH3Rj_94": 9, "315bcBoZoLw": 25, "V-GgoHaHz6s": 16, "MYSmij0407A": 7, "Avez0XmOkNY": 2, "u0DTlkN_E9c": 18, "iQuTPEYg2ow": 22, "hMa1yH5QCxk": 7, "lyknI5_Wcqs": 9, "a1gpOAYth8k": 3, "Ogf5gG3ORPk": 26, "kwcL-VP3FYc": 36, "Fj7kFvk-T7g": 9, "qCoReA4dNV0": 27, "fB9ERHjCzfI": 8, "uM0XeDzbULs": 29, "7iCXk67TIB0": 2, "elDrMzkUbHQ": 1, "l0fJnbuc1ig": 2, "daIrc6uBRkc": 21, "vVkFT2yjk0A": 16, "V_3H_Y5QUWw": 7, "tw-6rkZ1Cmw": 4, "gKqqoQ0ug-Y": 36, "zvq5rMEbNbw": 8, "bqeGxMgVOHI": 2, "Cu-qFrFMc_w": 7, "1dF9t_xQGks": 12, "vft5RNJ-U_4": 37, "7IcGYHU8WBo": 10, "TR7JApjgIGw": 25, "7T5jX_BNnb4": 21, "agI77DDECkY": 18, "hQokYC2-b2A": 6, "mm2lAWZ9Y5k": 37, "U9y9McTwNKE": 9, "mCVaLGPHqOI": 8, "Yh0nkoJgDM8": 1, "-usbQDfTIqE": 21, "D-ie_aFsfb8": 19, "IwpHyWwPWC8": 26, "SDwxwvQEdPo": 37, "cLkiyNte_U8": 19, "vRYfouuHPvs": 7, "fdB79Gb1aVE": 21, "ZlCVwarmwJM": 27, "ivLmx6ixRRc": 3, "Tbxq0IDqD04": 8, "HT666XwJR2s": 33, "UuavPx0peFc": 8, "Rjbxuv62C7I": 3, "UW4K0hKqLX8": 1, "f6cvgN0j_CY": 1, "bltuzqFTaiw": 7, "xzv8YzbhM98": 25, "Ih4VYnbm6Sw": 9, "1Sy-fftmGeI": 10, "3KyvlMJefR4": 32, "KVgijMlXMps": 19, "d6hllDE7VJg": 10, "l5tcxmnv8c8": 34, "iFNi5-hppUE": 21, "qiFQsxGUQOI": 10, "ws3PcFqBLdQ": 21, "I4kNl7cQdcU": 7, "xaZlPaj5SAg": 8, "eeVelhH-aIU": 35, "6GNGfse9ZK8": 33, "KJegaxpGBQ0": 2, "yEnxF4sPmpA": 25, "tBxMpuiBO7Q": 10, "1q8ihgBaYog": 7, "i0NloNxh4xE": 15, "JY02BTJrrOc": 9, "kPiC_fTPIbc": 19, "hE3XQXd99iw": 23, "cBoD_zRfz_4": 17, "isPm79xTzM4": 27, "Lu8To4CwPfg": 8, "DEmA_QF30GI": 29, "Hy409bgKcgE": 10, "wZMZdQzoQgo": 10, "W-2MXzendwA": 4, "yq17qH-zxKg": 18, "5hp2YS0GzCY": 28, "VHz30rlNHCc": 6, "6BB9MI_8bsE": 8, "YJeaO0trUoQ": 3, "BWTmYKKCmZk": 6, "XIDHrWQe5FQ": 12, "L4zQ_q0fbmw": 2, "M7-KYW_FgqM": 2, "3vaDzDzRH_c": 10, "8eA24a6ohjs": 17, "tTJDZ4Fl4sg": 4, "4c43WKFcn4c": 25, "rK4Bh_arF-E": 2, "lT8bG7XqnBw": 25, "JbxLsqJIdsk": 1, "9Id_r6pNsus": 37, "sRzh8uLA1tM": 26, "JTRJBpNTcHA": 23, "KfjQTkEVy3U": 6, "lCg7cL8PFKY": 9, "wuzlcAKPoDg": 2, "b_u5C749aKQ": 23, "RdPDrilMi_k": 17, "mrX3Ql31URA": 37, "KfUCkewOiBQ": 2, "YK2VZgJ4AoM": 19, "hz8ul-gmLyA": 17, "F-OgKyUuFfI": 21, "pV7-cwgRjL0": 1, "BpOvzGiheOM": 10, "8FYJKrHNeqI": 1, "hnI9nAIsSeA": 11, "nWJut7KQhI4": 36, "SPc70pG-7tY": 1, "0xQ-HyzAgRk": 25, "YRpzk1oQ5jQ": 34, "QfwhI5N95y8": 37, "KpqEGS7asds": 17, "yw0UF606mqg": 19, "enJbXlb4zqo": 3, "Q2TtdM4iI5k": 10, "IJKXCEXByp8": 10, "otR8V7rlnjA": 33, "dB2UJ5nV1VY": 3, "DPEJB-FCItk": 26, "Y-Elr5K2Vuo": 34, "-NGN4J6F_vI": 9, "CCBnUx5uMqE": 8, "92_2HbPjFdU": 15, "9VYLCP0JeIU": 8, "ZJXRdce_INo": 10, "Bw1Iwzst2bc": 21, "KnwxN24E2yY": 33, "Tjnddp_pOac": 21, "pcodyFKKdVM": 35, "Lt_OS54FFFE": 1, "3iv2NnAxVmM": 11, "U-AjA5VOZjc": 28, "XdOiF_qdQLI": 29, "5I7VtzGcgtk": 23, "a5abtmwuo1s": 15, "Kk6Bi23Q7-E": 26, "ZnbMEkpBs48": 11, "ueDjWG29Kwc": 19, "XVTo4y5e08k": 10, "iLsDZjIH7sE": 1, "zqlVUFL9hlQ": 21, "LTunhRVyREU": 5, "s0sbTLCLpgY": 15, "D0AoauuOY2w": 6, "jzj7STruKgQ": 10, "cYIN-b8qjmo": 6, "qKiQA5e-fPg": 18, "LSZPNwZex9s": 27, "Q-0MP0Ql4II": 1, "hxW2qrzciIA": 35, "QhOXx3JRlMM": 36, "JWMM7HPeTHQ": 2, "uw08j-yOfcE": 27, "l0GS1EQ2470": 12, "GqKXkKplELU": 2, "vAO47Lz9kxQ": 11, "qaOvHKG0Tio": 15, "be8E-_ZR2-I": 9, "iyNQr8k622c": 2, "KFQXuCexTZs": 12, "Rk9a6BodzdM": 28, "dn7u5XvupSU": 6, "PJ-JBFXh2IU": 1, "97z8WZXrCCo": 17, "WLb8AwuZ7N8": 27, "OXD8gB2OkAg": 17, "sNBdU0PwWKU": 1, "JpVULjoF7uI": 27, "XLBfHyfSD5Q": 21, "LMPKVWN8NQk": 8, "-u8ejR98KRE": 9, "ctVKoj2jZLU": 18, "8zTDbpxT8ZI": 8, "Nu5VJMv8l3k": 23, "-kVhurg5b9U": 33, "Ln8_AUCIkAw": 8, "0yQK36sOlgk": 26, "tCAY8YH0X7w": 23, "YdB4DJArCns": 19, "Dv_yS_90D3k": 17, "LVZy1FIua2M": 1, "8KuQ3nhpctA": 19, "PySuLH7NAQg": 6, "YxhJD40NaMs": 2, "eOhRcauf7tU": 17, "GF1RZ2A1cq4": 8, "a3LUeeDwLXI": 19, "GvMbfC-Z8mc": 3, "Xu25lUDJZgY": 8, "RMEEpw0oh10": 25, "_ZILy1qRZTU": 7, "79GTD0Q3-yI": 19, "CvZ3WwEEtPQ": 28, "b3F-20ld720": 8, "uoABty_zE00": 28, "xxYjJ341_Fg": 21, "i7GxI9aiiYE": 21, "rTJT3fVv1vU": 35, "Spb0bo3IT0I": 10, "-UP6DuhIc4s": 27, "BR07oZC0QHU": 21, "9HzLLF64F3U": 9, "YkyTQP27H6s": 1, "DM58BGhJ6oo": 21, "ALD72k9ZuJk": 9, "e8iwjnN8j3A": 11, "0pGgRgTnMTA": 28, "tMe3WDmxBEI": 8, "vShYYeWlgbU": 21, "0KIqDAijbS8": 2, "6mpS6V6Ucrk": 8, "5QLUr7zVBeY": 7, "zAGRVQG2dyc": 1, "42f8stXuFPQ": 1, "XXCvPwgx320": 17, "KS_6HHQ7jOA": 25, "E7QpcewlSqI": 30, "VcaT_wRwmuw": 25, "e58Lr9oRHc4": 15, "8Suu84khNGY": 30, "KYd5XMs-nVM": 18, "S71Jmw8FXm8": 26, "PbA1F8z_ppY": 8, "V32xhSMhCXE": 36, "ULL6DqJfdoE": 10, "ewcsazvpxT0": 8, "qfSVlybYNho": 8, "QZVAX69ujEU": 10, "mBwhdjaMfBA": 19, "Nv5eL4onluo": 21, "TLHP_DXmBcE": 25, "kj4vboULD4s": 19, "zl4lAX-hoqQ": 18, "FtnESCiZRnw": 21, "fQYvkhlhH4Q": 18, "5tisdEErLHA": 12, "Ccj7qX_NdJw": 27, "-DFuMqROFCQ": 8, "iZQbY4sVGDs": 9, "NySN_plfiNI": 2, "dGcIUitNlGQ": 2, "thNmEKUBG5g": 21, "UYy1GmJgFXA": 17, "SHdV_a_QAa8": 16, "5Ea5lKyWxGc": 10, "Tb-OVhtKsyA": 16, "TkHA2pf1gvc": 8, "qADLeOv4UfM": 26, "LEc-35QNaoM": 37, "TSF8EKPxPVU": 25, "g2X9Q-Xre_Q": 33, "z-zhHdk9dAU": 28, "GM2C0fiZcp8": 34, "NgMr2lyh4k8": 18, "dGef5vWiUow": 34, "QSgnWYlUtj4": 9, "3iHP5bBWFrw": 25, "NWlOtBV5zO0": 21, "b95oyhSd5ls": 25, "cv157ZIInUk": 9, "h7y6iE0aB5s": 4, "qPdSUywxbR8": 24, "qoWIPOXnGtM": 34, "9iL8pGHgBjU": 15, "rIzbZndT79s": 21, "l1vvlpJ8BEE": 6, "TyDl1yEVQ_I": 15, "KE1myHdqlWM": 10, "q0rSbR80GQk": 26, "OYolmh5LDbU": 3, "4Krky4i6Xk8": 8, "nVyYWy4dgc8": 10, "FcVno8saeZY": 2, "3iH2jJLfR0o": 26, "dt8WKBM6Tjs": 21, "bYluhQEhyeE": 19, "9go38MgZ4w8": 37, "q-xkGEW0dVA": 9, "KZEZ4-KxuL0": 18, "6dwjoUYvHs8": 12, "P8LARnyyJKI": 2, "-kwRrnS5vV4": 8, "6T2olgjnDWY": 18, "RErvLXHsKmg": 19, "pfxB5ut-KTs": 8, "LpjojQea7Lw": 3, "IiYRIhGnLiY": 15, "7Guufs3mdgg": 9, "yY7VmNv6ud8": 34, "UK9VU1aJvTI": 10, "hBwjS_4ow1Q": 19, "QKt7A_wsq_8": 2, "C6Ds54kVdlQ": 10, "yTLQBOlgkTg": 19, "bL2qqJOSw0c": 9, "WEv1DrfntZ4": 6, "E1KVn_XQlqA": 8, "c32CSBdhb-M": 10, "IhdJkFH7K38": 26, "GqrhVFrDTd8": 3, "g0u0oEUcasU": 12, "VbVa0cPAJ1g": 12, "HypgcCT1r68": 38, "0PgjcgqFYP4": 32, "9y5CFRb0FyA": 8, "mfrZmzP2ZTU": 19, "wT4DR_ae_4o": 19, "WIlPFRsseQ8": 38, "BzNhTGHgdeo": 21, "_8n3VwG1xWA": 21, "jJ2yGIYMWwo": 9, "7QBgCfKfXqQ": 36, "LI3KRcGEkZg": 27, "uVqSmJW7JFg": 18, "8M-sAPobpfY": 17, "o3zD6HbcblA": 32, "ljH1f7ESmUU": 12, "DkJ2tyCzyiA": 25, "sF0M_Rpv4Os": 26, "QtznmBe_T8w": 2, "qTz5jAn-XX8": 10, "4tqM0RSzQvM": 6, "ZOJCmPKaYN8": 9, "1CxQW3bzIss": 10, "a2E5J157hEo": 3, "H61Iw9OGQ-c": 3, "v5LjcaN0kuU": 19, "sjgLb0HJ3VE": 8, "Gn18qz-iVJI": 37, "pieK7b4KLL4": 8, "lVt0ZyO9ft4": 21, "8BCIOFSym9s": 3, "hNhSBhJHBls": 16, "K_PWFs6tMpM": 26, "1USbTGYv9ZM": 19, "9u9tDUHwCio": 3, "jlXRengzZoc": 19, "Jy36yeOO4ts": 21, "3hb1pYdEuLE": 35, "OGqfFQdSbIw": 10, "m4ZEEaPyeG0": 21, "PUEI7mm8M7Q": 10, "d_MreRQ7_-w": 21, "e0vyx9sa99E": 6, "wczdECcwRw0": 21, "6xYCsZW07o4": 21, "_anNRzbAQQ8": 37, "c6PPa6sg20E": 8, "2gHeBVyqJRo": 10, "ORHnJ1K6mGc": 5, "kC43BDxrNhI": 6, "fHV2iN0TmMA": 21, "FFsL8JBVWm4": 25, "B8--HRraGck": 8, "LHt7msyiLsY": 6, "p0qYO0ZbdUo": 21, "8IkS1oXvhVM": 10, "zgDqAfSvWEA": 9, "DoXRMooXv0c": 2, "2eXbSwaVcVs": 12, "K45m79fEyz8": 18, "XQ-NXWecM94": 1, "ttvHDYgEs94": 9, "fLCEd8xk1BE": 9, "rdcLg35QMs0": 8, "u_R5j1B_jOg": 12, "ZXXXTD2iKUU": 5, "9NYu9STVm-I": 37, "4tZKhJBLu_A": 23, "NeXMxuNNlE8": 10, "JYu3LjgnT9s": 2, "-W3yiAPR6g4": 9, "m064aD_kH40": 24, "UTjDWkaR6ZQ": 11, "hIqC9IYMUOU": 19, "D5H1A7-6E_U": 10}